/*
SQLyog Community v11.52 (32 bit)
MySQL - 5.5.34 : Database - currimap
*********************************************************************
*/

/*!40101 SET NAMES utf8 */;

/*!40101 SET SQL_MODE=''*/;

/*!40014 SET @OLD_UNIQUE_CHECKS=@@UNIQUE_CHECKS, UNIQUE_CHECKS=0 */;
/*!40014 SET @OLD_FOREIGN_KEY_CHECKS=@@FOREIGN_KEY_CHECKS, FOREIGN_KEY_CHECKS=0 */;
/*!40101 SET @OLD_SQL_MODE=@@SQL_MODE, SQL_MODE='NO_AUTO_VALUE_ON_ZERO' */;
/*!40111 SET @OLD_SQL_NOTES=@@SQL_NOTES, SQL_NOTES=0 */;
CREATE DATABASE /*!32312 IF NOT EXISTS*/`currimap` /*!40100 DEFAULT CHARACTER SET latin1 */;

USE `currimap`;

/*Table structure for table `answer_option` */

DROP TABLE IF EXISTS `answer_option`;

CREATE TABLE `answer_option` (
  `id` int(11) NOT NULL AUTO_INCREMENT,
  `answer_set_id` int(11) NOT NULL,
  `display` varchar(150) DEFAULT NULL,
  `value` varchar(100) DEFAULT NULL,
  `display_index` int(11) NOT NULL,
  PRIMARY KEY (`id`),
  KEY `PK_answer_option` (`id`),
  KEY `fk_answer_option_answer_set` (`answer_set_id`),
  CONSTRAINT `fk_answer_option_answer_set` FOREIGN KEY (`answer_set_id`) REFERENCES `answer_set` (`id`)
) ENGINE=InnoDB AUTO_INCREMENT=17 DEFAULT CHARSET=utf8;

/*Data for the table `answer_option` */

insert  into `answer_option`(`id`,`answer_set_id`,`display`,`value`,`display_index`) values (1,1,'about 10 minutes','10',1),(2,1,'about 30 minutes','30',3),(3,1,'about an hour','60',4),(4,1,'more than an hour','100',5),(5,1,'about 20 minutes','20',2),(7,2,'Not at all','0',1),(8,2,'Somewhat','1',2),(9,2,'Often','2',3),(10,2,'Extensively','3',4),(11,3,'none','0',1),(12,3,'Level 1 (Prescribed Research) Highly structured directions and modelling from educator prompt student research','1',2),(13,3,'Level 2 (Bounded Research) Boundaries set by and limited directions from educator channel student research','2',3),(14,3,'Level 3 (Scaffolded Research) Scaffolds placed by educator shape student independent research','3',4),(15,3,'Level 4 (Student-initiated Research) Students initiate the research and this is guided by the educator','4',5),(16,3,'Level 5 (Open Research) Students research within self-determined guidelines that are in accord with discipline or context. ','5',6);

/*Table structure for table `answer_set` */

DROP TABLE IF EXISTS `answer_set`;

CREATE TABLE `answer_set` (
  `id` int(11) NOT NULL AUTO_INCREMENT,
  `name` varchar(50) DEFAULT NULL,
  PRIMARY KEY (`id`),
  KEY `pk_answer_set` (`id`)
) ENGINE=InnoDB AUTO_INCREMENT=4 DEFAULT CHARSET=utf8;

/*Data for the table `answer_set` */

insert  into `answer_set`(`id`,`name`) values (1,'TimeItTook'),(2,'Emphasis'),(3,'RSDLevels');

/*Table structure for table `assessment` */

DROP TABLE IF EXISTS `assessment`;

CREATE TABLE `assessment` (
  `id` int(11) NOT NULL AUTO_INCREMENT,
  `name` varchar(100) NOT NULL,
  `description` varchar(1024) DEFAULT NULL,
  `assessment_group_id` int(11) NOT NULL DEFAULT '1',
  `display_index` int(11) DEFAULT NULL,
  PRIMARY KEY (`id`),
  KEY `PK_assessment` (`id`)
) ENGINE=InnoDB AUTO_INCREMENT=66 DEFAULT CHARSET=latin1;

/*Data for the table `assessment` */

insert  into `assessment`(`id`,`name`,`description`,`assessment_group_id`,`display_index`) values (11,'Research Papers','(may require academic references or direct student research)',1,9),(22,'Participation or engagement','(may include attendance, contribution to class discussion)',2,3),(25,'Written Assignments','(completed weekly or in a shorter time frame)',1,10),(32,'Project','(may include a larger scale assignments, reports, or productions)',1,7),(34,'Skill demonstration','(may include practice, clinical or lab skills, fine or gross motor skills)',3,4),(35,'Essay','(may include compare or contrast, provide analysis, articulate an argument or provide rationale)',1,3),(36,'Presentation','(e.g., oral presentation of information, leadership of discussion, persuasive speech)',2,4),(38,'Reflection','(may include journaling, learning logs or blogs, portfolios)',1,8),(41,'Analysis','(e.g., current event report, document analysis, case study, critique)',1,1),(42,'Performance or production','(may include artistic performances or artifacts, media products)',3,2),(44,'Oral project presentation','(e.g., larger scale assignments, reports, or productions)',2,2),(47,'Oral Exam','(e.g., demonstration of oral language skills)',2,1),(48,'Final Exam - open-ended writing','(e.g., short-answer; essay)',4,2),(49,'Final Exam - closed question','(e.g., multiple choice; matching; true/false)',4,1),(50,'Final Exam - problem solving','(e.g., math proof; computation; formula application)',4,3),(51,'Midterm, content quiz, lab exam - closed questions','(e.g., multiple choice; matching; true/false)',4,5),(52,'Midterm, content quiz, lab exam - open-ended','(e.g., short-answer; essay)',4,6),(53,'Midterm, content quiz, lab exam - problem solving','(e.g., math proof; computation; formula application)',4,7),(54,'Final Lab Exam (e.g., sample identification)','',4,4),(55,'Problem set','(e.g., assignments involving solving, deriving or applying)',3,3),(60,'Lab Report','(reports on experiment, field-based research)',1,4),(61,'Portfolio','',1,6),(63,'Concept map','',1,2),(64,'Authentic Assessment','(applying knowledge and skills to real-world challenges; direct evidence)',3,1),(65,'Logbook','',1,5);

/*Table structure for table `assessment_feedback_option` */

DROP TABLE IF EXISTS `assessment_feedback_option`;

CREATE TABLE `assessment_feedback_option` (
  `id` int(11) NOT NULL AUTO_INCREMENT,
  `name` varchar(100) NOT NULL,
  `display_index` int(11) NOT NULL,
  `assessment_feedback_option_type_id` int(11) DEFAULT NULL,
  PRIMARY KEY (`id`),
  KEY `PK_assessment_feedback_option` (`id`),
  KEY `fk_assessment_feedback_option_option_type` (`assessment_feedback_option_type_id`),
  CONSTRAINT `fk_assessment_feedback_option_option_type` FOREIGN KEY (`assessment_feedback_option_type_id`) REFERENCES `assessment_feedback_option_type` (`id`)
) ENGINE=InnoDB AUTO_INCREMENT=33 DEFAULT CHARSET=latin1;

/*Data for the table `assessment_feedback_option` */

insert  into `assessment_feedback_option`(`id`,`name`,`display_index`,`assessment_feedback_option_type_id`) values (1,'within a week of due date',3,1),(2,'ongoing',2,1),(3,'after end of classes (before final)',6,1),(4,'after final',7,1),(5,'you(instructor)',1,2),(6,'other students (peer)',2,2),(7,'self (the student)',3,2),(8,'teaching assistant',4,2),(9,'not applicable',1,3),(10,'yes',2,3),(11,'no',3,3),(12,'not applicable',1,4),(13,'yes',2,4),(14,'no',3,4),(15,'upon request',4,4),(16,'Recall/Awareness',1,5),(17,'Practice or Synthesize',2,5),(18,'Apply',3,5),(19,'On their own',1,6),(20,'With others',2,6),(21,'Students were given the option to work alone or with others',3,6),(22,'clinical or practicum supervisor',5,2),(23,'never',1,1),(24,'Knowledge',1,7),(25,'Skills',2,7),(26,'Values/Attitudes',3,7),(27,'within two weeks of due date',4,1),(28,'within one month of due date',5,1),(29,'Knowledge & Skills',4,7),(30,'Knowledge & Values/Attitudes',5,7),(31,'Skills & Values/Attitudes',6,7),(32,'Knowledge, Skills & Values/Attitudes',7,7);

/*Table structure for table `assessment_feedback_option_type` */

DROP TABLE IF EXISTS `assessment_feedback_option_type`;

CREATE TABLE `assessment_feedback_option_type` (
  `id` int(11) NOT NULL AUTO_INCREMENT,
  `question` varchar(300) NOT NULL,
  `display_index` int(11) NOT NULL,
  `question_type` varchar(20) DEFAULT NULL,
  PRIMARY KEY (`id`),
  KEY `PK_assessment_feedback_option_type` (`id`)
) ENGINE=InnoDB AUTO_INCREMENT=8 DEFAULT CHARSET=latin1;

/*Data for the table `assessment_feedback_option_type` */

insert  into `assessment_feedback_option_type`(`id`,`question`,`display_index`,`question_type`) values (1,'When did student receive feedback on this?',6,'select'),(2,'Who provided feedback? (select all that apply)',7,'checkbox'),(3,'Students were required to submit a draft or proposal for this?',5,'radio'),(4,'Students had the opportunity to receive feedback prior to due date?',4,'radio'),(5,'What is the level of engagement?',3,'checkbox'),(6,'Students completed this assignment:',1,'select'),(7,'Select the learning domain(s) that best describe(s) this learning outcome',2,'select');

/*Table structure for table `assessment_group` */

DROP TABLE IF EXISTS `assessment_group`;

CREATE TABLE `assessment_group` (
  `id` int(11) NOT NULL AUTO_INCREMENT,
  `name` varchar(100) NOT NULL,
  `display_index` int(11) DEFAULT NULL,
  `short_name` varchar(50) DEFAULT NULL,
  PRIMARY KEY (`id`),
  KEY `PK_assessment_group` (`id`)
) ENGINE=InnoDB AUTO_INCREMENT=5 DEFAULT CHARSET=latin1;

/*Data for the table `assessment_group` */

insert  into `assessment_group`(`id`,`name`,`display_index`,`short_name`) values (1,'Predominantly a written format that you then assess',2,'Writing'),(2,'Predominantly an oral format for assessment',3,'Speaking'),(3,'Predominantly a demonstration of ability',4,'Demonstrating/performing'),(4,'Midterm, Exams and Tests',1,'Test');

/*Table structure for table `assessment_time_option` */

DROP TABLE IF EXISTS `assessment_time_option`;

CREATE TABLE `assessment_time_option` (
  `id` int(11) NOT NULL AUTO_INCREMENT,
  `name` varchar(100) NOT NULL,
  `display_index` int(11) NOT NULL,
  `time_period` varchar(1) DEFAULT NULL,
  PRIMARY KEY (`id`),
  KEY `PK_assessment_time_options` (`id`)
) ENGINE=InnoDB AUTO_INCREMENT=12 DEFAULT CHARSET=latin1;

/*Data for the table `assessment_time_option` */

insert  into `assessment_time_option`(`id`,`name`,`display_index`,`time_period`) values (3,'during first half',1,'Y'),(4,'at middle of term',2,'N'),(7,'during second half',3,'Y'),(8,'last 2 weeks of classes',4,'N'),(9,'after end of classes (before final)',5,'N'),(10,'ongoing',7,'O'),(11,'final exam period',6,'N');

/*Table structure for table `characteristic` */

DROP TABLE IF EXISTS `characteristic`;

CREATE TABLE `characteristic` (
  `id` int(11) NOT NULL AUTO_INCREMENT,
  `name` varchar(100) NOT NULL,
  `description` varchar(1024) DEFAULT NULL,
  `display_index` int(11) NOT NULL,
  `Characteristic_type_id` int(11) NOT NULL,
  PRIMARY KEY (`id`),
  KEY `PK_Characteristic` (`id`),
  KEY `fk_Characteristic` (`Characteristic_type_id`),
  CONSTRAINT `fk_Characteristic` FOREIGN KEY (`Characteristic_type_id`) REFERENCES `characteristic_type` (`id`)
) ENGINE=InnoDB AUTO_INCREMENT=50 DEFAULT CHARSET=latin1;

/*Data for the table `characteristic` */

insert  into `characteristic`(`id`,`name`,`description`,`display_index`,`Characteristic_type_id`) values (1,'Knowledge','Knowledge',1,1),(2,'Skills','Skills',2,1),(3,'Values/Attitudes','',3,1),(4,'Remember','Recall from memory.',1,2),(5,'Understand','Understand the concept',2,2),(6,'Apply','Apply the knowledge',3,2),(7,'Analyse/Evaluate/Create','',4,2),(10,'Recall / Awareness','',1,4),(11,'Practice or synthesize ','',2,4),(12,'Apply','',3,4),(32,'Self directed learning','',1,8),(33,'Social Agency','',2,8),(34,'Authentic Assessment','',3,8),(35,'Scaffolded experiences','',4,8),(36,'Introductory','',1,9),(37,'Intermediate','',2,9),(38,'Advanced','',3,9),(40,'Negligible','',1,10),(41,'Moderate','',2,10),(42,'Extensive','',3,10),(43,'Knowledge & Skills','',4,1),(44,'Knowledge & Values/Attitudes','',5,1),(45,'Skills & Values/Attitudes','',6,1),(46,'Knowledge, Skills & Values/Attitudes','',7,1),(47,'Extensively','',3,12),(48,'Not at all','',1,12),(49,'Somewhat','',2,12);

/*Table structure for table `characteristic_type` */

DROP TABLE IF EXISTS `characteristic_type`;

CREATE TABLE `characteristic_type` (
  `id` int(11) NOT NULL AUTO_INCREMENT,
  `name` varchar(100) NOT NULL,
  `value_type` varchar(30) NOT NULL,
  `question_display` varchar(200) DEFAULT NULL,
  `short_display` varchar(32) DEFAULT NULL,
  PRIMARY KEY (`id`),
  KEY `PK_Characteristic_type` (`id`)
) ENGINE=InnoDB AUTO_INCREMENT=14 DEFAULT CHARSET=latin1;

/*Data for the table `characteristic_type` */

insert  into `characteristic_type`(`id`,`name`,`value_type`,`question_display`,`short_display`) values (1,'Learning Domain','String','Select the learning domain(s) that best describe(s) this learning outcome:','Learning Domain'),(2,'Bloom\'s taxonomy','String','Under what Bloom\'s taxonomy category does this fit best ?','Bloom\'s'),(4,'Levels of Engagement with Concept/Indicator','String','What is the level of engagement?','Engagement'),(8,'Authentic Learning','String','What type of authentic learning does this relate to?','Authentic Learning'),(9,'Depth','String','The level of depth at which this outcome is addressed:','Depth'),(10,'Emphasis','String','The extent of instructional emphasis placed on this outcome:','Emphasis'),(12,'Ways of knowing: Indigenous knowledge','String','To what extent is Indigenous content, perspectives and/or ways of knowing embedded in this learning outcome?','default short value'),(13,'test','NOT SET','No Question set yet','default short value');

/*Table structure for table `contribution_option_value` */

DROP TABLE IF EXISTS `contribution_option_value`;

CREATE TABLE `contribution_option_value` (
  `id` int(11) NOT NULL AUTO_INCREMENT,
  `name` varchar(100) NOT NULL,
  `display_index` int(11) NOT NULL,
  `calculation_value` int(11) DEFAULT NULL,
  PRIMARY KEY (`id`),
  KEY `pk_contribution_option_values` (`id`)
) ENGINE=InnoDB AUTO_INCREMENT=6 DEFAULT CHARSET=latin1;

/*Data for the table `contribution_option_value` */

insert  into `contribution_option_value`(`id`,`name`,`display_index`,`calculation_value`) values (1,'negligible',2,1),(2,'moderate',3,2),(3,'extensive',4,3),(5,'not at all',1,0);

/*Table structure for table `course` */

DROP TABLE IF EXISTS `course`;

CREATE TABLE `course` (
  `id` int(11) NOT NULL AUTO_INCREMENT,
  `subject` varchar(10) NOT NULL,
  `course_number` int(11) NOT NULL,
  `title` varchar(100) NOT NULL,
  `description` varchar(1024) DEFAULT NULL,
  PRIMARY KEY (`id`),
  KEY `PK_course` (`id`)
) ENGINE=InnoDB AUTO_INCREMENT=4515 DEFAULT CHARSET=latin1;

/*Data for the table `course` */

insert  into `course`(`id`,`subject`,`course_number`,`title`,`description`) values (3851,'BASK',101,'Survey of the History of Basket Weaving',''),(3852,'BASK',201,'Making Baskets with Aesthetic merit',''),(4208,'BASK',300,'advanced weaving','practical application course to demonstrate dexterity and intricate technique'),(4209,'BASK',105,'Fundamentals in Basket Weaving Technique',''),(4211,'BASK',404,'External internship in Basket Weaving',''),(4311,'BASK',303,'Contemporary weaving applications',''),(4314,'BASK',900,'Dissertation in basketweaving',''),(4391,'BASK',400,'Presentation in department seminar series',''),(4392,'BASK',202,'Structures of baskets',''),(4393,'BASK',301,'Corporate Basket Weaving',''),(4473,'BASK',499,'Honours thesis',''),(4495,'BASK',115,'Geographical dispersion of materials',''),(4496,'BASK',676,'Trial by Fire',''),(4497,'BASK',444,'seminar',''),(4498,'BIOLOGY',101,'Introductory Biology',''),(4499,'METHODS',101,'Science Methods (Test only)','Science methods course.'),(4500,'PHYSICS',101,'Introductory Physics (Test only)',''),(4501,'PHYS',330,'Teaching Physics (Cal Poly)','Designed for undergraduates considering careers in science teaching, this course introduces inquiry approaches to teaching physics incorporating insights from physics education research and the use of computer technology. Emphasis is placed on introducing pedagogical approaches to help others develop basic models of physics through experimentation, developing skills in scientific discourse and presentation, and formative and summative assessment of the learning of others.'),(4502,'PHYSICS',303,'Teaching Physics (Cal Poly)','Designed for undergraduates considering careers in science teaching, this course introduces inquiry approaches to teaching physics incorporating insights from physics education research and the use of computer technology. Emphasis is placed on introducing pedagogical approaches to help others develop basic models of physics through experimentation, developing skills in scientific discourse and presentation, and formative and summative assessment of the learning of others.'),(4503,'EDUCATION',424,'Organizing and Teaching Science (Cal Poly)','Techniques, aims and objectives in the teaching of physical and life sciences at the secondary level. Selection and organization of teaching material, including strategies for English language learners (ELL) and special needs students. Evaluation of results.'),(4504,'PHYS',302,'Classical Mechanics I (Cal Poly)','Laws of motion, kinematics and dynamics of a particle. Use of numerical methods for solving problems. Work and energy. Linear and angular momentum. Lagrange\'s and Hamilton\'s equations and the calculus of variations. Newton\'s Law of gravity, Kepler\'s laws of orbital motion, and central force problems.'),(4505,'PSC',424,'Organizing and Teaching Science (Cal Poly)','Techniques, aims and objectives in the teaching of physical and life sciences at the secondary level. Selection and organization of teaching material, including strategies for English language learners (ELL) and special needs students. Evaluation of results.'),(4506,'PSC',103,'The Physical Environment: Earth (Cal Poly)','Introduction to the basic principles of the earth sciences, and applications of these principles in modern society. Structure and formation of the Earth, earthquakes, weather, and oceanography. 3 lectures, 1 laboratory.'),(4507,'MATH',131,'Calculus I',''),(4508,'GEOL',106,'Environmental Geology (UNL)','Introductory-level course that satisfies the college\'s core requirement for science; most students who enroll are non-science majors'),(4509,'UGIS',188,'Research Methods for Science and Mathematics K-12 Teachers (Berkeley)','Students undertake several in-depth research projects to develop methods for engaging in authentic research in the science or mathematics content area related to their major. Interactive lectures and labs are designed to meet the needs of future teachers by practicing specific techniques-including statistics, mathematical modeling, and scientific writing-needed to address scientific questions so that they may guide their future K-12 students to develop skills in problem solving and research.'),(4510,'UGIS',187,'Project Based Instruction (Berkeley)','Framed around the environmental science topic of sustainability, the course engages students from different math, science, and engineering majors in the process of applying the content knowledge from their discipline to build project-based curricula for presentation as part of a 45-hour field placement in a local high school classroom. Students develop pedagogical content knowledge and relate teaching theory to practice through readings, classroom activities, discussion, lesson planning, and field observations.'),(4511,'MCDB',1030,'Molecules, Plagues and People (Boulder)','non-majors intro to biology; explores human relationships with microbes and the immune system'),(4512,'MCDB',1041,'Human Genetics (Boulder)','non-majors intro to genetics from human perspective'),(4513,'EDUC',414,'Curriculum and Inquiry in Public Schools','Principles, methods and practices of organizing curriculum, instruction, and assessment for secondary subject area content, with an emphasis on backward design in curriculum development and assessment.'),(4514,'ASTR',301,'The Solar System','Quantitative and descriptive properties of the Solar System including the physics of the planets, their satellites, comets and interplanetary media. Possible origins of the Solar System. 3 lecture');

/*Table structure for table `course_attribute` */

DROP TABLE IF EXISTS `course_attribute`;

CREATE TABLE `course_attribute` (
  `id` int(11) NOT NULL AUTO_INCREMENT,
  `name` varchar(50) NOT NULL,
  `organization_id` int(11) DEFAULT NULL,
  PRIMARY KEY (`id`),
  KEY `pk_course_attribute` (`id`),
  KEY `fk_course_attribute_organization` (`organization_id`),
  CONSTRAINT `fk_course_attribute_organization` FOREIGN KEY (`organization_id`) REFERENCES `organization` (`id`)
) ENGINE=InnoDB AUTO_INCREMENT=12 DEFAULT CHARSET=latin1;

/*Data for the table `course_attribute` */

insert  into `course_attribute`(`id`,`name`,`organization_id`) values (2,'Natural Science',12),(3,'Math',12),(4,'Complementary Studies',12),(5,'Engineering Science',12),(6,'Engineering Design',12),(7,'Natural Science',19),(8,'Math',19),(9,'Complementary Studies',19),(10,'Engineering Science',19),(11,'Engineering Design',19);

/*Table structure for table `course_attribute_value` */

DROP TABLE IF EXISTS `course_attribute_value`;

CREATE TABLE `course_attribute_value` (
  `id` int(11) NOT NULL AUTO_INCREMENT,
  `course_id` int(11) NOT NULL,
  `course_attribute_id` int(11) NOT NULL,
  `value` varchar(50) NOT NULL,
  PRIMARY KEY (`id`),
  KEY `pk_course_attribute_value` (`id`),
  KEY `fk_course_attribute_value_attr` (`course_attribute_id`),
  KEY `fk_course_attribute_value_course` (`course_id`),
  CONSTRAINT `fk_course_attribute_value_attr` FOREIGN KEY (`course_attribute_id`) REFERENCES `course_attribute` (`id`),
  CONSTRAINT `fk_course_attribute_value_course` FOREIGN KEY (`course_id`) REFERENCES `course` (`id`)
) ENGINE=InnoDB DEFAULT CHARSET=latin1;

/*Data for the table `course_attribute_value` */

/*Table structure for table `course_classification` */

DROP TABLE IF EXISTS `course_classification`;

CREATE TABLE `course_classification` (
  `id` int(11) NOT NULL AUTO_INCREMENT,
  `name` varchar(100) NOT NULL,
  `description` varchar(1024) DEFAULT NULL,
  `display_index` int(2) NOT NULL DEFAULT '1',
  PRIMARY KEY (`id`),
  KEY `PK_course_classification` (`id`)
) ENGINE=InnoDB AUTO_INCREMENT=5 DEFAULT CHARSET=latin1;

/*Data for the table `course_classification` */

insert  into `course_classification`(`id`,`name`,`description`,`display_index`) values (1,'Required','This courses is a requirement for the program',1),(2,'an Elective','This courses is an optional component for the program',4),(3,'depends on specialization','This course could be required, it would depend on their specialization',3),(4,'recommended','This course is recommended for the program',2);

/*Table structure for table `course_offering` */

DROP TABLE IF EXISTS `course_offering`;

CREATE TABLE `course_offering` (
  `id` int(11) NOT NULL AUTO_INCREMENT,
  `course_id` int(11) NOT NULL,
  `term` varchar(6) NOT NULL,
  `section_number` varchar(4) DEFAULT NULL,
  `medium` varchar(20) DEFAULT NULL,
  `num_students` int(11) DEFAULT NULL,
  `comments` text,
  `time_it_took_id` int(11) DEFAULT NULL,
  `teaching_comment` text,
  `outcome_comment` text,
  `contribution_comment` text,
  PRIMARY KEY (`id`),
  KEY `PK_course_offering` (`id`),
  KEY `fk_course_offering_course` (`course_id`),
  CONSTRAINT `fk_course_offering_course` FOREIGN KEY (`course_id`) REFERENCES `course` (`id`)
) ENGINE=InnoDB AUTO_INCREMENT=52478 DEFAULT CHARSET=latin1;

/*Data for the table `course_offering` */

insert  into `course_offering`(`id`,`course_id`,`term`,`section_number`,`medium`,`num_students`,`comments`,`time_it_took_id`,`teaching_comment`,`outcome_comment`,`contribution_comment`) values (13691,3851,'201109','01','Face to face',0,NULL,NULL,NULL,NULL,NULL),(13692,3852,'201109','01','Face to face',0,NULL,NULL,NULL,NULL,NULL),(31993,3851,'201209','01','Face to face',0,NULL,NULL,NULL,NULL,NULL),(31995,3851,'201209','02','Blended',0,NULL,NULL,NULL,NULL,NULL),(40180,3851,'201109','06','Face to face',0,NULL,2,'',NULL,NULL),(40181,4211,'201109','01','Face to face',0,NULL,NULL,NULL,NULL,NULL),(40182,3851,'201109','05','Face to face',0,NULL,NULL,NULL,NULL,NULL),(40183,4209,'201109','01','Face to face',0,NULL,NULL,NULL,NULL,NULL),(40185,3852,'201109','02','Face to face',0,NULL,NULL,NULL,NULL,NULL),(40187,3851,'201109','02','Face to face',0,NULL,NULL,NULL,NULL,NULL),(40188,3851,'201209','03','Face to face',0,NULL,2,NULL,NULL,NULL),(40189,4208,'201109','01','Face to face',0,'weaving is fun',1,NULL,NULL,NULL),(46098,4393,'201301','01','Face to face',0,NULL,NULL,NULL,NULL,NULL),(52423,4209,'201109','02','Face to face',0,NULL,NULL,NULL,NULL,NULL),(52425,4209,'201301','03','Face to face',0,NULL,1,'this is my course ',NULL,NULL),(52426,3851,'201209','04','Face to face',0,NULL,NULL,NULL,NULL,NULL),(52429,4311,'201209','01','Face to face',0,NULL,NULL,'More information here\n',NULL,NULL),(52448,4209,'201109','11','Face to face',0,NULL,NULL,'testing\n123',NULL,NULL),(52451,4311,'201209','02','Face to face',0,NULL,NULL,NULL,NULL,NULL),(52459,3851,'201301','06','Face to face',0,NULL,NULL,'',NULL,NULL),(52461,4496,'201109','01','Face to face',0,NULL,NULL,NULL,NULL,NULL),(52462,4498,'201409','01','Face to face',0,NULL,NULL,NULL,NULL,NULL),(52463,4500,'201409','01','Face to face',0,NULL,NULL,NULL,NULL,NULL),(52464,4499,'201409','01','Face to face',0,NULL,NULL,NULL,NULL,NULL),(52465,4499,'201409','02','Face to face',0,NULL,NULL,NULL,NULL,NULL),(52466,4502,'201409','01','Face to face',0,NULL,NULL,NULL,NULL,NULL),(52467,4501,'201409','01','Face to face',0,NULL,NULL,NULL,NULL,NULL),(52468,4504,'201409','01','Face to face',0,NULL,NULL,'Modeling problem solving every class.\nStudent homework problems every week.',NULL,NULL),(52469,4505,'201409','01','Face to face',0,NULL,NULL,NULL,NULL,NULL),(52470,4506,'201409','01','Face to face',0,NULL,NULL,NULL,NULL,NULL),(52471,4508,'201409','01','Face to face',0,NULL,NULL,NULL,NULL,NULL),(52472,4510,'201409','01','Face to face',0,NULL,NULL,NULL,NULL,NULL),(52473,4509,'201409','01','Face to face',0,NULL,NULL,NULL,NULL,NULL),(52474,4511,'201409','01','Face to face',0,NULL,NULL,'In fact, I do three things about equally, and there was no option for that: direct, indirect and interactive are all used equally in my course, about 1/3 of the time each.',NULL,NULL),(52475,4512,'201409','01','Face to face',0,NULL,NULL,NULL,NULL,NULL),(52476,4513,'201409','01','Face to face',0,NULL,NULL,NULL,NULL,NULL),(52477,4514,'201409','01','Face to face',0,NULL,NULL,NULL,NULL,NULL);

/*Table structure for table `course_outcome` */

DROP TABLE IF EXISTS `course_outcome`;

CREATE TABLE `course_outcome` (
  `id` int(11) NOT NULL AUTO_INCREMENT,
  `name` varchar(400) DEFAULT NULL,
  `description` varchar(1024) DEFAULT NULL,
  `course_outcome_group_id` int(11) DEFAULT NULL,
  PRIMARY KEY (`id`),
  KEY `PK_course_outcome` (`id`),
  KEY `fk_course_outcome_course_outcome_group` (`course_outcome_group_id`),
  CONSTRAINT `fk_course_outcome_course_outcome_group` FOREIGN KEY (`course_outcome_group_id`) REFERENCES `course_outcome_group` (`id`)
) ENGINE=InnoDB AUTO_INCREMENT=1482 DEFAULT CHARSET=latin1;

/*Data for the table `course_outcome` */

insert  into `course_outcome`(`id`,`name`,`description`,`course_outcome_group_id`) values (432,'Knowing which types of wicker are good to use','',NULL),(433,'Selecting for the maximum flexibility of wicker strands','',NULL),(434,'Ability to create a small (< 10\") basket','',NULL),(435,'Develop an appreciation for the weaving of Baskets','',NULL),(465,'Participate in the collegial  profession of Basket Weavers','',NULL),(470,'select appropriate weaving materials','',NULL),(471,'select appropriate weaving materials','',NULL),(472,'select appropriate materials','',NULL),(477,'Plan patterns with colourful materials','',NULL),(478,'Understand the process of basket weaving.','',NULL),(483,'articulate 3 modes of thought about baskets','',NULL),(485,'By the end of this course the student should be able create a basket by applying the weaving skill.','',NULL),(533,'By the end of this course the students will communicate the benefits of basket weaving. ','',NULL),(534,'By the end of this course the student should be able to demonstrate their skill by weaving a basket','',NULL),(549,'recall the basic variations in patterns for baskets','',NULL),(550,'describe the differences between historic patterns','',NULL),(551,'create the proper weave technique','',NULL),(552,'weave 10 baskets in one hour','',NULL),(579,'By the end of this course the students should be able to construct  an functional basket.','',NULL),(984,'No match to a course outcome',NULL,NULL),(985,'weave','',NULL),(1187,'APA writing style knowledge ','',NULL),(1434,'Apply critical thinking skills','',NULL),(1435,'Reflection on learning experience ','',NULL),(1436,'Understand the structure and interactions of matter at the bulk scale are determined by electrical forces within and between atoms. (secondary to HS-PS2-6)','',NULL),(1437,'Ask questions that arise from careful observation of phenomena, or unexpected results, to clarify and/or seek additional information.','',NULL),(1438,'Ask questions that arise that arise from examining models or a theory, to clarify and/or seek additional information and relationships.','',NULL),(1439,'The wavelength and frequency of a wave are related to one another by the speed of travel of the wave, which depends on the type of wave and the medium through which it is passing. (HS-PS4-1)','',NULL),(1440,'test','',NULL),(1441,'Ask questions that arise from careful observation of phenomena, or unexpected results, to clarify and/or seek additional information.','',NULL),(1442,'blah blah','',NULL),(1443,'blah blah','',NULL),(1444,'Design a project based instruction lesson series containing essential PBI components and utilizing constructivist classroom activities and exercises','',NULL),(1445,'Develop and present inquiry-based lesson around school site sustainability (energy usage, water usage, school yard ecosystem, waste stream management, school transportation footprint, school indoor and outdoor air quality), set of aligned readings, and set of formative and summative assessment tools','',NULL),(1446,'Project based instruction pedagogy literature discussion leadership','',NULL),(1447,'Lesson presentation in host classroom','',NULL),(1448,'Inquiry lesson presentation in host classroom','',NULL),(1449,'1. Analyze phenotypic data and deduce patterns of inheritance from family histories.  \n','',NULL),(1450,'\n2. Describe the molecular anatomy of genes and genomes.  \n','',NULL),(1451,'3. Describe the mechanisms by which an organism\'s genome is passed on to the next generation.  \n\n','',NULL),(1452,'4. Describe the phenomenon of linkage and how it affects assortment of alleles during meiosis.  \n ','',NULL),(1453,'5. Extract information about genes, alleles, and gene functions by analyzing the progeny from genetic crosses.  \n\n','',NULL),(1454,'6. Compare different types of mutations and describe how each can affect genes and the corresponding mRNAs and proteins.  \n\n','',NULL),(1455,'7. Interpret results from molecular analyses to determine the inheritance patterns and identities of human genes that can mutate to cause disease.','',NULL),(1456,'Understand and appreciate the way genetics is done, and its impact on human society.','',NULL),(1457,'know about and be able to use different tools researchers use to solve scientific problems (i.e., experimental design, statistical analysis, etc.)','',NULL),(1458,'know about and have gained practice in communicating research (i.e., through peer-reviewed scientific literature)','',NULL),(1459,'understand how scientists and researchers develop new knowledge and insights, the most important of which are eventually presented in textbooks and taught in conventional science and mathematics classes','',NULL),(1460,'know about ways of implementing scientific practices in secondary (esp. high school) classrooms','',NULL),(1461,'Students will understand the importance of constructivist learning by experiencing and reflecting on the impact it has on them as learners and future teachers. ','',NULL),(1462,'Students will understand the importance of teacher reflection in creating and maintaining an effective environment in which all students have the opportunity to learn (Universal Design).','',NULL),(1463,'Students will design and implement constructivist based learning activities based on the needs of all of their students to: Peers through a lesson study process; Local 7th-12th grade students\n','',NULL),(1464,'Students will demonstrate an understanding that students are unique individuals and lesson plans developed in this course are designed to ensure all students have the opportunity to be successful. (UDL)','',NULL),(1465,'UDL/DI','',NULL),(1466,'DI','',NULL),(1467,'DI','',NULL),(1468,'EdTPA','',NULL),(1469,'Professionalism','',NULL),(1470,'Demonstrate an understanding of how curriculum is developed and how curriculum is influenced by state and professional standards as well as the local, state, and federal levels.','',NULL),(1471,'Demonstrate an understanding of how to utilize a conceptually-based and backward design approach to developing curriculum while simultaneously demonstrating a coherent theory of instruction based on \"best practices\" and current educational research.','',NULL),(1472,'Develop authentic formative and summative assessments and grading criteria/rubrics that (a) involve multiples sources and opportunities, (b) are linked to learning objectives and standards, and (c) are used to inform instructional practice.','',NULL),(1473,'Demonstrate an understanding of when and how to use a variety of informal and formal, as well as formative and summative assessments in order to determine students\' progress and plan instruction.','',NULL),(1474,'Make content accessible to all students by applying instructional scaffolding to all lessons and making accommodations for students of diverse needs and interests.','',NULL),(1475,'Demonstrate an understanding and ability to promote classroom norms that involve active discourse and use of academic language and argument in a safe and inclusive environment.','',NULL),(1476,'Apply conservation of energy/momentum to problems involving collisions and orbits','',NULL),(1477,'Use vectors, reference frames, FBD to set up problems.','',NULL),(1478,'Apply Newton\'s laws, conservation of energy to dynamics problems.','',NULL),(1479,'Formulate and solve a problem using generalized coordinates and the Lagrangian.','',NULL),(1480,'Apply Newton\'s laws and solve for rotational motion.','',NULL),(1481,'Use computational approach to solve dynamics problem.','',NULL);

/*Table structure for table `course_outcome_group` */

DROP TABLE IF EXISTS `course_outcome_group`;

CREATE TABLE `course_outcome_group` (
  `id` int(11) NOT NULL AUTO_INCREMENT,
  `name` varchar(100) NOT NULL,
  `description` varchar(1024) DEFAULT NULL,
  `department_specific` varchar(1) NOT NULL,
  `department_id` int(11) NOT NULL DEFAULT '-1',
  PRIMARY KEY (`id`),
  KEY `PK_course_outcome` (`id`)
) ENGINE=InnoDB AUTO_INCREMENT=3 DEFAULT CHARSET=latin1;

/*Data for the table `course_outcome_group` */

insert  into `course_outcome_group`(`id`,`name`,`description`,`department_specific`,`department_id`) values (1,'Gwenna Moss Centre Custom',NULL,'Y',1),(2,'Custom',NULL,'N',-1);

/*Table structure for table `department` */

DROP TABLE IF EXISTS `department`;

CREATE TABLE `department` (
  `id` int(11) NOT NULL AUTO_INCREMENT,
  `name` varchar(100) NOT NULL,
  `ldap_name` varchar(100) DEFAULT NULL,
  PRIMARY KEY (`id`),
  KEY `PK_department` (`id`)
) ENGINE=InnoDB AUTO_INCREMENT=118 DEFAULT CHARSET=latin1;

/*Data for the table `department` */

insert  into `department`(`id`,`name`,`ldap_name`) values (1,'Gwenna Moss Centre','Gwenna Moss Centre'),(117,'Test Classes','Test Classes');

/*Table structure for table `feature` */

DROP TABLE IF EXISTS `feature`;

CREATE TABLE `feature` (
  `id` int(11) NOT NULL AUTO_INCREMENT,
  `name` varchar(100) NOT NULL,
  `display_index` int(11) NOT NULL,
  `file_name` varchar(100) DEFAULT NULL,
  PRIMARY KEY (`id`),
  KEY `PK_feature` (`id`)
) ENGINE=InnoDB AUTO_INCREMENT=8 DEFAULT CHARSET=latin1;

/*Data for the table `feature` */

insert  into `feature`(`id`,`name`,`display_index`,`file_name`) values (1,'Inventory: My Instructional Methods',1,'editableTeachingMethods'),(2,'Inventory: My Assessment Methods',2,'assessmentMethods'),(3,'Inventory: My Course Learning Outcomes',3,'outcomes'),(4,'Identifying Congruencies: How I Assess for My Course Learning Outcomes',4,'outcomeAssessmentMapping'),(5,'Identifying Congruencies: My Course Within this Program',5,'programOutcomeContributions'),(6,'Identifying Congruencies: My Course Outcomes in Relation to Program Outcomes',6,'outcomesMapping'),(7,'Some final questions',7,'completionTime');

/*Table structure for table `instructor` */

DROP TABLE IF EXISTS `instructor`;

CREATE TABLE `instructor` (
  `id` int(11) NOT NULL AUTO_INCREMENT,
  `userid` varchar(30) DEFAULT NULL,
  `first_name` varchar(50) DEFAULT NULL,
  `last_name` varchar(50) DEFAULT NULL,
  PRIMARY KEY (`id`),
  KEY `pk_instructor` (`id`)
) ENGINE=InnoDB AUTO_INCREMENT=2508 DEFAULT CHARSET=latin1;

/*Data for the table `instructor` */

insert  into `instructor`(`id`,`userid`,`first_name`,`last_name`) values (2236,'cah793','Carolyn','Hoessler'),(2495,'CATvisitor','Carolyn','Hoessler'),(2496,'billGates','Bill','Gates'),(2497,'kredd','Kacy','Redd'),(2498,'DDounas-Frazer','Dimitri','Dounas-Frazer'),(2499,'','John','Keller'),(2500,'LArthurs','Leilani','Arthurs'),(2501,'JKeller','John','Keller'),(2502,'MMoelter','Matt','Moelter'),(2503,'NStauch','Nancy','Stauch'),(2504,'NGSS-CAT','NGSS','CAT'),(2505,'BHarrer','Benedikt','Harrer'),(2506,'MSpencer','Mark','Spencer'),(2507,'JKnight','Jenny','Knight');

/*Table structure for table `instructor_attribute` */

DROP TABLE IF EXISTS `instructor_attribute`;

CREATE TABLE `instructor_attribute` (
  `id` int(11) NOT NULL AUTO_INCREMENT,
  `name` varchar(50) NOT NULL,
  `organization_id` int(11) DEFAULT NULL,
  PRIMARY KEY (`id`),
  KEY `pk_instructor_attribute` (`id`)
) ENGINE=InnoDB AUTO_INCREMENT=6 DEFAULT CHARSET=latin1;

/*Data for the table `instructor_attribute` */

insert  into `instructor_attribute`(`id`,`name`,`organization_id`) values (4,'Professional Registration',12),(5,'PhD',12);

/*Table structure for table `instructor_attribute_value` */

DROP TABLE IF EXISTS `instructor_attribute_value`;

CREATE TABLE `instructor_attribute_value` (
  `id` int(11) NOT NULL AUTO_INCREMENT,
  `instructor_id` int(11) NOT NULL,
  `instructor_attribute_id` int(11) NOT NULL,
  `value` varchar(50) NOT NULL,
  PRIMARY KEY (`id`),
  KEY `pk_instructor_attribute_value` (`id`),
  KEY `fk_instructor_attribute_value_attr` (`instructor_attribute_id`),
  KEY `fk_instructor_attribute_value_instructor` (`instructor_id`),
  CONSTRAINT `fk_instructor_attribute_value_attr` FOREIGN KEY (`instructor_attribute_id`) REFERENCES `instructor_attribute` (`id`),
  CONSTRAINT `fk_instructor_attribute_value_instructor` FOREIGN KEY (`instructor_id`) REFERENCES `instructor` (`id`)
) ENGINE=InnoDB DEFAULT CHARSET=latin1;

/*Data for the table `instructor_attribute_value` */

/*Table structure for table `link_assessment_course_outcome` */

DROP TABLE IF EXISTS `link_assessment_course_outcome`;

CREATE TABLE `link_assessment_course_outcome` (
  `id` int(11) NOT NULL AUTO_INCREMENT,
  `course_offering_id` int(11) NOT NULL,
  `course_outcome_id` int(11) NOT NULL,
  `link_assessment_course_offering_id` int(11) NOT NULL,
  PRIMARY KEY (`id`),
  KEY `PK_link_assessment_course_outcome` (`id`),
  KEY `fk_link_assessment_course_outcome_course_outcome` (`course_outcome_id`),
  KEY `fk_link_assessment_course_outcome_link_asses_co` (`link_assessment_course_offering_id`),
  CONSTRAINT `fk_link_assessment_course_outcome_course_outcome` FOREIGN KEY (`course_outcome_id`) REFERENCES `course_outcome` (`id`),
  CONSTRAINT `fk_link_assessment_course_outcome_link_asses_co` FOREIGN KEY (`link_assessment_course_offering_id`) REFERENCES `link_course_offering_assessment` (`id`)
) ENGINE=InnoDB AUTO_INCREMENT=55 DEFAULT CHARSET=latin1;

/*Data for the table `link_assessment_course_outcome` */

insert  into `link_assessment_course_outcome`(`id`,`course_offering_id`,`course_outcome_id`,`link_assessment_course_offering_id`) values (3,52464,1441,1439),(4,52472,1444,1453),(5,52472,1445,1452),(6,52472,1446,1456),(7,52463,1439,1441),(8,52463,1439,1442),(9,52474,1449,1461),(10,52474,1449,1464),(11,52474,1449,1462),(12,52474,1450,1463),(13,52474,1450,1465),(14,52474,1450,1461),(15,52474,1450,1462),(16,52473,1457,1458),(17,52473,1457,1459),(18,52473,1457,1467),(19,52473,1457,1468),(20,52473,1457,1469),(21,52473,1458,1458),(22,52473,1458,1459),(23,52473,1458,1467),(24,52473,1458,1468),(25,52473,1459,1459),(26,52473,1459,1467),(27,52473,1459,1468),(28,52473,1460,1468),(29,52469,1461,1474),(30,52469,1461,1471),(31,52469,1462,1474),(32,52469,1462,1471),(33,52469,1463,1476),(34,52469,1463,1472),(35,52469,1463,1475),(36,52469,1464,1473),(37,52476,1470,1478),(38,52476,1470,1477),(39,52476,1470,1479),(40,52476,1471,1478),(41,52476,1471,1479),(42,52476,1472,1479),(43,52476,1473,1478),(44,52476,1473,1477),(45,52476,1473,1479),(46,52468,1477,1482),(47,52468,1477,1480),(48,52468,1478,1483),(50,52468,1480,1484),(51,52468,1476,1482),(52,52468,1481,1484),(53,52468,1479,1482),(54,52468,1479,1480);

/*Table structure for table `link_course_assessment_feedback_option_value` */

DROP TABLE IF EXISTS `link_course_assessment_feedback_option_value`;

CREATE TABLE `link_course_assessment_feedback_option_value` (
  `id` int(11) NOT NULL AUTO_INCREMENT,
  `assessment_feedback_option_id` int(11) NOT NULL,
  `link_course_offering_assessment_id` int(11) NOT NULL,
  PRIMARY KEY (`id`),
  KEY `PK_link_course_assessment_feedback_option_value` (`id`),
  KEY `fk_link_course_assessment_feedback_option_value_option` (`assessment_feedback_option_id`),
  KEY `fk_link_course_assessment_feedback_option_value_link` (`link_course_offering_assessment_id`),
  CONSTRAINT `fk_link_course_assessment_feedback_option_value_link` FOREIGN KEY (`link_course_offering_assessment_id`) REFERENCES `link_course_offering_assessment` (`id`),
  CONSTRAINT `fk_link_course_assessment_feedback_option_value_option` FOREIGN KEY (`assessment_feedback_option_id`) REFERENCES `assessment_feedback_option` (`id`)
) ENGINE=InnoDB AUTO_INCREMENT=13419 DEFAULT CHARSET=latin1;

/*Data for the table `link_course_assessment_feedback_option_value` */

insert  into `link_course_assessment_feedback_option_value`(`id`,`assessment_feedback_option_id`,`link_course_offering_assessment_id`) values (437,1,109),(438,9,109),(439,12,109),(440,1,110),(441,9,110),(442,12,110),(452,1,114),(453,9,114),(454,12,114),(642,2,141),(643,6,141),(644,7,141),(645,9,141),(646,12,141),(647,16,141),(648,19,141),(678,1,145),(679,9,145),(680,12,145),(681,16,145),(682,19,145),(689,1,147),(690,9,147),(691,12,147),(692,16,147),(693,19,147),(706,1,148),(707,8,148),(708,9,148),(709,12,148),(710,18,148),(711,19,148),(712,1,142),(713,5,142),(714,9,142),(715,12,142),(716,18,142),(717,19,142),(912,1,187),(913,9,187),(914,12,187),(915,16,187),(916,19,187),(923,1,190),(924,9,190),(925,12,190),(929,2,192),(930,6,192),(931,7,192),(932,9,192),(933,12,192),(934,16,192),(935,19,192),(939,1,144),(940,5,144),(941,9,144),(942,12,144),(943,16,144),(944,19,144),(971,1,196),(972,5,196),(973,9,196),(974,12,196),(975,18,196),(976,19,196),(977,1,197),(978,5,197),(979,9,197),(980,12,197),(981,16,197),(982,19,197),(983,1,198),(984,8,198),(985,9,198),(986,12,198),(987,18,198),(988,19,198),(994,1,200),(995,9,200),(996,12,200),(997,16,200),(998,19,200),(999,1,201),(1000,9,201),(1001,12,201),(1002,16,201),(1003,19,201),(1033,1,205),(1034,5,205),(1035,9,205),(1036,12,205),(1037,17,205),(1038,19,205),(1098,1,216),(1099,5,216),(1100,6,216),(1101,7,216),(1102,10,216),(1103,13,216),(1104,18,216),(1105,21,216),(1112,1,218),(1113,5,218),(1114,6,218),(1115,7,218),(1116,10,218),(1117,13,218),(1118,17,218),(1119,20,218),(1417,1,256),(1418,9,256),(1419,12,256),(1420,16,256),(1421,19,256),(1422,1,257),(1423,9,257),(1424,12,257),(1425,16,257),(1426,19,257),(1427,4,258),(1428,8,258),(1429,9,258),(1430,12,258),(1431,16,258),(1432,19,258),(1433,1,259),(1434,9,259),(1435,12,259),(1436,16,259),(1437,19,259),(1833,1,296),(1834,5,296),(1835,9,296),(1836,12,296),(1837,16,296),(1838,19,296),(1839,26,296),(1946,23,321),(1947,5,321),(1948,8,321),(1949,9,321),(1950,12,321),(1951,16,321),(1952,19,321),(1953,24,321),(1954,1,322),(1955,9,322),(1956,12,322),(1957,19,322),(1958,24,322),(1959,4,323),(1960,5,323),(1961,9,323),(1962,12,323),(1963,16,323),(1964,19,323),(1965,24,323),(2262,1,295),(2263,5,295),(2264,9,295),(2265,12,295),(2266,17,295),(2267,19,295),(2268,25,295),(2269,1,297),(2270,5,297),(2271,9,297),(2272,12,297),(2273,16,297),(2274,19,297),(2275,24,297),(2325,1,219),(2326,8,219),(2327,9,219),(2328,12,219),(2329,16,219),(2330,19,219),(2331,24,219),(3625,1,476),(3626,9,476),(3627,12,476),(3628,18,476),(3629,19,476),(3630,24,476),(4336,1,186),(4337,5,186),(4338,9,186),(4339,12,186),(4340,16,186),(4341,19,186),(4342,24,186),(5686,2,539),(5687,5,539),(5688,9,539),(5689,13,539),(5690,18,539),(5691,19,539),(5692,26,539),(5916,1,702),(5917,9,702),(5918,12,702),(5919,19,702),(5920,24,702),(5931,1,705),(5932,9,705),(5933,12,705),(5934,19,705),(5935,24,705),(5997,1,293),(5998,5,293),(5999,9,293),(6000,12,293),(6001,16,293),(6002,19,293),(6003,24,293),(6805,1,790),(6806,10,790),(6807,14,790),(6808,18,790),(6809,21,790),(6810,24,790),(9016,20,1022),(9017,31,1022),(9018,17,1022),(9019,12,1022),(9020,9,1022),(9021,23,1022),(9022,20,1023),(9023,31,1023),(9024,17,1023),(9025,12,1023),(9026,9,1023),(9027,1,1023),(9028,5,1023),(9029,8,1023),(9030,21,1024),(9031,26,1024),(9032,16,1024),(9033,14,1024),(9034,9,1024),(9035,23,1024),(9036,21,1025),(9037,26,1025),(9038,16,1025),(9039,14,1025),(9040,9,1025),(9041,23,1025),(9042,21,1026),(9043,26,1026),(9044,16,1026),(9045,14,1026),(9046,9,1026),(9047,23,1026),(9048,21,1027),(9049,26,1027),(9050,16,1027),(9051,14,1027),(9052,9,1027),(9053,23,1027),(9054,20,793),(9055,30,793),(9056,17,793),(9057,15,793),(9058,11,793),(9059,27,793),(9060,5,793),(9061,8,793),(9067,19,791),(9068,24,791),(9069,12,791),(9070,9,791),(9071,1,791),(9293,19,475),(9294,24,475),(9295,12,475),(9296,9,475),(9297,1,475),(9298,5,475),(9357,19,340),(9358,32,340),(9359,18,340),(9360,15,340),(9361,11,340),(9362,1,340),(9363,5,340),(11208,1,1239),(11209,5,1239),(11210,9,1239),(11211,12,1239),(11212,17,1239),(11213,19,1239),(11214,25,1239),(11222,1,1241),(11223,5,1241),(11224,9,1241),(11225,12,1241),(11226,16,1241),(11227,19,1241),(11228,24,1241),(11235,1,1243),(11236,9,1243),(11237,12,1243),(11238,18,1243),(11239,19,1243),(11240,24,1243),(11241,1,1244),(11242,8,1244),(11243,9,1244),(11244,12,1244),(11245,16,1244),(11246,19,1244),(11247,24,1244),(11255,1,1246),(11256,5,1246),(11257,9,1246),(11258,12,1246),(11259,17,1246),(11260,19,1246),(11261,25,1246),(11262,1,1247),(11263,5,1247),(11264,9,1247),(11265,12,1247),(11266,16,1247),(11267,19,1247),(11268,26,1247),(11269,1,1248),(11270,5,1248),(11271,9,1248),(11272,12,1248),(11273,16,1248),(11274,19,1248),(11275,24,1248),(11276,19,1249),(11277,24,1249),(11278,12,1249),(11279,9,1249),(11280,1,1249),(11281,5,1249),(11282,1,1250),(11283,9,1250),(11284,12,1250),(11285,18,1250),(11286,19,1250),(11287,24,1250),(11288,1,1251),(11289,8,1251),(11290,9,1251),(11291,12,1251),(11292,16,1251),(11293,19,1251),(11294,24,1251),(11295,19,1252),(11296,32,1252),(11297,18,1252),(11298,15,1252),(11299,11,1252),(11300,1,1252),(11301,5,1252),(12472,19,1380),(12473,24,1380),(12474,12,1380),(12475,9,1380),(12476,23,1380),(12498,21,1384),(12499,31,1384),(12500,18,1384),(12501,12,1384),(12502,9,1384),(12503,23,1384),(12504,19,1385),(12505,24,1385),(12506,12,1385),(12507,9,1385),(12508,23,1385),(12509,19,792),(12510,32,792),(12511,12,792),(12512,9,792),(12513,27,792),(12514,5,792),(12609,19,1398),(12610,24,1398),(12611,17,1398),(12612,12,1398),(12613,9,1398),(12614,2,1398),(12615,5,1398),(12681,21,1409),(12682,30,1409),(12683,16,1409),(12684,17,1409),(12685,18,1409),(12686,13,1409),(12687,11,1409),(12688,2,1409),(12689,5,1409),(12690,8,1409),(12721,1,1413),(12722,5,1413),(12723,9,1413),(12724,12,1413),(12725,16,1413),(12726,19,1413),(12727,24,1413),(12728,1,1414),(12729,9,1414),(12730,12,1414),(12731,16,1414),(12732,19,1414),(12733,1,1415),(12734,9,1415),(12735,12,1415),(12736,19,1415),(12737,24,1415),(12738,19,1416),(12739,24,1416),(12740,12,1416),(12741,9,1416),(12742,23,1416),(12743,19,1417),(12744,24,1417),(12745,12,1417),(12746,9,1417),(12747,23,1417),(12748,1,1418),(12749,9,1418),(12750,12,1418),(12751,1,1419),(12752,5,1419),(12753,9,1419),(12754,12,1419),(12755,17,1419),(12756,19,1419),(12757,1,1420),(12758,5,1420),(12759,9,1420),(12760,12,1420),(12761,16,1420),(12762,19,1420),(12763,24,1420),(12764,19,1421),(12765,24,1421),(12766,17,1421),(12767,12,1421),(12768,9,1421),(12769,2,1421),(12770,5,1421),(12771,2,1422),(12772,6,1422),(12773,7,1422),(12774,9,1422),(12775,12,1422),(12776,16,1422),(12777,19,1422),(12778,21,1423),(12779,31,1423),(12780,18,1423),(12781,12,1423),(12782,9,1423),(12783,23,1423),(12818,19,1428),(12819,24,1428),(12820,12,1428),(12821,9,1428),(12822,23,1428),(12823,20,1399),(12824,24,1399),(12825,18,1399),(12826,13,1399),(12827,11,1399),(12828,27,1399),(12829,7,1399),(12830,19,1245),(12831,32,1245),(12832,18,1245),(12833,15,1245),(12834,11,1245),(12835,1,1245),(12836,5,1245),(12837,19,1242),(12838,24,1242),(12839,12,1242),(12840,9,1242),(12841,1,1242),(12842,5,1242),(12843,19,1240),(12844,26,1240),(12845,16,1240),(12846,12,1240),(12847,9,1240),(12848,1,1240),(12849,5,1240),(12902,19,1433),(12903,24,1433),(12904,16,1433),(12905,12,1433),(12906,9,1433),(12907,27,1433),(12908,5,1433),(12909,19,1434),(12910,24,1434),(12911,18,1434),(12912,12,1434),(12913,9,1434),(12914,27,1434),(12915,5,1434),(12922,19,1436),(12923,29,1436),(12924,18,1436),(12925,14,1436),(12926,11,1436),(12927,28,1436),(12928,5,1436),(12929,6,1436),(12930,7,1436),(12931,19,1437),(12932,29,1437),(12933,18,1437),(12934,13,1437),(12935,9,1437),(12936,4,1437),(12937,5,1437),(12938,6,1437),(12939,7,1437),(12940,19,1438),(12941,24,1438),(12942,16,1438),(12943,12,1438),(12944,9,1438),(12945,23,1438),(12946,19,1439),(12947,24,1439),(12948,17,1439),(12949,13,1439),(12950,10,1439),(12951,27,1439),(12952,5,1439),(12960,19,1441),(12961,24,1441),(12962,16,1441),(12963,13,1441),(12964,11,1441),(12965,4,1441),(12966,5,1441),(12981,19,1442),(12982,24,1442),(12983,16,1442),(12984,14,1442),(12985,11,1442),(12986,2,1442),(12987,5,1442),(12988,19,1443),(12989,24,1443),(12990,12,1443),(12991,9,1443),(12992,23,1443),(12993,19,1444),(12994,24,1444),(12995,12,1444),(12996,9,1444),(12997,23,1444),(13010,21,1446),(13011,25,1446),(13012,16,1446),(13013,13,1446),(13014,10,1446),(13015,1,1446),(13016,5,1446),(13017,19,1447),(13018,24,1447),(13019,12,1447),(13020,9,1447),(13021,23,1447),(13022,19,1448),(13023,24,1448),(13024,12,1448),(13025,9,1448),(13026,23,1448),(13027,19,1449),(13028,24,1449),(13029,12,1449),(13030,9,1449),(13031,23,1449),(13032,20,1450),(13033,29,1450),(13034,17,1450),(13035,15,1450),(13036,10,1450),(13037,1,1450),(13038,5,1450),(13039,19,1451),(13040,32,1451),(13041,17,1451),(13042,12,1451),(13043,11,1451),(13044,2,1451),(13045,5,1451),(13046,6,1451),(13047,7,1451),(13048,8,1451),(13049,22,1451),(13050,21,1452),(13051,32,1452),(13052,18,1452),(13053,13,1452),(13054,10,1452),(13055,2,1452),(13056,5,1452),(13057,6,1452),(13058,7,1452),(13059,8,1452),(13060,22,1452),(13061,20,1453),(13062,32,1453),(13063,18,1453),(13064,13,1453),(13065,10,1453),(13066,2,1453),(13067,5,1453),(13068,6,1453),(13069,7,1453),(13070,8,1453),(13071,19,1454),(13072,32,1454),(13073,16,1454),(13074,17,1454),(13075,18,1454),(13076,13,1454),(13077,9,1454),(13078,2,1454),(13079,5,1454),(13080,6,1454),(13081,7,1454),(13082,8,1454),(13083,22,1454),(13084,19,1455),(13085,32,1455),(13086,18,1455),(13087,13,1455),(13088,9,1455),(13089,2,1455),(13090,8,1455),(13091,22,1455),(13092,21,1456),(13093,32,1456),(13094,16,1456),(13095,17,1456),(13096,18,1456),(13097,13,1456),(13098,10,1456),(13099,2,1456),(13100,5,1456),(13101,6,1456),(13102,7,1456),(13103,19,1457),(13104,24,1457),(13105,12,1457),(13106,10,1457),(13107,1,1457),(13108,5,1457),(13109,21,1458),(13110,32,1458),(13111,17,1458),(13112,18,1458),(13113,14,1458),(13114,11,1458),(13115,1,1458),(13116,5,1458),(13117,8,1458),(13118,19,1459),(13119,32,1459),(13120,16,1459),(13121,17,1459),(13122,18,1459),(13123,13,1459),(13124,10,1459),(13125,1,1459),(13126,5,1459),(13127,6,1459),(13128,8,1459),(13170,19,1461),(13171,29,1461),(13172,16,1461),(13173,17,1461),(13174,18,1461),(13175,14,1461),(13176,11,1461),(13177,1,1461),(13178,5,1461),(13188,20,1462),(13189,29,1462),(13190,16,1462),(13191,17,1462),(13192,18,1462),(13193,12,1462),(13194,9,1462),(13195,2,1462),(13196,5,1462),(13197,6,1462),(13198,7,1462),(13199,8,1462),(13200,19,1464),(13201,29,1464),(13202,16,1464),(13203,17,1464),(13204,18,1464),(13205,12,1464),(13206,9,1464),(13207,1,1464),(13208,5,1464),(13209,19,1465),(13210,29,1465),(13211,16,1465),(13212,17,1465),(13213,18,1465),(13214,14,1465),(13215,11,1465),(13216,23,1465),(13217,20,1463),(13218,32,1463),(13219,17,1463),(13220,18,1463),(13221,13,1463),(13222,11,1463),(13223,2,1463),(13224,5,1463),(13225,6,1463),(13226,19,1466),(13227,24,1466),(13228,12,1466),(13229,9,1466),(13230,23,1466),(13231,21,1467),(13232,32,1467),(13233,16,1467),(13234,17,1467),(13235,18,1467),(13236,13,1467),(13237,11,1467),(13238,1,1467),(13239,5,1467),(13240,8,1467),(13241,19,1468),(13242,32,1468),(13243,16,1468),(13244,17,1468),(13245,18,1468),(13246,13,1468),(13247,10,1468),(13248,1,1468),(13249,5,1468),(13250,6,1468),(13251,8,1468),(13252,19,1469),(13253,32,1469),(13254,16,1469),(13255,17,1469),(13256,18,1469),(13257,15,1469),(13258,9,1469),(13259,2,1469),(13260,5,1469),(13261,19,1470),(13262,26,1470),(13263,12,1470),(13264,9,1470),(13265,23,1470),(13266,19,1471),(13267,32,1471),(13268,16,1471),(13269,17,1471),(13270,18,1471),(13271,14,1471),(13272,11,1471),(13273,4,1471),(13274,5,1471),(13286,19,1472),(13287,32,1472),(13288,16,1472),(13289,17,1472),(13290,18,1472),(13291,13,1472),(13292,9,1472),(13293,2,1472),(13294,5,1472),(13295,6,1472),(13296,7,1472),(13306,19,1474),(13307,32,1474),(13308,16,1474),(13309,17,1474),(13310,18,1474),(13311,13,1474),(13312,11,1474),(13313,3,1474),(13314,5,1474),(13315,20,1475),(13316,32,1475),(13317,16,1475),(13318,17,1475),(13319,18,1475),(13320,13,1475),(13321,10,1475),(13322,4,1475),(13323,5,1475),(13324,19,1473),(13325,30,1473),(13326,16,1473),(13327,17,1473),(13328,18,1473),(13329,13,1473),(13330,11,1473),(13331,27,1473),(13332,5,1473),(13333,20,1476),(13334,32,1476),(13335,13,1476),(13336,10,1476),(13337,4,1476),(13338,5,1476),(13339,19,1477),(13340,32,1477),(13341,16,1477),(13342,17,1477),(13343,18,1477),(13344,12,1477),(13345,9,1477),(13346,2,1477),(13347,5,1477),(13348,19,1478),(13349,32,1478),(13350,16,1478),(13351,17,1478),(13352,18,1478),(13353,13,1478),(13354,10,1478),(13355,28,1478),(13356,5,1478),(13357,6,1478),(13358,19,1479),(13359,32,1479),(13360,16,1479),(13361,17,1479),(13362,18,1479),(13363,13,1479),(13364,10,1479),(13365,28,1479),(13366,5,1479),(13367,6,1479),(13386,19,1482),(13387,29,1482),(13388,16,1482),(13389,17,1482),(13390,18,1482),(13391,12,1482),(13392,9,1482),(13393,2,1482),(13394,5,1482),(13395,19,1480),(13396,29,1480),(13397,16,1480),(13398,17,1480),(13399,18,1480),(13400,12,1480),(13401,9,1480),(13402,23,1480),(13403,5,1480),(13404,19,1483),(13405,29,1483),(13406,17,1483),(13407,18,1483),(13408,13,1483),(13409,11,1483),(13410,1,1483),(13411,5,1483),(13412,20,1484),(13413,29,1484),(13414,18,1484),(13415,13,1484),(13416,11,1484),(13417,27,1484),(13418,5,1484);

/*Table structure for table `link_course_contribution_program_outcome` */

DROP TABLE IF EXISTS `link_course_contribution_program_outcome`;

CREATE TABLE `link_course_contribution_program_outcome` (
  `id` int(11) NOT NULL AUTO_INCREMENT,
  `course_id` int(11) NOT NULL,
  `link_program_program_outcome_id` int(11) NOT NULL,
  `contribution_option_id` int(11) NOT NULL,
  `mastery_option_id` int(11) NOT NULL DEFAULT '1',
  PRIMARY KEY (`id`),
  KEY `PK_link_course_outcome_program_outcome` (`id`),
  KEY `fk_link_course_contribution_program_outcome_course` (`course_id`),
  KEY `fk_llink_course_contribution_program_outcome_contribution` (`contribution_option_id`),
  CONSTRAINT `fk_link_course_contribution_program_outcome_course` FOREIGN KEY (`course_id`) REFERENCES `course` (`id`),
  CONSTRAINT `fk_llink_course_contribution_program_outcome_contribution` FOREIGN KEY (`contribution_option_id`) REFERENCES `contribution_option_value` (`id`)
) ENGINE=InnoDB AUTO_INCREMENT=3518 DEFAULT CHARSET=latin1;

/*Data for the table `link_course_contribution_program_outcome` */

insert  into `link_course_contribution_program_outcome`(`id`,`course_id`,`link_program_program_outcome_id`,`contribution_option_id`,`mastery_option_id`) values (29,3851,84,5,1),(30,3851,85,5,1),(31,3851,86,5,1),(32,3851,87,5,1),(33,3851,88,5,1),(34,3851,89,5,1),(35,3851,90,5,1),(36,3851,91,5,1),(37,3851,92,5,1),(108,4209,84,1,1),(109,4209,85,3,1),(110,4209,86,5,1),(111,4209,87,5,1),(112,4209,88,5,1),(113,4209,89,5,1),(114,4209,90,5,1),(115,4209,91,5,1),(116,4209,92,5,1),(126,4211,84,5,1),(127,4211,85,5,1),(128,4211,86,5,1),(129,4211,87,5,1),(130,4211,88,5,1),(131,4211,89,5,1),(132,4211,90,5,1),(133,4211,91,5,1),(134,4211,92,5,1),(203,4311,84,5,1),(204,4311,85,5,1),(205,4311,86,5,1),(206,4311,87,5,1),(207,4311,88,5,1),(208,4311,89,5,1),(209,4311,90,5,1),(210,4311,91,5,1),(211,4311,92,5,1),(294,4311,199,5,1),(353,4314,199,5,1),(354,4314,84,5,1),(355,4314,85,5,1),(356,4314,86,5,1),(357,4314,87,5,1),(358,4314,88,5,1),(359,4314,89,5,1),(360,4314,90,5,1),(361,4314,91,5,1),(362,4314,92,5,1),(363,4208,199,5,1),(364,4208,84,5,1),(365,4208,85,5,1),(366,4208,86,5,1),(367,4208,87,5,1),(368,4208,88,5,1),(369,4208,89,5,1),(370,4208,90,5,1),(371,4208,91,5,1),(372,4208,92,5,1),(384,4208,230,5,1),(385,4311,230,5,1),(420,4392,233,5,1),(682,4209,199,5,1),(683,4209,230,5,1),(684,3852,199,5,1),(685,3852,84,5,1),(686,3852,85,5,1),(687,3852,86,5,1),(688,3852,87,5,1),(689,3852,88,5,1),(690,3852,89,5,1),(691,3852,230,5,1),(692,3852,90,5,1),(693,3852,91,5,1),(694,3852,92,5,1),(695,4211,199,5,1),(696,4211,230,5,1),(697,3851,199,5,1),(698,3851,230,5,1),(1021,4473,199,5,1),(1022,4473,84,5,1),(1023,4473,85,5,1),(1024,4473,86,5,1),(1025,4473,87,5,1),(1026,4473,88,5,1),(1027,4473,89,5,1),(1028,4473,230,5,1),(1029,4473,90,5,1),(1030,4473,91,5,1),(1031,4473,92,5,1),(1695,4495,199,5,1),(1696,4495,84,5,1),(1697,4495,85,5,1),(1698,4495,86,5,1),(1699,4495,87,5,1),(1700,4495,88,5,1),(1701,4495,89,5,1),(1702,4495,230,5,1),(1703,4495,90,5,1),(1704,4495,91,5,1),(1705,4495,92,5,1),(1807,4496,199,5,1),(1808,4496,84,5,1),(1809,4496,85,5,1),(1810,4496,86,5,1),(1811,4496,87,5,1),(1812,4496,88,5,1),(1813,4496,89,5,1),(1814,4496,230,5,1),(1815,4496,90,5,1),(1816,4496,91,5,1),(1817,4496,92,5,1),(1818,4497,1,5,1),(1819,4498,2,3,3),(1820,4498,5,3,3),(1821,4498,6,1,2),(1822,4499,5,5,1),(1823,4499,2,5,1),(1824,4499,6,5,1),(1825,4500,8,2,3),(1826,4500,13,2,2),(1827,4500,12,1,5),(1828,4500,9,1,2),(1829,4500,14,2,3),(1830,4500,16,1,3),(1831,4500,15,1,2),(1832,4500,17,2,3),(1833,4500,20,2,2),(1834,4500,19,2,5),(1835,4500,7,3,3),(1836,4500,18,2,5),(2166,4501,86,5,1),(2167,4501,87,5,1),(2168,4501,90,5,1),(2169,4501,89,5,1),(2170,4501,93,5,1),(2171,4501,91,5,1),(2172,4501,92,5,1),(2173,4501,94,5,1),(2174,4501,96,5,1),(2175,4501,95,5,1),(2176,4501,97,5,1),(2177,4501,98,5,1),(2178,4501,99,5,1),(2179,4501,100,5,1),(2180,4501,101,5,1),(2181,4501,102,5,1),(2182,4501,106,5,1),(2183,4501,105,5,1),(2184,4501,103,5,1),(2185,4501,104,5,1),(2186,4501,8,5,1),(2187,4501,13,5,1),(2188,4501,12,5,1),(2189,4501,9,5,1),(2190,4501,14,5,1),(2191,4501,16,5,1),(2192,4501,15,5,1),(2193,4501,17,5,1),(2194,4501,20,5,1),(2195,4501,19,5,1),(2196,4501,7,5,1),(2197,4501,18,5,1),(2198,4501,75,5,1),(2199,4501,70,5,1),(2200,4501,71,5,1),(2201,4501,72,5,1),(2202,4501,73,5,1),(2203,4501,74,5,1),(2204,4501,77,5,1),(2205,4501,76,5,1),(2206,4501,79,5,1),(2207,4501,78,5,1),(2208,4501,80,5,1),(2209,4501,85,5,1),(2210,4501,84,5,1),(2211,4501,81,5,1),(2212,4501,83,5,1),(2213,4501,82,5,1),(2214,4501,30,5,1),(2215,4501,23,5,1),(2216,4501,24,5,1),(2217,4501,29,5,1),(2218,4501,27,5,1),(2219,4501,25,5,1),(2220,4501,31,5,1),(2221,4501,28,5,1),(2222,4501,35,5,1),(2223,4501,36,5,1),(2224,4501,34,5,1),(2225,4501,33,5,1),(2226,4501,32,5,1),(2227,4501,41,5,1),(2228,4501,42,5,1),(2229,4501,37,5,1),(2230,4501,38,5,1),(2231,4501,39,5,1),(2232,4501,40,5,1),(2233,4501,43,5,1),(2234,4501,44,5,1),(2235,4501,46,5,1),(2236,4501,45,5,1),(2237,4501,47,5,1),(2238,4501,53,5,1),(2239,4501,51,5,1),(2240,4501,49,5,1),(2241,4501,50,5,1),(2242,4501,52,5,1),(2243,4501,56,5,1),(2244,4501,57,5,1),(2245,4501,55,5,1),(2246,4501,58,5,1),(2247,4501,54,5,1),(2248,4501,59,5,1),(2249,4501,62,5,1),(2250,4501,64,5,1),(2251,4501,60,5,1),(2252,4501,63,5,1),(2253,4501,61,5,1),(2254,4501,69,5,1),(2255,4501,66,5,1),(2256,4501,65,5,1),(2257,4501,68,5,1),(2258,4501,67,5,1),(2259,4504,86,5,1),(2260,4504,87,5,1),(2261,4504,90,5,1),(2262,4504,89,5,1),(2263,4504,93,5,1),(2264,4504,91,5,1),(2265,4504,92,5,1),(2266,4504,94,5,1),(2267,4504,96,5,1),(2268,4504,95,5,1),(2269,4504,97,5,1),(2270,4504,98,5,1),(2271,4504,99,5,1),(2272,4504,100,5,1),(2273,4504,101,5,1),(2274,4504,102,5,1),(2275,4504,106,5,1),(2276,4504,105,5,1),(2277,4504,103,5,1),(2278,4504,104,5,1),(2279,4504,8,5,1),(2280,4504,13,5,1),(2281,4504,12,5,1),(2282,4504,9,5,1),(2283,4504,14,5,1),(2284,4504,16,5,1),(2285,4504,15,5,1),(2286,4504,17,5,1),(2287,4504,20,5,1),(2288,4504,19,5,1),(2289,4504,7,5,1),(2290,4504,18,5,1),(2291,4504,75,5,1),(2292,4504,70,5,1),(2293,4504,71,5,1),(2294,4504,72,5,1),(2295,4504,73,5,1),(2296,4504,74,5,1),(2297,4504,77,5,1),(2298,4504,76,5,1),(2299,4504,79,5,1),(2300,4504,78,5,1),(2301,4504,80,5,1),(2302,4504,85,5,1),(2303,4504,84,5,1),(2304,4504,81,5,1),(2305,4504,83,5,1),(2306,4504,82,5,1),(2307,4504,30,5,1),(2308,4504,23,5,1),(2309,4504,24,5,1),(2310,4504,29,5,1),(2311,4504,27,5,1),(2312,4504,25,5,1),(2313,4504,31,5,1),(2314,4504,28,5,1),(2315,4504,35,5,1),(2316,4504,36,5,1),(2317,4504,34,5,1),(2318,4504,33,5,1),(2319,4504,32,5,1),(2320,4504,41,5,1),(2321,4504,42,5,1),(2322,4504,37,5,1),(2323,4504,38,5,1),(2324,4504,39,5,1),(2325,4504,40,5,1),(2326,4504,43,5,1),(2327,4504,44,5,1),(2328,4504,46,5,1),(2329,4504,45,5,1),(2330,4504,47,5,1),(2331,4504,53,5,1),(2332,4504,51,5,1),(2333,4504,49,5,1),(2334,4504,50,5,1),(2335,4504,52,5,1),(2336,4504,56,5,1),(2337,4504,57,5,1),(2338,4504,55,5,1),(2339,4504,58,5,1),(2340,4504,54,5,1),(2341,4504,59,5,1),(2342,4504,62,5,1),(2343,4504,64,5,1),(2344,4504,60,5,1),(2345,4504,63,5,1),(2346,4504,61,5,1),(2347,4504,69,5,1),(2348,4504,66,5,1),(2349,4504,65,5,1),(2350,4504,68,5,1),(2351,4504,67,5,1),(2352,4505,86,5,1),(2353,4505,87,5,1),(2354,4505,90,5,1),(2355,4505,89,5,1),(2356,4505,93,5,1),(2357,4505,91,5,1),(2358,4505,92,5,1),(2359,4505,94,5,1),(2360,4505,96,5,1),(2361,4505,95,5,1),(2362,4505,97,5,1),(2363,4505,98,5,1),(2364,4505,99,5,1),(2365,4505,100,5,1),(2366,4505,101,5,1),(2367,4505,102,5,1),(2368,4505,106,5,1),(2369,4505,105,5,1),(2370,4505,103,5,1),(2371,4505,104,5,1),(2372,4505,8,5,1),(2373,4505,13,5,1),(2374,4505,12,5,1),(2375,4505,9,5,1),(2376,4505,14,5,1),(2377,4505,16,5,1),(2378,4505,15,5,1),(2379,4505,17,5,1),(2380,4505,20,5,1),(2381,4505,19,5,1),(2382,4505,7,5,1),(2383,4505,18,5,1),(2384,4505,75,5,1),(2385,4505,70,5,1),(2386,4505,71,5,1),(2387,4505,72,5,1),(2388,4505,73,5,1),(2389,4505,74,5,1),(2390,4505,77,5,1),(2391,4505,76,5,1),(2392,4505,79,5,1),(2393,4505,78,5,1),(2394,4505,80,5,1),(2395,4505,85,5,1),(2396,4505,84,5,1),(2397,4505,81,5,1),(2398,4505,83,5,1),(2399,4505,82,5,1),(2400,4505,30,5,1),(2401,4505,23,5,1),(2402,4505,24,5,1),(2403,4505,29,5,1),(2404,4505,27,5,1),(2405,4505,25,5,1),(2406,4505,31,5,1),(2407,4505,28,5,1),(2408,4505,35,5,1),(2409,4505,36,5,1),(2410,4505,34,5,1),(2411,4505,33,5,1),(2412,4505,32,5,1),(2413,4505,41,5,1),(2414,4505,42,5,1),(2415,4505,37,5,1),(2416,4505,38,5,1),(2417,4505,39,5,1),(2418,4505,40,5,1),(2419,4505,43,5,1),(2420,4505,44,5,1),(2421,4505,46,5,1),(2422,4505,45,5,1),(2423,4505,47,5,1),(2424,4505,53,5,1),(2425,4505,51,5,1),(2426,4505,49,5,1),(2427,4505,50,5,1),(2428,4505,52,5,1),(2429,4505,56,5,1),(2430,4505,57,5,1),(2431,4505,55,5,1),(2432,4505,58,5,1),(2433,4505,54,5,1),(2434,4505,59,5,1),(2435,4505,62,5,1),(2436,4505,64,5,1),(2437,4505,60,5,1),(2438,4505,63,5,1),(2439,4505,61,5,1),(2440,4505,69,5,1),(2441,4505,66,5,1),(2442,4505,65,5,1),(2443,4505,68,5,1),(2444,4505,67,5,1),(2445,4506,86,5,1),(2446,4506,87,5,1),(2447,4506,90,5,1),(2448,4506,89,5,1),(2449,4506,93,5,1),(2450,4506,91,5,1),(2451,4506,92,5,1),(2452,4506,94,5,1),(2453,4506,96,5,1),(2454,4506,95,5,1),(2455,4506,97,5,1),(2456,4506,98,5,1),(2457,4506,99,5,1),(2458,4506,100,5,1),(2459,4506,101,5,1),(2460,4506,102,5,1),(2461,4506,106,5,1),(2462,4506,105,5,1),(2463,4506,103,5,1),(2464,4506,104,5,1),(2465,4506,8,5,1),(2466,4506,13,5,1),(2467,4506,12,5,1),(2468,4506,9,5,1),(2469,4506,14,5,1),(2470,4506,16,5,1),(2471,4506,15,5,1),(2472,4506,17,5,1),(2473,4506,20,5,1),(2474,4506,19,5,1),(2475,4506,7,5,1),(2476,4506,18,5,1),(2477,4506,75,5,1),(2478,4506,70,5,1),(2479,4506,71,5,1),(2480,4506,72,5,1),(2481,4506,73,5,1),(2482,4506,74,5,1),(2483,4506,77,5,1),(2484,4506,76,5,1),(2485,4506,79,5,1),(2486,4506,78,5,1),(2487,4506,80,5,1),(2488,4506,85,5,1),(2489,4506,84,5,1),(2490,4506,81,5,1),(2491,4506,83,5,1),(2492,4506,82,5,1),(2493,4506,30,5,1),(2494,4506,23,5,1),(2495,4506,24,5,1),(2496,4506,29,5,1),(2497,4506,27,5,1),(2498,4506,25,5,1),(2499,4506,31,5,1),(2500,4506,28,5,1),(2501,4506,35,5,1),(2502,4506,36,5,1),(2503,4506,34,5,1),(2504,4506,33,5,1),(2505,4506,32,5,1),(2506,4506,41,5,1),(2507,4506,42,5,1),(2508,4506,37,5,1),(2509,4506,38,5,1),(2510,4506,39,5,1),(2511,4506,40,5,1),(2512,4506,43,5,1),(2513,4506,44,5,1),(2514,4506,46,5,1),(2515,4506,45,5,1),(2516,4506,47,5,1),(2517,4506,53,5,1),(2518,4506,51,5,1),(2519,4506,49,5,1),(2520,4506,50,5,1),(2521,4506,52,5,1),(2522,4506,56,5,1),(2523,4506,57,5,1),(2524,4506,55,5,1),(2525,4506,58,5,1),(2526,4506,54,5,1),(2527,4506,59,5,1),(2528,4506,62,5,1),(2529,4506,64,5,1),(2530,4506,60,5,1),(2531,4506,63,5,1),(2532,4506,61,5,1),(2533,4506,69,5,1),(2534,4506,66,5,1),(2535,4506,65,5,1),(2536,4506,68,5,1),(2537,4506,67,5,1),(2538,4507,276,5,1),(2539,4507,277,5,1),(2540,4507,278,5,1),(2541,4507,279,5,1),(2542,4507,280,5,1),(2543,4507,281,5,1),(2544,4507,282,5,1),(2545,4507,283,5,1),(2546,4507,271,5,1),(2547,4507,274,5,1),(2548,4507,272,5,1),(2549,4507,275,5,1),(2550,4508,375,5,1),(2551,4508,376,5,1),(2552,4508,378,5,1),(2553,4508,377,5,1),(2554,4508,381,5,1),(2555,4508,379,5,1),(2556,4508,380,5,1),(2557,4508,382,5,1),(2558,4508,384,5,1),(2559,4508,383,5,1),(2560,4508,386,5,1),(2561,4508,387,5,1),(2562,4508,388,5,1),(2563,4508,389,5,1),(2564,4508,385,5,1),(2565,4508,390,5,1),(2566,4508,391,5,1),(2567,4508,395,5,1),(2568,4508,394,5,1),(2569,4508,392,5,1),(2570,4508,393,5,1),(2571,4508,399,5,1),(2572,4508,398,5,1),(2573,4508,396,5,1),(2574,4508,397,5,1),(2575,4508,401,5,1),(2576,4508,400,5,1),(2577,4508,403,5,1),(2578,4508,402,5,1),(2579,4508,404,5,1),(2580,4508,406,5,1),(2581,4508,407,5,1),(2582,4508,405,5,1),(2583,4508,409,5,1),(2584,4508,408,5,1),(2585,4508,410,5,1),(2586,4508,413,5,1),(2587,4508,414,5,1),(2588,4508,412,5,1),(2589,4508,411,5,1),(2590,4508,415,5,1),(2591,4508,417,5,1),(2592,4508,416,5,1),(2593,4508,418,5,1),(2594,4508,420,5,1),(2595,4508,419,5,1),(2596,4508,421,5,1),(2597,4508,422,5,1),(2598,4508,291,5,1),(2599,4508,284,5,1),(2600,4508,285,5,1),(2601,4508,290,5,1),(2602,4508,288,5,1),(2603,4508,286,5,1),(2604,4508,287,5,1),(2605,4508,292,5,1),(2606,4508,289,5,1),(2607,4508,299,5,1),(2608,4508,293,5,1),(2609,4508,294,5,1),(2610,4508,298,5,1),(2611,4508,296,5,1),(2612,4508,295,5,1),(2613,4508,300,5,1),(2614,4508,297,5,1),(2615,4508,304,5,1),(2616,4508,305,5,1),(2617,4508,303,5,1),(2618,4508,302,5,1),(2619,4508,301,5,1),(2620,4508,309,5,1),(2621,4508,310,5,1),(2622,4508,308,5,1),(2623,4508,307,5,1),(2624,4508,306,5,1),(2625,4508,315,5,1),(2626,4508,316,5,1),(2627,4508,311,5,1),(2628,4508,312,5,1),(2629,4508,313,5,1),(2630,4508,314,5,1),(2631,4508,321,5,1),(2632,4508,322,5,1),(2633,4508,317,5,1),(2634,4508,318,5,1),(2635,4508,319,5,1),(2636,4508,320,5,1),(2637,4508,323,5,1),(2638,4508,324,5,1),(2639,4508,326,5,1),(2640,4508,325,5,1),(2641,4508,327,5,1),(2642,4508,328,5,1),(2643,4508,329,5,1),(2644,4508,331,5,1),(2645,4508,330,5,1),(2646,4508,332,5,1),(2647,4508,337,5,1),(2648,4508,335,5,1),(2649,4508,333,5,1),(2650,4508,334,5,1),(2651,4508,336,5,1),(2652,4508,342,5,1),(2653,4508,340,5,1),(2654,4508,338,5,1),(2655,4508,339,5,1),(2656,4508,341,5,1),(2657,4508,345,5,1),(2658,4508,346,5,1),(2659,4508,344,5,1),(2660,4508,347,5,1),(2661,4508,343,5,1),(2662,4508,350,5,1),(2663,4508,351,5,1),(2664,4508,349,5,1),(2665,4508,352,5,1),(2666,4508,348,5,1),(2667,4508,353,5,1),(2668,4508,356,5,1),(2669,4508,358,5,1),(2670,4508,354,5,1),(2671,4508,357,5,1),(2672,4508,355,5,1),(2673,4508,359,5,1),(2674,4508,362,5,1),(2675,4508,364,5,1),(2676,4508,360,5,1),(2677,4508,363,5,1),(2678,4508,361,5,1),(2679,4508,369,5,1),(2680,4508,366,5,1),(2681,4508,365,5,1),(2682,4508,368,5,1),(2683,4508,367,5,1),(2684,4508,374,5,1),(2685,4508,371,5,1),(2686,4508,370,5,1),(2687,4508,373,5,1),(2688,4508,372,5,1),(2689,4509,375,5,1),(2690,4509,376,5,1),(2691,4509,378,5,1),(2692,4509,377,5,1),(2693,4509,381,5,1),(2694,4509,379,5,1),(2695,4509,380,5,1),(2696,4509,382,5,1),(2697,4509,384,5,1),(2698,4509,383,5,1),(2699,4509,386,5,1),(2700,4509,387,5,1),(2701,4509,388,5,1),(2702,4509,389,5,1),(2703,4509,385,5,1),(2704,4509,390,5,1),(2705,4509,391,5,1),(2706,4509,395,5,1),(2707,4509,394,5,1),(2708,4509,392,5,1),(2709,4509,393,5,1),(2710,4509,399,5,1),(2711,4509,398,5,1),(2712,4509,396,5,1),(2713,4509,397,5,1),(2714,4509,401,5,1),(2715,4509,400,5,1),(2716,4509,403,5,1),(2717,4509,402,5,1),(2718,4509,404,5,1),(2719,4509,406,5,1),(2720,4509,407,5,1),(2721,4509,405,5,1),(2722,4509,409,5,1),(2723,4509,408,5,1),(2724,4509,410,5,1),(2725,4509,413,5,1),(2726,4509,414,5,1),(2727,4509,412,5,1),(2728,4509,411,5,1),(2729,4509,415,5,1),(2730,4509,417,5,1),(2731,4509,416,5,1),(2732,4509,418,5,1),(2733,4509,420,5,1),(2734,4509,419,5,1),(2735,4509,421,5,1),(2736,4509,422,5,1),(2737,4509,291,5,1),(2738,4509,284,5,1),(2739,4509,285,5,1),(2740,4509,290,5,1),(2741,4509,288,5,1),(2742,4509,286,5,1),(2743,4509,287,5,1),(2744,4509,292,5,1),(2745,4509,289,5,1),(2746,4509,299,5,1),(2747,4509,293,5,1),(2748,4509,294,5,1),(2749,4509,298,5,1),(2750,4509,296,5,1),(2751,4509,295,5,1),(2752,4509,300,5,1),(2753,4509,297,5,1),(2754,4509,304,5,1),(2755,4509,305,5,1),(2756,4509,303,5,1),(2757,4509,302,5,1),(2758,4509,301,5,1),(2759,4509,309,5,1),(2760,4509,310,5,1),(2761,4509,308,5,1),(2762,4509,307,5,1),(2763,4509,306,5,1),(2764,4509,315,5,1),(2765,4509,316,5,1),(2766,4509,311,5,1),(2767,4509,312,5,1),(2768,4509,313,5,1),(2769,4509,314,5,1),(2770,4509,321,5,1),(2771,4509,322,5,1),(2772,4509,317,5,1),(2773,4509,318,5,1),(2774,4509,319,5,1),(2775,4509,320,5,1),(2776,4509,323,5,1),(2777,4509,324,5,1),(2778,4509,326,5,1),(2779,4509,325,5,1),(2780,4509,327,5,1),(2781,4509,328,5,1),(2782,4509,329,5,1),(2783,4509,331,5,1),(2784,4509,330,5,1),(2785,4509,332,5,1),(2786,4509,337,5,1),(2787,4509,335,5,1),(2788,4509,333,5,1),(2789,4509,334,5,1),(2790,4509,336,5,1),(2791,4509,342,5,1),(2792,4509,340,5,1),(2793,4509,338,5,1),(2794,4509,339,5,1),(2795,4509,341,5,1),(2796,4509,345,5,1),(2797,4509,346,5,1),(2798,4509,344,5,1),(2799,4509,347,5,1),(2800,4509,343,5,1),(2801,4509,350,5,1),(2802,4509,351,5,1),(2803,4509,349,5,1),(2804,4509,352,5,1),(2805,4509,348,5,1),(2806,4509,353,5,1),(2807,4509,356,5,1),(2808,4509,358,5,1),(2809,4509,354,5,1),(2810,4509,357,5,1),(2811,4509,355,5,1),(2812,4509,359,5,1),(2813,4509,362,5,1),(2814,4509,364,5,1),(2815,4509,360,5,1),(2816,4509,363,5,1),(2817,4509,361,5,1),(2818,4509,369,5,1),(2819,4509,366,5,1),(2820,4509,365,5,1),(2821,4509,368,5,1),(2822,4509,367,5,1),(2823,4509,374,5,1),(2824,4509,371,5,1),(2825,4509,370,5,1),(2826,4509,373,5,1),(2827,4509,372,5,1),(2828,4510,375,5,1),(2829,4510,376,5,1),(2830,4510,378,5,1),(2831,4510,377,5,1),(2832,4510,381,5,1),(2833,4510,379,5,1),(2834,4510,380,5,1),(2835,4510,382,5,1),(2836,4510,384,5,1),(2837,4510,383,5,1),(2838,4510,386,5,1),(2839,4510,387,5,1),(2840,4510,388,5,1),(2841,4510,389,5,1),(2842,4510,385,5,1),(2843,4510,390,5,1),(2844,4510,391,5,1),(2845,4510,395,5,1),(2846,4510,394,5,1),(2847,4510,392,5,1),(2848,4510,393,5,1),(2849,4510,399,5,1),(2850,4510,398,5,1),(2851,4510,396,5,1),(2852,4510,397,5,1),(2853,4510,401,5,1),(2854,4510,400,5,1),(2855,4510,403,5,1),(2856,4510,402,5,1),(2857,4510,404,5,1),(2858,4510,406,5,1),(2859,4510,407,5,1),(2860,4510,405,5,1),(2861,4510,409,5,1),(2862,4510,408,5,1),(2863,4510,410,5,1),(2864,4510,413,5,1),(2865,4510,414,5,1),(2866,4510,412,5,1),(2867,4510,411,5,1),(2868,4510,415,5,1),(2869,4510,417,5,1),(2870,4510,416,5,1),(2871,4510,418,5,1),(2872,4510,420,5,1),(2873,4510,419,5,1),(2874,4510,421,5,1),(2875,4510,422,5,1),(2876,4510,291,5,1),(2877,4510,284,5,1),(2878,4510,285,5,1),(2879,4510,290,5,1),(2880,4510,288,5,1),(2881,4510,286,5,1),(2882,4510,287,5,1),(2883,4510,292,5,1),(2884,4510,289,5,1),(2885,4510,299,5,1),(2886,4510,293,5,1),(2887,4510,294,5,1),(2888,4510,298,5,1),(2889,4510,296,5,1),(2890,4510,295,5,1),(2891,4510,300,5,1),(2892,4510,297,5,1),(2893,4510,304,5,1),(2894,4510,305,5,1),(2895,4510,303,5,1),(2896,4510,302,5,1),(2897,4510,301,5,1),(2898,4510,309,5,1),(2899,4510,310,5,1),(2900,4510,308,5,1),(2901,4510,307,5,1),(2902,4510,306,5,1),(2903,4510,315,5,1),(2904,4510,316,5,1),(2905,4510,311,5,1),(2906,4510,312,5,1),(2907,4510,313,5,1),(2908,4510,314,5,1),(2909,4510,321,5,1),(2910,4510,322,5,1),(2911,4510,317,5,1),(2912,4510,318,5,1),(2913,4510,319,5,1),(2914,4510,320,5,1),(2915,4510,323,5,1),(2916,4510,324,5,1),(2917,4510,326,5,1),(2918,4510,325,5,1),(2919,4510,327,5,1),(2920,4510,328,5,1),(2921,4510,329,5,1),(2922,4510,331,5,1),(2923,4510,330,5,1),(2924,4510,332,5,1),(2925,4510,337,5,1),(2926,4510,335,5,1),(2927,4510,333,5,1),(2928,4510,334,5,1),(2929,4510,336,5,1),(2930,4510,342,5,1),(2931,4510,340,5,1),(2932,4510,338,5,1),(2933,4510,339,5,1),(2934,4510,341,5,1),(2935,4510,345,5,1),(2936,4510,346,5,1),(2937,4510,344,5,1),(2938,4510,347,5,1),(2939,4510,343,5,1),(2940,4510,350,5,1),(2941,4510,351,5,1),(2942,4510,349,5,1),(2943,4510,352,5,1),(2944,4510,348,5,1),(2945,4510,353,5,1),(2946,4510,356,5,1),(2947,4510,358,5,1),(2948,4510,354,5,1),(2949,4510,357,5,1),(2950,4510,355,5,1),(2951,4510,359,5,1),(2952,4510,362,5,1),(2953,4510,364,5,1),(2954,4510,360,5,1),(2955,4510,363,5,1),(2956,4510,361,5,1),(2957,4510,369,5,1),(2958,4510,366,5,1),(2959,4510,365,5,1),(2960,4510,368,5,1),(2961,4510,367,5,1),(2962,4510,374,5,1),(2963,4510,371,5,1),(2964,4510,370,5,1),(2965,4510,373,5,1),(2966,4510,372,5,1),(2967,4511,250,5,1),(2968,4511,251,5,1),(2969,4511,253,5,1),(2970,4511,252,5,1),(2971,4511,256,5,1),(2972,4511,254,5,1),(2973,4511,255,5,1),(2974,4511,257,5,1),(2975,4511,259,5,1),(2976,4511,258,5,1),(2977,4511,261,5,1),(2978,4511,262,5,1),(2979,4511,263,5,1),(2980,4511,264,5,1),(2981,4511,260,5,1),(2982,4511,265,5,1),(2983,4511,266,5,1),(2984,4511,270,5,1),(2985,4511,269,5,1),(2986,4511,267,5,1),(2987,4511,268,5,1),(2988,4511,424,5,1),(2989,4511,426,5,1),(2990,4511,425,5,1),(2991,4511,423,5,1),(2992,4511,427,5,1),(2993,4511,431,5,1),(2994,4511,430,5,1),(2995,4511,428,5,1),(2996,4511,429,5,1),(2997,4511,432,5,1),(2998,4511,433,5,1),(2999,4511,436,5,1),(3000,4511,434,5,1),(3001,4511,435,5,1),(3002,4511,437,5,1),(3003,4511,439,5,1),(3004,4511,438,5,1),(3005,4511,440,5,1),(3006,4511,441,5,1),(3007,4511,443,5,1),(3008,4511,442,5,1),(3009,4511,444,5,1),(3010,4511,445,5,1),(3011,4511,446,5,1),(3012,4511,449,5,1),(3013,4511,450,5,1),(3014,4511,447,5,1),(3015,4511,448,5,1),(3016,4511,451,5,1),(3017,4511,452,5,1),(3018,4511,453,5,1),(3019,4511,454,5,1),(3020,4511,164,5,1),(3021,4511,158,5,1),(3022,4511,159,5,1),(3023,4511,163,5,1),(3024,4511,161,5,1),(3025,4511,160,5,1),(3026,4511,165,5,1),(3027,4511,162,5,1),(3028,4511,172,5,1),(3029,4511,166,5,1),(3030,4511,167,5,1),(3031,4511,171,5,1),(3032,4511,169,5,1),(3033,4511,168,5,1),(3034,4511,173,5,1),(3035,4511,174,5,1),(3036,4511,170,5,1),(3037,4511,178,5,1),(3038,4511,179,5,1),(3039,4511,177,5,1),(3040,4511,176,5,1),(3041,4511,175,5,1),(3042,4511,184,5,1),(3043,4511,185,5,1),(3044,4511,182,5,1),(3045,4511,183,5,1),(3046,4511,181,5,1),(3047,4511,180,5,1),(3048,4511,190,5,1),(3049,4511,191,5,1),(3050,4511,186,5,1),(3051,4511,187,5,1),(3052,4511,188,5,1),(3053,4511,189,5,1),(3054,4511,196,5,1),(3055,4511,197,5,1),(3056,4511,192,5,1),(3057,4511,193,5,1),(3058,4511,194,5,1),(3059,4511,195,5,1),(3060,4511,198,5,1),(3061,4511,199,5,1),(3062,4511,201,5,1),(3063,4511,200,5,1),(3064,4511,202,5,1),(3065,4511,203,5,1),(3066,4511,204,5,1),(3067,4511,206,5,1),(3068,4511,205,5,1),(3069,4511,207,5,1),(3070,4511,212,5,1),(3071,4511,210,5,1),(3072,4511,208,5,1),(3073,4511,209,5,1),(3074,4511,211,5,1),(3075,4511,217,5,1),(3076,4511,215,5,1),(3077,4511,213,5,1),(3078,4511,214,5,1),(3079,4511,216,5,1),(3080,4511,220,5,1),(3081,4511,221,5,1),(3082,4511,219,5,1),(3083,4511,222,5,1),(3084,4511,218,5,1),(3085,4511,225,5,1),(3086,4511,226,5,1),(3087,4511,224,5,1),(3088,4511,227,5,1),(3089,4511,223,5,1),(3090,4511,228,5,1),(3091,4511,231,5,1),(3092,4511,233,5,1),(3093,4511,229,5,1),(3094,4511,232,5,1),(3095,4511,230,5,1),(3096,4511,230,5,1),(3097,4512,250,5,1),(3098,4512,251,5,1),(3099,4512,253,5,1),(3100,4512,252,5,1),(3101,4512,256,5,1),(3102,4512,254,5,1),(3103,4512,255,5,1),(3104,4512,257,5,1),(3105,4512,259,5,1),(3106,4512,258,5,1),(3107,4512,261,5,1),(3108,4512,262,5,1),(3109,4512,263,5,1),(3110,4512,264,5,1),(3111,4512,260,5,1),(3112,4512,265,5,1),(3113,4512,266,5,1),(3114,4512,270,5,1),(3115,4512,269,5,1),(3116,4512,267,5,1),(3117,4512,268,5,1),(3118,4512,424,5,1),(3119,4512,426,5,1),(3120,4512,425,5,1),(3121,4512,423,5,1),(3122,4512,427,5,1),(3123,4512,431,5,1),(3124,4512,430,5,1),(3125,4512,428,5,1),(3126,4512,429,5,1),(3127,4512,432,5,1),(3128,4512,433,5,1),(3129,4512,436,5,1),(3130,4512,434,5,1),(3131,4512,435,5,1),(3132,4512,437,5,1),(3133,4512,439,5,1),(3134,4512,438,5,1),(3135,4512,440,5,1),(3136,4512,441,5,1),(3137,4512,443,5,1),(3138,4512,442,5,1),(3139,4512,444,5,1),(3140,4512,445,5,1),(3141,4512,446,5,1),(3142,4512,449,5,1),(3143,4512,450,5,1),(3144,4512,447,5,1),(3145,4512,448,5,1),(3146,4512,451,5,1),(3147,4512,452,5,1),(3148,4512,453,5,1),(3149,4512,454,5,1),(3150,4512,164,5,1),(3151,4512,158,5,1),(3152,4512,159,5,1),(3153,4512,163,5,1),(3154,4512,161,5,1),(3155,4512,160,5,1),(3156,4512,165,5,1),(3157,4512,162,5,1),(3158,4512,172,5,1),(3159,4512,166,5,1),(3160,4512,167,5,1),(3161,4512,171,5,1),(3162,4512,169,5,1),(3163,4512,168,5,1),(3164,4512,173,5,1),(3165,4512,174,5,1),(3166,4512,170,5,1),(3167,4512,178,5,1),(3168,4512,179,5,1),(3169,4512,177,5,1),(3170,4512,176,5,1),(3171,4512,175,5,1),(3172,4512,184,5,1),(3173,4512,185,5,1),(3174,4512,182,5,1),(3175,4512,183,5,1),(3176,4512,181,5,1),(3177,4512,180,5,1),(3178,4512,190,5,1),(3179,4512,191,5,1),(3180,4512,186,5,1),(3181,4512,187,5,1),(3182,4512,188,5,1),(3183,4512,189,5,1),(3184,4512,196,5,1),(3185,4512,197,5,1),(3186,4512,192,5,1),(3187,4512,193,5,1),(3188,4512,194,5,1),(3189,4512,195,5,1),(3190,4512,198,5,1),(3191,4512,199,5,1),(3192,4512,201,5,1),(3193,4512,200,5,1),(3194,4512,202,5,1),(3195,4512,203,5,1),(3196,4512,204,5,1),(3197,4512,206,5,1),(3198,4512,205,5,1),(3199,4512,207,5,1),(3200,4512,212,5,1),(3201,4512,210,5,1),(3202,4512,208,5,1),(3203,4512,209,5,1),(3204,4512,211,5,1),(3205,4512,217,5,1),(3206,4512,215,5,1),(3207,4512,213,5,1),(3208,4512,214,5,1),(3209,4512,216,5,1),(3210,4512,220,5,1),(3211,4512,221,5,1),(3212,4512,219,5,1),(3213,4512,222,5,1),(3214,4512,218,5,1),(3215,4512,225,5,1),(3216,4512,226,5,1),(3217,4512,224,5,1),(3218,4512,227,5,1),(3219,4512,223,5,1),(3220,4512,228,5,1),(3221,4512,231,5,1),(3222,4512,233,5,1),(3223,4512,229,5,1),(3224,4512,232,5,1),(3225,4512,230,5,1),(3226,4512,234,5,1),(3227,4512,237,5,1),(3228,4512,239,5,1),(3229,4512,235,5,1),(3230,4512,238,5,1),(3231,4512,236,5,1),(3232,4512,244,5,1),(3233,4512,241,5,1),(3234,4512,240,5,1),(3235,4512,243,5,1),(3236,4512,242,5,1),(3237,4512,249,5,1),(3238,4512,246,5,1),(3239,4512,245,5,1),(3240,4512,248,5,1),(3241,4512,248,5,1),(3242,4513,86,5,1),(3243,4513,87,5,1),(3244,4513,90,5,1),(3245,4513,89,5,1),(3246,4513,93,5,1),(3247,4513,91,5,1),(3248,4513,92,5,1),(3249,4513,94,5,1),(3250,4513,96,5,1),(3251,4513,95,5,1),(3252,4513,97,5,1),(3253,4513,98,5,1),(3254,4513,99,5,1),(3255,4513,100,5,1),(3256,4513,101,5,1),(3257,4513,102,5,1),(3258,4513,106,5,1),(3259,4513,105,5,1),(3260,4513,103,5,1),(3261,4513,104,5,1),(3262,4513,8,5,1),(3263,4513,13,5,1),(3264,4513,12,5,1),(3265,4513,9,5,1),(3266,4513,14,5,1),(3267,4513,16,5,1),(3268,4513,15,5,1),(3269,4513,17,5,1),(3270,4513,20,5,1),(3271,4513,19,5,1),(3272,4513,7,5,1),(3273,4513,18,5,1),(3274,4513,75,5,1),(3275,4513,70,5,1),(3276,4513,71,5,1),(3277,4513,72,5,1),(3278,4513,73,5,1),(3279,4513,74,5,1),(3280,4513,77,5,1),(3281,4513,76,5,1),(3282,4513,79,5,1),(3283,4513,78,5,1),(3284,4513,80,5,1),(3285,4513,85,5,1),(3286,4513,84,5,1),(3287,4513,81,5,1),(3288,4513,83,5,1),(3289,4513,82,5,1),(3290,4513,30,5,1),(3291,4513,23,5,1),(3292,4513,24,5,1),(3293,4513,29,5,1),(3294,4513,27,5,1),(3295,4513,25,5,1),(3296,4513,31,5,1),(3297,4513,28,5,1),(3298,4513,113,5,1),(3299,4513,107,5,1),(3300,4513,108,5,1),(3301,4513,112,5,1),(3302,4513,110,5,1),(3303,4513,109,5,1),(3304,4513,114,5,1),(3305,4513,111,5,1),(3306,4513,35,5,1),(3307,4513,36,5,1),(3308,4513,34,5,1),(3309,4513,33,5,1),(3310,4513,32,5,1),(3311,4513,118,5,1),(3312,4513,119,5,1),(3313,4513,117,5,1),(3314,4513,116,5,1),(3315,4513,115,5,1),(3316,4513,124,5,1),(3317,4513,125,5,1),(3318,4513,120,5,1),(3319,4513,121,5,1),(3320,4513,122,5,1),(3321,4513,123,5,1),(3322,4513,130,5,1),(3323,4513,131,5,1),(3324,4513,126,5,1),(3325,4513,127,5,1),(3326,4513,128,5,1),(3327,4513,129,5,1),(3328,4513,43,5,1),(3329,4513,44,5,1),(3330,4513,46,5,1),(3331,4513,45,5,1),(3332,4513,47,5,1),(3333,4513,132,5,1),(3334,4513,133,5,1),(3335,4513,135,5,1),(3336,4513,134,5,1),(3337,4513,136,5,1),(3338,4513,53,5,1),(3339,4513,51,5,1),(3340,4513,49,5,1),(3341,4513,50,5,1),(3342,4513,52,5,1),(3343,4513,141,5,1),(3344,4513,139,5,1),(3345,4513,137,5,1),(3346,4513,138,5,1),(3347,4513,140,5,1),(3348,4513,56,5,1),(3349,4513,57,5,1),(3350,4513,55,5,1),(3351,4513,58,5,1),(3352,4513,54,5,1),(3353,4513,144,5,1),(3354,4513,145,5,1),(3355,4513,143,5,1),(3356,4513,146,5,1),(3357,4513,142,5,1),(3358,4513,59,5,1),(3359,4513,62,5,1),(3360,4513,64,5,1),(3361,4513,60,5,1),(3362,4513,63,5,1),(3363,4513,61,5,1),(3364,4513,147,5,1),(3365,4513,150,5,1),(3366,4513,152,5,1),(3367,4513,149,5,1),(3368,4513,151,5,1),(3369,4513,148,5,1),(3370,4513,69,5,1),(3371,4513,66,5,1),(3372,4513,65,5,1),(3373,4513,68,5,1),(3374,4513,67,5,1),(3375,4513,157,5,1),(3376,4513,154,5,1),(3377,4513,153,5,1),(3378,4513,156,5,1),(3379,4513,155,5,1),(3380,4514,86,5,1),(3381,4514,87,5,1),(3382,4514,90,5,1),(3383,4514,89,5,1),(3384,4514,93,5,1),(3385,4514,91,5,1),(3386,4514,92,5,1),(3387,4514,94,5,1),(3388,4514,96,5,1),(3389,4514,95,5,1),(3390,4514,97,5,1),(3391,4514,98,5,1),(3392,4514,99,5,1),(3393,4514,100,5,1),(3394,4514,101,5,1),(3395,4514,102,5,1),(3396,4514,106,5,1),(3397,4514,105,5,1),(3398,4514,103,5,1),(3399,4514,104,5,1),(3400,4514,8,5,1),(3401,4514,13,5,1),(3402,4514,12,5,1),(3403,4514,9,5,1),(3404,4514,14,5,1),(3405,4514,16,5,1),(3406,4514,15,5,1),(3407,4514,17,5,1),(3408,4514,20,5,1),(3409,4514,19,5,1),(3410,4514,7,5,1),(3411,4514,18,5,1),(3412,4514,75,5,1),(3413,4514,70,5,1),(3414,4514,71,5,1),(3415,4514,72,5,1),(3416,4514,73,5,1),(3417,4514,74,5,1),(3418,4514,77,5,1),(3419,4514,76,5,1),(3420,4514,79,5,1),(3421,4514,78,5,1),(3422,4514,80,5,1),(3423,4514,85,5,1),(3424,4514,84,5,1),(3425,4514,81,5,1),(3426,4514,83,5,1),(3427,4514,82,5,1),(3428,4514,30,5,1),(3429,4514,23,5,1),(3430,4514,24,5,1),(3431,4514,29,5,1),(3432,4514,27,5,1),(3433,4514,25,5,1),(3434,4514,31,5,1),(3435,4514,28,5,1),(3436,4514,113,5,1),(3437,4514,107,5,1),(3438,4514,108,5,1),(3439,4514,112,5,1),(3440,4514,110,5,1),(3441,4514,109,5,1),(3442,4514,114,5,1),(3443,4514,111,5,1),(3444,4514,35,5,1),(3445,4514,36,5,1),(3446,4514,34,5,1),(3447,4514,33,5,1),(3448,4514,32,5,1),(3449,4514,118,5,1),(3450,4514,119,5,1),(3451,4514,117,5,1),(3452,4514,116,5,1),(3453,4514,115,5,1),(3454,4514,124,5,1),(3455,4514,125,5,1),(3456,4514,120,5,1),(3457,4514,121,5,1),(3458,4514,122,5,1),(3459,4514,123,5,1),(3460,4514,130,5,1),(3461,4514,131,5,1),(3462,4514,126,5,1),(3463,4514,127,5,1),(3464,4514,128,5,1),(3465,4514,129,5,1),(3466,4514,43,5,1),(3467,4514,44,5,1),(3468,4514,46,5,1),(3469,4514,45,5,1),(3470,4514,47,5,1),(3471,4514,132,5,1),(3472,4514,133,5,1),(3473,4514,135,5,1),(3474,4514,134,5,1),(3475,4514,136,5,1),(3476,4514,53,5,1),(3477,4514,51,5,1),(3478,4514,49,5,1),(3479,4514,50,5,1),(3480,4514,52,5,1),(3481,4514,141,5,1),(3482,4514,139,5,1),(3483,4514,137,5,1),(3484,4514,138,5,1),(3485,4514,140,5,1),(3486,4514,56,5,1),(3487,4514,57,5,1),(3488,4514,55,5,1),(3489,4514,58,5,1),(3490,4514,54,5,1),(3491,4514,144,5,1),(3492,4514,145,5,1),(3493,4514,143,5,1),(3494,4514,146,5,1),(3495,4514,142,5,1),(3496,4514,59,5,1),(3497,4514,62,5,1),(3498,4514,64,5,1),(3499,4514,60,5,1),(3500,4514,63,5,1),(3501,4514,61,5,1),(3502,4514,147,5,1),(3503,4514,150,5,1),(3504,4514,152,5,1),(3505,4514,149,5,1),(3506,4514,151,5,1),(3507,4514,148,5,1),(3508,4514,69,5,1),(3509,4514,66,5,1),(3510,4514,65,5,1),(3511,4514,68,5,1),(3512,4514,67,5,1),(3513,4514,157,5,1),(3514,4514,154,5,1),(3515,4514,153,5,1),(3516,4514,156,5,1),(3517,4514,155,5,1);

/*Table structure for table `link_course_department` */

DROP TABLE IF EXISTS `link_course_department`;

CREATE TABLE `link_course_department` (
  `id` int(11) NOT NULL AUTO_INCREMENT,
  `department_id` int(11) NOT NULL,
  `course_id` int(11) NOT NULL,
  PRIMARY KEY (`id`),
  KEY `PK_link_course_department` (`id`),
  KEY `fk_link_course_department_course` (`course_id`),
  KEY `fk_link_course_department_department` (`department_id`),
  CONSTRAINT `fk_link_course_department_course` FOREIGN KEY (`course_id`) REFERENCES `course` (`id`),
  CONSTRAINT `fk_link_course_department_department` FOREIGN KEY (`department_id`) REFERENCES `department` (`id`)
) ENGINE=InnoDB AUTO_INCREMENT=4639 DEFAULT CHARSET=latin1;

/*Data for the table `link_course_department` */

insert  into `link_course_department`(`id`,`department_id`,`course_id`) values (3840,1,3851),(3841,1,3852),(4416,1,4211),(4417,1,4209),(4549,1,4208),(4630,1,4391),(4631,1,4392),(4638,1,4393);

/*Table structure for table `link_course_offering_assessment` */

DROP TABLE IF EXISTS `link_course_offering_assessment`;

CREATE TABLE `link_course_offering_assessment` (
  `id` int(11) NOT NULL AUTO_INCREMENT,
  `course_offering_id` int(11) NOT NULL,
  `assessment_id` int(11) NOT NULL,
  `weight` double(6,3) DEFAULT NULL,
  `assessment_time_option_id` int(11) NOT NULL,
  `additional_info` varchar(1000) DEFAULT NULL,
  `criterion_exists` varchar(1) NOT NULL DEFAULT 'N',
  `criterion_level` double(5,3) NOT NULL DEFAULT '0.000',
  `criterion_completion_required` varchar(1) NOT NULL DEFAULT 'N',
  `criterion_submit_required` varchar(1) NOT NULL DEFAULT 'N',
  PRIMARY KEY (`id`),
  KEY `PK_link_course_assessment` (`id`),
  KEY `fk_link_course_offering_assessment_course` (`course_offering_id`),
  KEY `fk_link_course_offering_assessment_time_option` (`assessment_time_option_id`),
  KEY `fk_link_course_offering_assessment_assessment` (`assessment_id`),
  CONSTRAINT `fk_link_course_offering_assessment_assessment` FOREIGN KEY (`assessment_id`) REFERENCES `assessment` (`id`),
  CONSTRAINT `fk_link_course_offering_assessment_course` FOREIGN KEY (`course_offering_id`) REFERENCES `course_offering` (`id`),
  CONSTRAINT `fk_link_course_offering_assessment_time_option` FOREIGN KEY (`assessment_time_option_id`) REFERENCES `assessment_time_option` (`id`)
) ENGINE=InnoDB AUTO_INCREMENT=1485 DEFAULT CHARSET=latin1;

/*Data for the table `link_course_offering_assessment` */

insert  into `link_course_offering_assessment`(`id`,`course_offering_id`,`assessment_id`,`weight`,`assessment_time_option_id`,`additional_info`,`criterion_exists`,`criterion_level`,`criterion_completion_required`,`criterion_submit_required`) values (109,13692,32,50.000,4,'Making a exceptionally pretty basket, a plan','N',0.000,'N','N'),(110,13692,32,50.000,9,'Making a exceptionally pretty basket, the final product','N',0.000,'N','N'),(114,13691,25,10.000,7,'Assignment 4','N',0.000,'N','N'),(141,13691,38,5.000,10,'Journal','N',0.000,'N','N'),(142,31993,35,5.000,3,'','N',0.000,'N','N'),(144,31993,35,10.000,3,'','Y',50.000,'N','N'),(145,31993,44,10.000,7,'','N',0.000,'N','N'),(147,31993,38,20.000,8,'','N',0.000,'N','N'),(148,31993,36,10.000,3,'','N',0.000,'N','N'),(186,40180,25,5.000,3,' article review','N',0.000,'N','N'),(187,40180,25,10.000,3,NULL,'N',0.000,'N','N'),(190,40180,25,10.000,7,NULL,'N',0.000,'N','N'),(192,40180,38,5.000,10,NULL,'N',0.000,'N','N'),(196,40182,35,5.000,3,NULL,'N',0.000,'N','N'),(197,40182,35,10.000,3,NULL,'Y',50.000,'N','N'),(198,40182,36,10.000,3,NULL,'N',0.000,'N','N'),(200,40182,44,10.000,7,NULL,'N',0.000,'N','N'),(201,40182,38,20.000,8,NULL,'N',0.000,'N','N'),(205,40180,36,10.000,7,'','N',0.000,'N','N'),(216,40181,32,30.000,3,'','Y',85.000,'N','N'),(218,40181,34,40.000,7,'','N',0.000,'N','N'),(219,40183,11,10.000,7,'','N',0.000,'N','N'),(256,40181,49,30.000,3,'','N',0.000,'N','N'),(257,40182,49,0.000,3,'','N',0.000,'N','N'),(258,40182,49,30.000,9,'','N',0.000,'N','N'),(259,40182,48,15.000,9,'','N',0.000,'N','N'),(293,40180,49,30.000,9,'','N',0.000,'N','N'),(295,40183,48,10.000,3,'','N',0.000,'N','N'),(296,40183,51,20.000,3,'','N',0.000,'N','N'),(297,40183,41,10.000,3,'','N',0.000,'N','N'),(321,40188,49,20.000,9,'','N',0.000,'N','N'),(322,40188,32,20.000,4,'','N',0.000,'N','N'),(323,40189,49,40.000,9,'','Y',70.000,'Y','Y'),(340,40183,64,25.000,8,'Must make a basket','Y',0.000,'Y','Y'),(475,40183,51,20.000,3,'','N',0.000,'Y','Y'),(476,40183,41,5.000,3,'','N',0.000,'N','N'),(539,40189,22,20.000,10,'','Y',0.000,'Y','Y'),(702,13692,49,0.000,3,'','N',0.000,'N','N'),(705,40180,41,10.000,3,'','N',0.000,'N','N'),(790,52425,63,30.000,3,'','N',0.000,'N','N'),(791,52425,51,20.000,4,'','N',0.000,'N','N'),(792,52425,61,25.000,9,'','Y',75.000,'Y','Y'),(793,52425,44,5.000,3,'','N',0.000,'N','N'),(1022,52429,35,0.000,7,'','N',0.000,'N','N'),(1023,52429,35,0.000,7,'','N',20.000,'N','N'),(1024,52429,61,0.000,7,'','N',0.000,'N','N'),(1025,52429,61,0.000,7,'','N',0.000,'N','N'),(1026,52429,61,0.000,7,'','N',0.000,'N','N'),(1027,52429,61,0.000,7,'','N',0.000,'N','N'),(1239,52448,48,10.000,3,NULL,'N',0.000,'N','N'),(1240,52448,51,15.000,3,'','N',0.000,'N','N'),(1241,52448,41,10.000,3,NULL,'N',0.000,'N','N'),(1242,52448,51,15.000,3,'','N',0.000,'Y','Y'),(1243,52448,41,5.000,3,NULL,'N',0.000,'N','N'),(1244,52448,11,10.000,7,NULL,'N',0.000,'N','N'),(1245,52448,64,15.000,8,'','Y',0.000,'Y','Y'),(1246,52423,48,10.000,3,NULL,'N',0.000,'N','N'),(1247,52423,51,20.000,3,NULL,'N',0.000,'N','N'),(1248,52423,41,10.000,3,NULL,'N',0.000,'N','N'),(1249,52423,51,20.000,3,NULL,'N',0.000,'Y','Y'),(1250,52423,41,5.000,3,NULL,'N',0.000,'N','N'),(1251,52423,11,10.000,7,NULL,'N',0.000,'N','N'),(1252,52423,64,25.000,8,NULL,'Y',0.000,'Y','Y'),(1380,40180,49,0.000,3,'','N',0.000,'N','N'),(1384,40180,22,15.000,10,'','N',0.000,'N','N'),(1385,40180,49,0.000,3,'','N',0.000,'N','N'),(1398,40180,22,0.000,10,'','N',0.000,'N','N'),(1399,52451,25,10.000,3,'','N',60.000,'N','N'),(1409,52448,34,20.000,9,'','N',80.000,'Y','Y'),(1413,52459,25,5.000,3,NULL,'N',0.000,'N','N'),(1414,52459,25,10.000,3,NULL,'N',0.000,'N','N'),(1415,52459,41,10.000,3,NULL,'N',0.000,'N','N'),(1416,52459,49,0.000,3,NULL,'N',0.000,'N','N'),(1417,52459,49,0.000,3,NULL,'N',0.000,'N','N'),(1418,52459,25,10.000,7,NULL,'N',0.000,'N','N'),(1419,52459,36,10.000,7,NULL,'N',0.000,'N','N'),(1420,52459,49,30.000,9,NULL,'N',0.000,'N','N'),(1421,52459,22,0.000,10,NULL,'N',0.000,'N','N'),(1422,52459,38,5.000,10,NULL,'N',0.000,'N','N'),(1423,52459,22,15.000,10,NULL,'N',0.000,'N','N'),(1428,52451,49,80.000,3,'','N',0.000,'N','N'),(1433,52426,51,10.000,3,'About half of the exam','N',0.000,'N','N'),(1434,52426,52,10.000,3,'','N',0.000,'N','N'),(1436,52426,34,20.000,3,'project 1','N',0.000,'N','Y'),(1437,52426,34,30.000,8,'','N',0.000,'N','Y'),(1438,52426,49,30.000,11,'','N',0.000,'N','N'),(1439,52464,48,30.000,7,'','N',0.000,'N','N'),(1441,52463,54,30.000,11,'','N',0.000,'N','N'),(1442,52463,51,40.000,10,'','N',0.000,'N','N'),(1443,52464,49,0.000,3,'','N',0.000,'N','N'),(1444,52464,63,10.000,4,'','N',0.000,'N','N'),(1446,52464,53,10.000,7,'x','Y',10.000,'Y','Y'),(1447,52464,52,0.000,3,'','N',0.000,'N','N'),(1448,52464,38,12.000,3,'','N',0.000,'N','N'),(1449,52464,61,14.000,3,'','N',0.000,'N','N'),(1450,52464,11,20.000,4,'This is a research paper','Y',10.000,'Y','Y'),(1451,52472,38,20.000,10,'Weekly journal entry responding to specific prompts connecting host-classroom observations and experiences with course readings, activities and exercises','N',0.000,'Y','Y'),(1452,52472,32,13.000,10,'Lesson plans, concept maps, assessment tools','N',0.000,'Y','Y'),(1453,52472,32,12.000,11,'Project Based Instruction Lesson Series','N',0.000,'Y','Y'),(1454,52472,22,25.000,10,'','N',0.000,'Y','Y'),(1455,52472,34,20.000,10,'Field placement in host classroom','N',0.000,'Y','Y'),(1456,52472,36,10.000,10,'Leadership of course reading discussion','N',0.000,'Y','Y'),(1457,52463,64,10.000,3,'','N',0.000,'N','N'),(1458,52473,11,5.000,3,'Students perform a first inquiry: an experiment that is designed by groups of students in class is performed, in part, at home and written up into a first research paper as a sort-of pre-test.','N',0.000,'N','N'),(1459,52473,32,15.000,3,'The second inquiry project is designed and performed individually by students. They write a proposal draft, receive feedback and revise the proposal, conduct the study and present their results orally.','N',0.000,'N','N'),(1461,52474,55,30.000,10,'','N',0.000,'N','N'),(1462,52474,22,13.000,10,'','N',0.000,'N','N'),(1463,52474,36,13.000,7,'','N',0.000,'N','N'),(1464,52474,51,32.000,10,'there are 3 quizzes\nthey contain m.c and short answer/essay','N',0.000,'N','N'),(1465,52474,49,12.000,11,'final exam is about 1/2 closed and 1/2 short answer/essay','N',0.000,'N','N'),(1466,52463,60,10.000,3,'','N',0.000,'N','N'),(1467,52473,32,15.000,4,'The third inquiry project, a survey of student motivation, is designed and performed individually and in groups of students. Small groups of students come up with research questions and survey items to address these questions. All items are compiled into a survey instrument that is administered online to a subset of the UC Berkeley student population. Once all data is collected, students analyze the data from their items and write up individual research papers (but are allowed to work together on the data analysis).','N',0.000,'N','N'),(1468,52473,32,30.000,7,'The fourth inquiry project is the culmination of the research methods course, a research study designed and performed individually by students. They write a proposal draft, receive feedback and revise the proposal, conduct the study and present their results on a poster as well as write a research paper (incl. a review of relevant literature).','N',0.000,'N','N'),(1469,52473,25,25.000,10,'In regular homework assignments, students have an opportunity to acquire and practice statistical analysis skills.','N',0.000,'N','N'),(1470,52473,22,10.000,10,'','N',0.000,'N','N'),(1471,52469,61,20.000,10,'Interactive Course Notebook (nor really a portfolio!!!)','Y',80.000,'Y','Y'),(1472,52469,22,20.000,10,'Participation/Professionalism','Y',99.999,'Y','Y'),(1473,52469,35,10.000,4,'Journal Article Review','Y',80.000,'Y','Y'),(1474,52469,38,20.000,9,'Teaching Philosophy and Rationale Paper','Y',80.000,'Y','Y'),(1475,52469,32,15.000,8,'Unit Plan','Y',80.000,'Y','Y'),(1476,52469,64,15.000,7,'Real World Baby!','Y',80.000,'Y','Y'),(1477,52476,22,10.000,10,'','Y',80.000,'Y','Y'),(1478,52476,61,30.000,11,'Teaching Portfolio','Y',80.000,'Y','Y'),(1479,52476,41,60.000,11,'Assessment Analysis','Y',80.000,'Y','Y'),(1480,52468,50,30.000,11,'','N',0.000,'Y','Y'),(1482,52468,53,20.000,4,'','N',0.000,'Y','Y'),(1483,52468,55,25.000,10,'','N',0.000,'N','N'),(1484,52468,32,25.000,8,'computer assignment (differential equations)','N',0.000,'Y','Y');

/*Table structure for table `link_course_offering_contribution_program_outcome` */

DROP TABLE IF EXISTS `link_course_offering_contribution_program_outcome`;

CREATE TABLE `link_course_offering_contribution_program_outcome` (
  `id` int(11) NOT NULL AUTO_INCREMENT,
  `course_offering_id` int(11) NOT NULL,
  `link_program_program_outcome_id` int(11) NOT NULL,
  `contribution_option_id` int(11) NOT NULL,
  `mastery_option_id` int(11) NOT NULL DEFAULT '1',
  PRIMARY KEY (`id`),
  KEY `PK_link_course_off_contr_program_outcome` (`id`),
  KEY `fk_link_course_off_contribution_program_outcome_course_off` (`course_offering_id`),
  KEY `fk_link_course_off_contribution_program_outcome_contribution` (`contribution_option_id`),
  CONSTRAINT `fk_link_course_off_contribution_program_outcome_contribution` FOREIGN KEY (`contribution_option_id`) REFERENCES `contribution_option_value` (`id`),
  CONSTRAINT `fk_link_course_off_contribution_program_outcome_course` FOREIGN KEY (`course_offering_id`) REFERENCES `course_offering` (`id`)
) ENGINE=InnoDB AUTO_INCREMENT=8797 DEFAULT CHARSET=latin1;

/*Data for the table `link_course_offering_contribution_program_outcome` */

insert  into `link_course_offering_contribution_program_outcome`(`id`,`course_offering_id`,`link_program_program_outcome_id`,`contribution_option_id`,`mastery_option_id`) values (108,31993,84,5,1),(109,31993,85,2,1),(110,31993,86,2,1),(111,31993,87,3,1),(113,31993,89,3,1),(114,31993,90,2,1),(115,31993,91,3,1),(116,31993,92,2,1),(131,31993,93,2,1),(132,31993,94,3,1),(150,13692,84,5,1),(151,13692,85,5,1),(152,13692,86,5,1),(153,13692,87,5,1),(155,13692,89,5,1),(156,13692,90,5,1),(157,13692,91,5,1),(158,13692,92,5,1),(159,13691,93,5,1),(160,13691,94,5,1),(162,13691,84,5,1),(163,13691,85,3,1),(164,13691,86,3,1),(165,13691,87,5,1),(167,13691,89,5,1),(168,13691,90,3,1),(169,13691,91,5,1),(170,13691,92,5,1),(173,40180,93,5,1),(174,40180,94,5,1),(176,40180,84,5,1),(177,40180,85,3,2),(178,40180,86,3,1),(179,40180,87,5,5),(181,40180,89,5,1),(182,40180,90,3,1),(183,40180,91,2,1),(184,40180,92,5,1),(198,40182,84,5,1),(199,40182,85,2,1),(200,40182,86,2,1),(201,40182,87,3,1),(203,40182,89,3,1),(204,40182,90,2,1),(205,40182,91,3,1),(206,40182,92,2,1),(207,40182,93,2,1),(208,40182,94,3,1),(218,40183,84,1,5),(219,40183,85,5,1),(220,40183,86,1,5),(221,40183,87,3,2),(223,40183,89,1,3),(224,40183,90,2,3),(225,40183,91,3,3),(226,40183,92,3,5),(228,40181,84,3,5),(229,40181,85,3,3),(230,40181,86,5,1),(231,40181,87,3,5),(233,40181,89,5,1),(234,40181,90,5,1),(235,40181,91,5,1),(236,40181,92,5,1),(261,40180,157,5,1),(453,40183,199,1,1),(454,40180,199,5,1),(493,40180,202,5,1),(494,40180,203,5,1),(495,40180,204,5,1),(496,40180,205,5,1),(497,40180,206,5,1),(498,40180,207,5,1),(499,40180,208,5,1),(500,40180,209,5,1),(503,40180,212,5,1),(504,40180,213,5,1),(505,40180,214,5,1),(507,40180,216,5,1),(508,40180,217,5,1),(509,40180,218,5,1),(510,40180,219,5,1),(511,40180,220,5,1),(543,40181,199,5,1),(544,40181,230,5,1),(545,40188,199,1,2),(546,40188,84,2,2),(547,40188,85,5,1),(548,40188,86,1,2),(549,40188,87,5,1),(551,40188,89,5,1),(552,40188,230,5,1),(553,40188,90,5,1),(554,40188,91,5,1),(555,40188,92,5,1),(556,40188,93,2,1),(557,40188,94,5,3),(559,40189,199,2,3),(560,40189,84,1,2),(561,40189,85,5,1),(562,40189,86,5,1),(563,40189,87,5,1),(565,40189,89,5,1),(566,40189,230,5,1),(567,40189,90,5,1),(568,40189,91,5,1),(569,40189,92,5,1),(570,40180,230,5,3),(571,40183,230,5,1),(573,40183,233,2,3),(628,13692,233,5,1),(629,13692,199,1,1),(630,13692,230,5,1),(676,40180,272,5,1),(678,40180,274,5,1),(679,40180,275,5,1),(680,40180,276,5,1),(681,40180,277,5,1),(682,40180,278,5,1),(683,40180,279,5,1),(684,40180,280,5,1),(685,40180,281,5,1),(686,40180,282,5,1),(687,40180,283,5,1),(688,40180,284,5,1),(689,40180,285,5,1),(690,40180,286,5,1),(691,40180,287,5,1),(692,40180,288,5,1),(693,40180,290,5,1),(694,40180,289,5,1),(695,40180,291,5,1),(696,40180,292,5,1),(697,40180,293,5,1),(698,40180,294,5,1),(699,40180,295,5,1),(700,40180,296,5,1),(701,40180,297,5,1),(702,40180,298,5,1),(1541,40180,233,5,1),(1734,40183,272,5,1),(1736,40183,274,5,1),(1737,40183,275,5,1),(1738,40183,276,5,1),(1739,40183,277,5,1),(1740,40183,278,5,1),(1741,40183,279,5,1),(1742,40183,280,5,1),(1743,40183,281,5,1),(1744,40183,282,5,1),(1745,40183,283,5,1),(1746,40183,284,5,1),(1747,40183,285,5,1),(1748,40183,286,5,1),(1749,40183,287,5,1),(1750,40183,288,5,1),(1751,40183,290,5,1),(1752,40183,289,5,1),(1753,40183,291,5,1),(1754,40183,292,5,1),(1755,40183,293,5,1),(1756,40183,294,5,1),(1757,40183,295,5,1),(1758,40183,296,5,1),(1759,40183,297,5,1),(1760,40183,298,5,1),(2083,40180,370,5,1),(2084,40180,371,5,1),(2085,40180,319,5,1),(2615,52425,199,1,3),(2616,52425,84,1,3),(2617,52425,85,2,3),(2618,52425,86,2,5),(2619,52425,87,1,2),(2621,52425,89,3,2),(2622,52425,230,1,2),(2623,52425,90,2,3),(2624,52425,91,3,3),(2625,52425,92,2,3),(2626,52425,370,1,2),(2627,52425,371,3,5),(2628,52425,319,1,3),(2629,52425,233,2,5),(2630,52425,93,3,2),(2631,52425,94,2,5),(3643,31993,233,5,1),(3860,52426,233,5,1),(4740,52429,233,5,1),(4741,52429,199,3,1),(4742,52429,84,5,1),(4743,52429,85,5,1),(4744,52429,86,5,1),(4745,52429,87,5,1),(4747,52429,89,5,1),(4748,52429,230,5,1),(4749,52429,90,5,1),(4750,52429,91,5,1),(4751,52429,92,5,1),(4752,52429,370,5,1),(4753,52429,371,5,1),(4754,52429,319,5,1),(4755,52429,93,2,2),(4756,52429,94,2,5),(5486,40180,438,5,1),(5487,40180,440,5,1),(5488,40180,443,5,1),(5489,40180,441,5,1),(5490,40180,442,5,1),(6079,52448,84,1,5),(6080,52448,85,5,1),(6081,52448,86,1,5),(6082,52448,87,2,2),(6084,52448,89,1,3),(6085,52448,90,2,3),(6086,52448,91,3,3),(6087,52448,92,3,5),(6088,52448,199,1,2),(6089,52448,230,5,1),(6090,52448,233,2,3),(6091,52448,272,5,1),(6093,52448,274,5,1),(6094,52448,275,5,1),(6095,52448,276,5,1),(6096,52448,277,5,1),(6097,52448,278,5,1),(6098,52448,279,5,1),(6099,52448,280,5,1),(6100,52448,281,5,1),(6101,52448,282,5,1),(6102,52448,283,5,1),(6103,52448,284,5,1),(6104,52448,285,5,1),(6105,52448,286,5,1),(6106,52448,287,5,1),(6107,52448,288,5,1),(6108,52448,290,5,1),(6109,52448,289,5,1),(6110,52448,291,5,1),(6111,52448,292,5,1),(6112,52448,293,5,1),(6113,52448,294,5,1),(6114,52448,295,5,1),(6115,52448,296,5,1),(6116,52448,297,5,1),(6117,52448,298,5,1),(6118,52423,84,1,5),(6119,52423,85,5,1),(6120,52423,86,1,5),(6121,52423,87,2,2),(6123,52423,89,1,3),(6124,52423,90,2,3),(6125,52423,91,3,3),(6126,52423,92,3,5),(6127,52423,199,1,1),(6128,52423,230,5,1),(6129,52423,233,2,3),(6130,52423,272,5,1),(6132,52423,274,5,1),(6133,52423,275,5,1),(6134,52423,276,5,1),(6135,52423,277,5,1),(6136,52423,278,5,1),(6137,52423,279,5,1),(6138,52423,280,5,1),(6139,52423,281,5,1),(6140,52423,282,5,1),(6141,52423,283,5,1),(6142,52423,284,5,1),(6143,52423,285,5,1),(6144,52423,286,5,1),(6145,52423,287,5,1),(6146,52423,288,5,1),(6147,52423,290,5,1),(6148,52423,289,5,1),(6149,52423,291,5,1),(6150,52423,292,5,1),(6151,52423,293,5,1),(6152,52423,294,5,1),(6153,52423,295,5,1),(6154,52423,296,5,1),(6155,52423,297,5,1),(6156,52423,298,5,1),(6511,52451,233,5,1),(6548,52459,93,5,1),(6549,52459,94,5,1),(6550,52459,84,5,1),(6551,52459,85,3,2),(6552,52459,86,3,1),(6553,52459,87,5,5),(6555,52459,89,5,1),(6556,52459,90,3,1),(6557,52459,91,2,1),(6558,52459,92,5,1),(6559,52459,157,5,1),(6560,52459,199,5,1),(6561,52459,202,5,1),(6562,52459,203,5,1),(6563,52459,204,5,1),(6564,52459,205,5,1),(6565,52459,206,5,1),(6566,52459,207,5,1),(6567,52459,208,5,1),(6568,52459,209,5,1),(6569,52459,212,5,1),(6570,52459,213,5,1),(6571,52459,214,5,1),(6572,52459,216,5,1),(6573,52459,217,5,1),(6574,52459,218,5,1),(6575,52459,219,5,1),(6576,52459,220,5,1),(6577,52459,230,5,3),(6578,52459,272,5,1),(6580,52459,274,5,1),(6581,52459,275,5,1),(6582,52459,276,5,1),(6583,52459,277,5,1),(6584,52459,278,5,1),(6585,52459,279,5,1),(6586,52459,280,5,1),(6587,52459,281,5,1),(6588,52459,282,5,1),(6589,52459,283,5,1),(6590,52459,284,5,1),(6591,52459,285,5,1),(6592,52459,286,5,1),(6593,52459,287,5,1),(6594,52459,288,5,1),(6595,52459,290,5,1),(6596,52459,289,5,1),(6597,52459,291,5,1),(6598,52459,292,5,1),(6599,52459,293,5,1),(6600,52459,294,5,1),(6601,52459,295,5,1),(6602,52459,296,5,1),(6603,52459,297,5,1),(6604,52459,298,5,1),(6605,52459,233,5,1),(6606,52459,370,5,1),(6607,52459,371,5,1),(6608,52459,319,5,1),(6628,52459,438,5,1),(6629,52459,440,5,1),(6630,52459,443,5,1),(6631,52459,441,5,1),(6632,52459,442,5,1),(6722,52448,93,5,1),(6723,52448,94,5,1),(6724,52448,616,5,1),(6725,52448,647,5,1),(6726,52448,649,5,1),(6727,52448,651,5,1),(6729,52448,650,5,1),(6732,52448,370,5,1),(6733,52448,371,5,1),(6734,52448,319,5,1),(6735,52461,199,3,2),(6736,52461,84,3,2),(6737,52461,85,3,2),(6738,52461,86,3,2),(6739,52461,87,3,2),(6741,52461,89,3,2),(6742,52461,230,5,1),(6743,52461,90,5,1),(6744,52461,91,5,1),(6745,52461,92,5,1),(6746,52425,616,5,1),(6747,52425,647,5,1),(6748,52425,649,5,1),(6749,52425,651,5,1),(6751,52425,650,5,1),(6754,52426,199,5,1),(6755,52426,84,5,1),(6756,52426,85,5,1),(6757,52426,86,5,1),(6758,52426,87,5,1),(6760,52426,89,5,1),(6761,52426,230,5,1),(6762,52426,90,5,1),(6763,52426,91,5,1),(6764,52426,92,5,1),(6778,52464,8,5,1),(6779,52464,13,5,1),(6780,52464,12,5,1),(6781,52464,9,5,1),(6782,52464,14,5,1),(6783,52464,16,5,1),(6784,52464,15,5,1),(6785,52464,17,5,1),(6786,52464,20,5,1),(6787,52464,19,5,1),(6788,52464,7,5,1),(6789,52464,18,5,1),(6791,52464,23,5,1),(6792,52464,24,5,1),(6793,52464,25,5,1),(6795,52463,8,5,1),(6796,52463,13,5,1),(6797,52463,12,5,1),(6798,52463,9,5,1),(6799,52463,14,5,1),(6800,52463,16,5,1),(6801,52463,15,5,1),(6802,52463,17,5,1),(6803,52463,20,5,1),(6804,52463,19,5,1),(6805,52463,7,5,1),(6806,52463,18,5,1),(6807,52463,23,5,1),(6808,52463,24,5,1),(6809,52463,25,5,1),(6811,52463,30,5,1),(6812,52463,29,5,1),(6813,52463,27,5,1),(6814,52463,31,5,1),(6815,52463,28,5,1),(6816,52463,35,5,1),(6817,52463,36,5,1),(6818,52463,34,5,1),(6819,52463,33,5,1),(6820,52463,32,5,1),(6827,52463,43,5,1),(6828,52463,44,5,1),(6829,52463,46,5,1),(6830,52463,45,5,1),(6831,52463,47,5,1),(6832,52463,53,5,1),(6833,52463,51,5,1),(6834,52463,49,5,1),(6835,52463,50,5,1),(6836,52463,52,5,1),(6837,52463,56,5,1),(6838,52463,57,5,1),(6839,52463,55,5,1),(6840,52463,58,5,1),(6841,52463,54,5,1),(6842,52463,59,5,1),(6843,52463,62,5,1),(6844,52463,64,5,1),(6845,52463,60,5,1),(6846,52463,63,5,1),(6847,52463,61,5,1),(6848,52463,69,5,1),(6849,52463,66,5,1),(6850,52463,65,5,1),(6851,52463,68,5,1),(6852,52463,67,5,1),(6853,52464,30,5,1),(6854,52464,29,5,1),(6855,52464,27,5,1),(6856,52464,31,5,1),(6857,52464,28,5,1),(6858,52464,35,5,1),(6859,52464,36,5,1),(6860,52464,34,5,1),(6861,52464,33,5,1),(6862,52464,32,5,1),(6869,52464,43,5,1),(6870,52464,44,5,1),(6871,52464,46,5,1),(6872,52464,45,5,1),(6873,52464,47,5,1),(6874,52464,53,5,1),(6875,52464,51,5,1),(6876,52464,49,5,1),(6877,52464,50,5,1),(6878,52464,52,5,1),(6879,52464,56,5,1),(6880,52464,57,5,1),(6881,52464,55,5,1),(6882,52464,58,5,1),(6883,52464,54,5,1),(6884,52464,59,5,1),(6885,52464,62,5,1),(6886,52464,64,5,1),(6887,52464,60,5,1),(6888,52464,63,5,1),(6889,52464,61,5,1),(6890,52464,69,5,1),(6891,52464,66,5,1),(6892,52464,65,5,1),(6893,52464,68,5,1),(6894,52464,67,5,1),(6895,52465,8,1,2),(6896,52465,13,1,2),(6897,52465,12,1,2),(6898,52465,9,1,2),(6899,52465,14,1,2),(6900,52465,16,1,2),(6901,52465,15,1,2),(6902,52465,17,1,2),(6903,52465,20,1,2),(6904,52465,19,5,1),(6905,52465,7,5,1),(6906,52465,18,5,1),(6907,52465,30,5,1),(6908,52465,23,5,1),(6909,52465,24,5,1),(6910,52465,29,5,1),(6911,52465,27,5,1),(6912,52465,25,5,1),(6913,52465,31,5,1),(6914,52465,28,5,1),(6915,52465,35,5,1),(6916,52465,36,5,1),(6917,52465,34,5,1),(6918,52465,33,5,1),(6919,52465,32,5,1),(6926,52465,43,5,1),(6927,52465,44,5,1),(6928,52465,46,5,1),(6929,52465,45,5,1),(6930,52465,47,5,1),(6931,52465,53,5,1),(6932,52465,51,5,1),(6933,52465,49,5,1),(6934,52465,50,5,1),(6935,52465,52,5,1),(6936,52465,56,5,1),(6937,52465,57,5,1),(6938,52465,55,5,1),(6939,52465,58,5,1),(6940,52465,54,5,1),(6941,52465,59,5,1),(6942,52465,62,5,1),(6943,52465,64,5,1),(6944,52465,60,5,1),(6945,52465,63,5,1),(6946,52465,61,5,1),(6947,52465,69,5,1),(6948,52465,66,5,1),(6949,52465,65,5,1),(6950,52465,68,5,1),(6951,52465,67,5,1),(6952,52467,86,5,1),(6953,52467,87,5,1),(6954,52467,90,5,1),(6955,52467,89,5,1),(6956,52467,93,5,1),(6957,52467,91,5,1),(6958,52467,92,5,1),(6959,52467,94,5,1),(6960,52467,96,5,1),(6961,52467,95,5,1),(6962,52467,97,5,1),(6963,52467,98,5,1),(6964,52467,99,5,1),(6965,52467,100,5,1),(6966,52467,101,5,1),(6967,52467,102,5,1),(6968,52467,106,5,1),(6969,52467,105,5,1),(6970,52467,103,5,1),(6971,52467,104,5,1),(6972,52467,8,5,1),(6973,52467,13,5,1),(6974,52467,12,5,1),(6975,52467,9,5,1),(6976,52467,14,5,1),(6977,52467,16,5,1),(6978,52467,15,5,1),(6979,52467,17,5,1),(6980,52467,20,5,1),(6981,52467,19,5,1),(6982,52467,7,5,1),(6983,52467,18,5,1),(6984,52467,75,5,1),(6985,52467,70,5,1),(6986,52467,71,5,1),(6987,52467,72,5,1),(6988,52467,73,5,1),(6989,52467,74,5,1),(6990,52467,77,5,1),(6991,52467,76,5,1),(6992,52467,79,5,1),(6993,52467,78,5,1),(6994,52467,80,5,1),(6995,52467,85,5,1),(6996,52467,84,5,1),(6997,52467,81,5,1),(6998,52467,83,5,1),(6999,52467,82,5,1),(7000,52467,30,5,1),(7001,52467,23,5,1),(7002,52467,24,5,1),(7003,52467,29,5,1),(7004,52467,27,5,1),(7005,52467,25,5,1),(7006,52467,31,5,1),(7007,52467,28,5,1),(7008,52467,35,5,1),(7009,52467,36,5,1),(7010,52467,34,5,1),(7011,52467,33,5,1),(7012,52467,32,5,1),(7019,52467,43,5,1),(7020,52467,44,5,1),(7021,52467,46,5,1),(7022,52467,45,5,1),(7023,52467,47,5,1),(7024,52467,53,5,1),(7025,52467,51,5,1),(7026,52467,49,5,1),(7027,52467,50,5,1),(7028,52467,52,5,1),(7029,52467,56,5,1),(7030,52467,57,5,1),(7031,52467,55,5,1),(7032,52467,58,5,1),(7033,52467,54,5,1),(7034,52467,59,5,1),(7035,52467,62,5,1),(7036,52467,64,5,1),(7037,52467,60,5,1),(7038,52467,63,5,1),(7039,52467,61,5,1),(7040,52467,69,5,1),(7041,52467,66,5,1),(7042,52467,65,5,1),(7043,52467,68,5,1),(7044,52467,67,5,1),(7045,52463,86,5,3),(7046,52463,87,5,1),(7047,52463,90,5,1),(7048,52463,89,5,1),(7049,52463,93,5,1),(7050,52463,91,5,1),(7051,52463,92,5,1),(7052,52463,94,5,1),(7053,52463,96,5,1),(7054,52463,95,5,1),(7055,52463,97,5,1),(7056,52463,98,5,1),(7057,52463,99,5,1),(7058,52463,100,5,1),(7059,52463,101,5,1),(7060,52463,102,5,1),(7061,52463,106,5,1),(7062,52463,105,5,1),(7063,52463,103,5,1),(7064,52463,104,5,1),(7065,52463,75,5,1),(7066,52463,70,5,1),(7067,52463,71,5,3),(7068,52463,72,5,1),(7069,52463,73,5,1),(7070,52463,74,5,1),(7071,52463,77,5,1),(7072,52463,76,5,1),(7073,52463,79,5,1),(7074,52463,78,5,1),(7075,52463,80,5,1),(7076,52463,85,5,1),(7077,52463,84,5,1),(7078,52463,81,5,1),(7079,52463,83,5,1),(7080,52463,82,5,1),(7081,52463,107,5,1),(7082,52467,107,5,1),(7083,52467,113,5,1),(7084,52467,108,5,1),(7085,52467,112,5,1),(7086,52467,110,5,1),(7087,52467,109,5,1),(7088,52467,114,5,1),(7089,52467,111,5,1),(7090,52467,118,5,1),(7091,52467,119,5,1),(7092,52467,117,5,1),(7093,52467,116,5,1),(7094,52467,115,5,1),(7095,52463,113,5,1),(7096,52463,108,5,1),(7097,52463,112,5,1),(7098,52463,110,5,1),(7099,52463,109,5,1),(7100,52463,114,5,1),(7101,52463,111,5,1),(7102,52463,118,5,1),(7103,52463,119,5,1),(7104,52463,117,5,1),(7105,52463,116,5,1),(7106,52463,115,5,1),(7107,52467,124,5,1),(7108,52467,125,5,1),(7109,52467,120,5,1),(7110,52467,121,5,1),(7111,52467,122,5,1),(7112,52467,123,5,1),(7113,52467,130,5,1),(7114,52467,131,5,1),(7115,52467,126,5,1),(7116,52467,127,5,1),(7117,52467,128,5,1),(7118,52467,129,5,1),(7119,52467,132,5,1),(7120,52467,133,5,1),(7121,52467,135,5,1),(7122,52467,134,5,1),(7123,52467,136,5,1),(7124,52467,141,5,1),(7125,52467,139,5,1),(7126,52467,137,5,1),(7127,52467,138,5,1),(7128,52467,140,5,1),(7129,52469,86,2,2),(7130,52469,87,2,2),(7131,52469,90,2,2),(7132,52469,89,2,2),(7133,52469,93,2,2),(7134,52469,91,2,2),(7135,52469,92,2,2),(7136,52469,94,2,2),(7137,52469,96,2,3),(7138,52469,95,2,2),(7139,52469,97,5,1),(7140,52469,98,5,1),(7141,52469,99,5,1),(7142,52469,100,5,1),(7143,52469,101,5,1),(7144,52469,102,5,1),(7145,52469,106,5,1),(7146,52469,105,5,1),(7147,52469,103,5,1),(7148,52469,104,5,1),(7149,52469,8,5,1),(7150,52469,13,5,1),(7151,52469,12,5,1),(7152,52469,9,5,1),(7153,52469,14,1,2),(7154,52469,16,1,2),(7155,52469,15,1,2),(7156,52469,17,1,2),(7157,52469,20,5,1),(7158,52469,19,5,1),(7159,52469,7,5,1),(7160,52469,18,5,1),(7161,52469,75,5,1),(7162,52469,70,5,1),(7163,52469,71,5,1),(7164,52469,72,5,1),(7165,52469,73,5,1),(7166,52469,74,5,1),(7167,52469,77,5,1),(7168,52469,76,5,1),(7169,52469,79,5,1),(7170,52469,78,5,1),(7171,52469,80,5,1),(7172,52469,85,5,1),(7173,52469,84,5,1),(7174,52469,81,5,1),(7175,52469,83,5,1),(7176,52469,82,5,1),(7177,52469,30,5,1),(7178,52469,23,5,1),(7179,52469,24,5,1),(7180,52469,29,5,1),(7181,52469,27,5,1),(7182,52469,25,1,2),(7183,52469,31,5,1),(7184,52469,28,5,1),(7185,52469,113,1,2),(7186,52469,107,1,2),(7187,52469,108,1,2),(7188,52469,112,5,1),(7189,52469,110,5,1),(7190,52469,109,5,1),(7191,52469,114,5,1),(7192,52469,111,5,1),(7193,52469,35,5,1),(7194,52469,36,5,1),(7195,52469,34,5,1),(7196,52469,33,5,1),(7197,52469,32,5,1),(7198,52469,118,5,1),(7199,52469,119,5,1),(7200,52469,117,5,1),(7201,52469,116,5,1),(7202,52469,115,5,1),(7203,52469,124,5,1),(7204,52469,125,3,2),(7205,52469,120,2,2),(7206,52469,121,5,1),(7207,52469,122,5,1),(7208,52469,123,2,5),(7209,52469,130,5,1),(7210,52469,131,5,1),(7211,52469,126,5,1),(7212,52469,127,5,1),(7213,52469,128,1,2),(7214,52469,129,5,1),(7215,52469,43,5,1),(7216,52469,44,5,1),(7217,52469,46,5,1),(7218,52469,45,5,1),(7219,52469,47,2,3),(7220,52469,132,5,1),(7221,52469,133,5,1),(7222,52469,135,5,1),(7223,52469,134,5,1),(7224,52469,136,3,5),(7225,52469,53,5,1),(7226,52469,51,5,1),(7227,52469,49,5,1),(7228,52469,50,5,1),(7229,52469,52,5,1),(7230,52469,141,5,1),(7231,52469,139,5,1),(7232,52469,137,5,1),(7233,52469,138,5,1),(7234,52469,140,1,2),(7235,52469,56,5,1),(7236,52469,57,5,1),(7237,52469,55,5,1),(7238,52469,58,5,1),(7239,52469,54,5,1),(7240,52469,144,5,1),(7241,52469,145,2,3),(7242,52469,143,5,1),(7243,52469,146,5,1),(7244,52469,142,5,1),(7245,52469,59,5,1),(7246,52469,62,5,1),(7247,52469,64,5,1),(7248,52469,60,5,1),(7249,52469,63,5,1),(7250,52469,61,2,2),(7251,52469,147,5,1),(7252,52469,150,5,1),(7253,52469,152,5,1),(7254,52469,149,5,1),(7255,52469,151,5,1),(7256,52469,148,5,1),(7257,52469,69,5,1),(7258,52469,66,5,1),(7259,52469,65,5,1),(7260,52469,68,5,1),(7261,52469,67,5,1),(7262,52469,157,5,1),(7263,52469,154,5,1),(7264,52469,153,5,1),(7265,52469,156,5,1),(7266,52469,155,5,1),(7267,52463,124,5,1),(7268,52463,125,5,1),(7269,52463,120,5,1),(7270,52463,121,5,1),(7271,52463,122,5,1),(7272,52463,123,5,1),(7273,52463,130,5,1),(7274,52463,131,5,1),(7275,52463,126,5,1),(7276,52463,127,5,1),(7277,52463,128,5,1),(7278,52463,129,5,1),(7279,52463,132,5,1),(7280,52463,133,5,1),(7281,52463,135,5,1),(7282,52463,134,5,1),(7283,52463,136,5,1),(7284,52463,141,5,1),(7285,52463,139,5,1),(7286,52463,137,5,1),(7287,52463,138,5,1),(7288,52463,140,5,1),(7289,52463,144,5,1),(7290,52463,145,5,1),(7291,52463,143,5,1),(7292,52463,146,5,1),(7293,52463,142,5,1),(7294,52463,147,5,1),(7295,52463,150,5,1),(7296,52463,152,5,1),(7297,52463,149,5,1),(7298,52463,151,5,1),(7299,52463,148,5,1),(7300,52463,157,5,1),(7301,52463,154,5,1),(7302,52463,153,5,1),(7303,52463,156,5,1),(7304,52463,155,5,1),(7305,52464,86,5,1),(7306,52464,87,5,1),(7307,52464,90,5,1),(7308,52464,89,5,1),(7309,52464,93,5,1),(7310,52464,91,5,1),(7311,52464,92,5,1),(7312,52464,94,5,1),(7313,52464,96,5,1),(7314,52464,95,5,1),(7315,52464,97,5,1),(7316,52464,98,5,1),(7317,52464,99,5,1),(7318,52464,100,5,1),(7319,52464,101,5,1),(7320,52464,102,5,1),(7321,52464,106,5,1),(7322,52464,105,5,1),(7323,52464,103,5,1),(7324,52464,104,5,1),(7325,52464,75,5,1),(7326,52464,70,5,1),(7327,52464,71,5,1),(7328,52464,72,5,1),(7329,52464,73,5,1),(7330,52464,74,5,1),(7331,52464,77,5,1),(7332,52464,76,5,1),(7333,52464,79,5,1),(7334,52464,78,5,1),(7335,52464,80,5,1),(7336,52464,85,5,1),(7337,52464,84,5,1),(7338,52464,81,5,1),(7339,52464,83,5,1),(7340,52464,82,5,1),(7341,52464,113,5,1),(7342,52464,107,5,1),(7343,52464,108,5,1),(7344,52464,112,5,1),(7345,52464,110,5,1),(7346,52464,109,5,1),(7347,52464,114,5,1),(7348,52464,111,5,1),(7349,52464,118,5,1),(7350,52464,119,5,1),(7351,52464,117,5,1),(7352,52464,116,5,1),(7353,52464,115,5,1),(7354,52464,124,5,1),(7355,52464,125,5,1),(7356,52464,120,5,1),(7357,52464,121,5,1),(7358,52464,122,5,1),(7359,52464,123,5,1),(7360,52464,130,5,1),(7361,52464,131,5,1),(7362,52464,126,5,1),(7363,52464,127,5,1),(7364,52464,128,5,1),(7365,52464,129,5,1),(7366,52464,132,5,1),(7367,52464,133,5,1),(7368,52464,135,5,1),(7369,52464,134,5,1),(7370,52464,136,5,1),(7371,52464,141,5,1),(7372,52464,139,5,1),(7373,52464,137,5,1),(7374,52464,138,5,1),(7375,52464,140,5,1),(7376,52464,144,5,1),(7377,52464,145,5,1),(7378,52464,143,5,1),(7379,52464,146,5,1),(7380,52464,142,5,1),(7381,52464,147,5,1),(7382,52464,150,5,1),(7383,52464,152,5,1),(7384,52464,149,5,1),(7385,52464,151,5,1),(7386,52464,148,5,1),(7387,52464,157,5,1),(7388,52464,154,5,1),(7389,52464,153,5,1),(7390,52464,156,5,1),(7391,52464,155,5,1),(7392,52471,375,5,1),(7393,52471,376,5,1),(7394,52471,378,5,1),(7395,52471,377,5,1),(7396,52471,381,5,1),(7397,52471,379,5,1),(7398,52471,380,5,1),(7399,52471,382,5,1),(7400,52471,384,5,1),(7401,52471,383,5,1),(7402,52471,386,5,1),(7403,52471,387,5,1),(7404,52471,388,5,1),(7405,52471,389,5,1),(7406,52471,385,5,1),(7407,52471,390,5,1),(7408,52471,391,5,1),(7409,52471,395,5,1),(7410,52471,394,5,1),(7411,52471,392,5,1),(7412,52471,393,5,1),(7413,52471,399,5,1),(7414,52471,398,5,1),(7415,52471,396,5,1),(7416,52471,397,5,1),(7417,52471,401,5,1),(7418,52471,400,5,1),(7419,52471,403,5,1),(7420,52471,402,5,1),(7421,52471,404,5,1),(7422,52471,406,5,1),(7423,52471,407,5,1),(7424,52471,405,5,1),(7425,52471,409,5,1),(7426,52471,408,5,1),(7427,52471,410,5,1),(7428,52471,413,5,1),(7429,52471,414,5,1),(7430,52471,412,5,1),(7431,52471,411,5,1),(7432,52471,415,5,1),(7433,52471,417,5,1),(7434,52471,416,5,1),(7435,52471,418,5,1),(7436,52471,420,5,1),(7437,52471,419,5,1),(7438,52471,421,5,1),(7439,52471,422,5,1),(7440,52471,291,5,1),(7441,52471,284,5,1),(7442,52471,285,5,1),(7443,52471,290,5,1),(7444,52471,288,5,1),(7445,52471,286,5,1),(7446,52471,287,5,1),(7447,52471,292,5,1),(7448,52471,289,5,1),(7449,52471,299,5,1),(7450,52471,293,5,1),(7451,52471,294,5,1),(7452,52471,298,5,1),(7453,52471,296,5,1),(7454,52471,295,5,1),(7455,52471,300,5,1),(7456,52471,297,5,1),(7457,52471,304,5,1),(7458,52471,305,5,1),(7459,52471,303,5,1),(7460,52471,302,5,1),(7461,52471,301,5,1),(7462,52471,309,5,1),(7463,52471,310,5,1),(7464,52471,308,5,1),(7465,52471,307,5,1),(7466,52471,306,5,1),(7467,52471,315,5,1),(7468,52471,316,5,1),(7469,52471,311,5,1),(7470,52471,312,5,1),(7471,52471,313,5,1),(7472,52471,314,5,1),(7473,52471,321,5,1),(7474,52471,322,5,1),(7475,52471,317,5,1),(7476,52471,318,5,1),(7477,52471,319,5,1),(7478,52471,320,5,1),(7479,52471,323,5,1),(7480,52471,324,5,1),(7481,52471,326,5,1),(7482,52471,325,5,1),(7483,52471,327,5,1),(7484,52471,328,5,1),(7485,52471,329,5,1),(7486,52471,331,5,1),(7487,52471,330,5,1),(7488,52471,332,5,1),(7489,52471,337,5,1),(7490,52471,335,5,1),(7491,52471,333,5,1),(7492,52471,334,5,1),(7493,52471,336,5,1),(7494,52471,342,5,1),(7495,52471,340,5,1),(7496,52471,338,5,1),(7497,52471,339,5,1),(7498,52471,341,5,1),(7499,52471,345,5,1),(7500,52471,346,5,1),(7501,52471,344,5,1),(7502,52471,347,5,1),(7503,52471,343,5,1),(7504,52471,350,5,1),(7505,52471,351,5,1),(7506,52471,349,5,1),(7507,52471,352,5,1),(7508,52471,348,5,1),(7509,52471,353,5,1),(7510,52471,356,5,1),(7511,52471,358,5,1),(7512,52471,354,5,1),(7513,52471,357,5,1),(7514,52471,355,5,1),(7515,52471,359,5,1),(7516,52471,362,5,1),(7517,52471,364,5,1),(7518,52471,360,5,1),(7519,52471,363,5,1),(7520,52471,361,5,1),(7521,52471,369,5,1),(7522,52471,366,5,1),(7523,52471,365,5,1),(7524,52471,368,5,1),(7525,52471,367,5,1),(7526,52471,374,5,1),(7527,52471,371,5,1),(7528,52471,370,5,1),(7529,52471,373,5,1),(7530,52471,372,5,1),(7531,52474,250,5,1),(7532,52474,251,5,1),(7533,52474,253,1,2),(7534,52474,252,1,2),(7535,52474,256,2,2),(7536,52474,254,5,1),(7537,52474,255,5,1),(7538,52474,257,5,1),(7539,52474,259,5,1),(7540,52474,258,5,1),(7541,52474,261,5,1),(7542,52474,262,5,1),(7543,52474,263,5,1),(7544,52474,264,5,1),(7545,52474,260,5,1),(7546,52474,265,5,1),(7547,52474,266,5,1),(7548,52474,270,5,1),(7549,52474,269,5,1),(7550,52474,267,5,1),(7551,52474,268,5,1),(7552,52474,424,2,2),(7553,52474,426,1,2),(7554,52474,425,1,2),(7555,52474,423,2,2),(7556,52474,427,1,2),(7557,52474,431,5,1),(7558,52474,430,5,1),(7559,52474,428,5,1),(7560,52474,429,5,1),(7561,52474,432,5,1),(7562,52474,433,5,1),(7563,52474,436,5,1),(7564,52474,434,5,1),(7565,52474,435,5,1),(7566,52474,437,5,1),(7567,52474,439,5,1),(7568,52474,438,5,1),(7569,52474,440,5,1),(7570,52474,441,3,2),(7571,52474,443,5,1),(7572,52474,442,3,2),(7573,52474,444,1,2),(7574,52474,445,5,1),(7575,52474,446,5,1),(7576,52474,449,5,1),(7577,52474,450,5,1),(7578,52474,447,5,1),(7579,52474,448,5,1),(7580,52474,451,5,1),(7581,52474,452,5,1),(7582,52474,453,5,1),(7583,52474,454,5,1),(7584,52474,164,5,1),(7585,52474,158,5,1),(7586,52474,159,5,1),(7587,52474,163,5,1),(7588,52474,161,5,1),(7589,52474,160,5,1),(7590,52474,165,5,1),(7591,52474,162,5,1),(7592,52474,172,5,1),(7593,52474,166,5,1),(7594,52474,167,5,1),(7595,52474,171,5,1),(7596,52474,169,5,1),(7597,52474,168,5,1),(7598,52474,173,5,1),(7599,52474,174,5,1),(7600,52474,170,5,1),(7601,52474,178,1,2),(7602,52474,179,5,1),(7603,52474,177,5,1),(7604,52474,176,5,1),(7605,52474,175,1,2),(7606,52474,184,5,1),(7607,52474,185,5,1),(7608,52474,182,5,1),(7609,52474,183,5,1),(7610,52474,181,5,1),(7611,52474,180,5,1),(7612,52474,190,5,1),(7613,52474,191,5,1),(7614,52474,186,5,1),(7615,52474,187,5,1),(7616,52474,188,5,1),(7617,52474,189,5,1),(7618,52474,196,5,1),(7619,52474,197,5,1),(7620,52474,192,5,1),(7621,52474,193,5,1),(7622,52474,194,5,1),(7623,52474,195,5,1),(7624,52474,198,5,1),(7625,52474,199,1,2),(7626,52474,201,5,1),(7627,52474,200,5,1),(7628,52474,202,5,1),(7629,52474,203,5,1),(7630,52474,204,5,1),(7631,52474,206,5,1),(7632,52474,205,5,1),(7633,52474,207,5,1),(7634,52474,212,5,1),(7635,52474,210,5,1),(7636,52474,208,5,1),(7637,52474,209,5,1),(7638,52474,211,5,1),(7639,52474,217,5,1),(7640,52474,215,5,1),(7641,52474,213,5,1),(7642,52474,214,5,1),(7643,52474,216,5,1),(7644,52474,220,5,1),(7645,52474,221,1,2),(7646,52474,219,5,1),(7647,52474,222,5,1),(7648,52474,218,5,1),(7649,52474,225,5,1),(7650,52474,226,5,1),(7651,52474,224,5,1),(7652,52474,227,5,1),(7653,52474,223,5,1),(7654,52474,228,5,1),(7655,52474,231,5,1),(7656,52474,233,5,1),(7657,52474,229,5,1),(7658,52474,232,5,1),(7659,52474,230,1,2),(7660,52474,234,5,1),(7661,52474,237,5,1),(7662,52474,239,5,1),(7663,52474,235,5,1),(7664,52474,238,5,1),(7665,52474,236,5,1),(7666,52474,244,2,2),(7667,52474,241,1,2),(7668,52474,240,5,1),(7669,52474,243,5,1),(7670,52474,242,1,2),(7671,52474,249,5,1),(7672,52474,246,5,1),(7673,52474,245,5,1),(7674,52474,248,5,1),(7675,52474,247,5,1),(7676,52464,250,1,5),(7677,52464,251,5,1),(7678,52464,253,5,1),(7679,52464,252,5,1),(7680,52464,256,2,2),(7681,52464,254,5,1),(7682,52464,255,5,1),(7683,52464,257,5,1),(7684,52464,259,5,1),(7685,52464,258,5,1),(7686,52464,261,5,1),(7687,52464,262,5,1),(7688,52464,263,5,1),(7689,52464,264,5,1),(7690,52464,260,5,1),(7691,52464,265,5,1),(7692,52464,266,5,1),(7693,52464,270,5,1),(7694,52464,269,5,1),(7695,52464,267,5,1),(7696,52464,268,5,1),(7697,52464,424,5,1),(7698,52464,426,5,1),(7699,52464,425,5,1),(7700,52464,423,5,1),(7701,52464,427,5,1),(7702,52464,431,5,1),(7703,52464,430,5,1),(7704,52464,428,5,1),(7705,52464,429,5,1),(7706,52464,432,5,1),(7707,52464,433,5,1),(7708,52464,436,5,1),(7709,52464,434,5,1),(7710,52464,435,5,1),(7711,52464,437,5,1),(7712,52464,439,5,1),(7713,52464,438,5,1),(7714,52464,440,5,1),(7715,52464,441,5,1),(7716,52464,443,5,1),(7717,52464,442,5,1),(7718,52464,444,5,1),(7719,52464,445,5,1),(7720,52464,446,5,1),(7721,52464,449,5,1),(7722,52464,450,5,1),(7723,52464,447,5,1),(7724,52464,448,5,1),(7725,52464,451,5,1),(7726,52464,452,5,1),(7727,52464,453,5,1),(7728,52464,454,5,1),(7729,52464,164,5,1),(7730,52464,158,5,1),(7731,52464,159,5,1),(7732,52464,163,5,1),(7733,52464,161,5,1),(7734,52464,160,5,1),(7735,52464,165,5,1),(7736,52464,162,5,1),(7737,52464,172,5,1),(7738,52464,166,5,1),(7739,52464,167,5,1),(7740,52464,171,5,1),(7741,52464,169,5,1),(7742,52464,168,5,1),(7743,52464,173,5,1),(7744,52464,174,5,1),(7745,52464,170,5,1),(7746,52464,178,5,1),(7747,52464,179,5,1),(7748,52464,177,5,1),(7749,52464,176,5,1),(7750,52464,175,5,1),(7751,52464,184,5,1),(7752,52464,185,5,1),(7753,52464,182,5,1),(7754,52464,183,5,1),(7755,52464,181,5,1),(7756,52464,180,5,1),(7757,52464,190,5,1),(7758,52464,191,5,1),(7759,52464,186,5,1),(7760,52464,187,5,1),(7761,52464,188,5,1),(7762,52464,189,5,1),(7763,52464,196,5,1),(7764,52464,197,5,1),(7765,52464,192,5,1),(7766,52464,193,5,1),(7767,52464,194,5,1),(7768,52464,195,5,1),(7769,52464,198,5,1),(7770,52464,199,5,1),(7771,52464,201,5,1),(7772,52464,200,5,1),(7773,52464,202,5,1),(7774,52464,203,5,1),(7775,52464,204,5,1),(7776,52464,206,5,1),(7777,52464,205,5,1),(7778,52464,207,5,1),(7779,52464,212,5,1),(7780,52464,210,5,1),(7781,52464,208,5,1),(7782,52464,209,5,1),(7783,52464,211,5,1),(7784,52464,217,5,1),(7785,52464,215,5,1),(7786,52464,213,5,1),(7787,52464,214,5,1),(7788,52464,216,5,1),(7789,52464,220,5,1),(7790,52464,221,5,1),(7791,52464,219,5,1),(7792,52464,222,5,1),(7793,52464,218,5,1),(7794,52464,225,5,1),(7795,52464,226,5,1),(7796,52464,224,5,1),(7797,52464,227,5,1),(7798,52464,223,5,1),(7799,52464,228,5,1),(7800,52464,231,5,1),(7801,52464,233,5,1),(7802,52464,229,5,1),(7803,52464,232,5,1),(7804,52464,230,5,1),(7805,52464,234,5,1),(7806,52464,237,5,1),(7807,52464,239,5,1),(7808,52464,235,5,1),(7809,52464,238,5,1),(7810,52464,236,5,1),(7811,52464,244,5,1),(7812,52464,241,5,1),(7813,52464,240,5,1),(7814,52464,243,5,1),(7815,52464,242,5,1),(7816,52464,249,5,1),(7817,52464,246,5,1),(7818,52464,245,5,1),(7819,52464,248,5,1),(7820,52464,247,5,1),(7821,52472,375,1,3),(7822,52472,376,1,3),(7823,52472,378,1,3),(7824,52472,377,5,1),(7825,52472,381,2,3),(7826,52472,379,1,3),(7827,52472,380,5,1),(7828,52472,382,2,3),(7829,52472,384,1,3),(7830,52472,383,1,3),(7831,52472,386,1,3),(7832,52472,387,5,1),(7833,52472,388,5,1),(7834,52472,389,5,1),(7835,52472,385,5,1),(7836,52472,390,5,1),(7837,52472,391,5,1),(7838,52472,395,1,3),(7839,52472,394,5,1),(7840,52472,392,5,1),(7841,52472,393,5,1),(7842,52472,399,5,1),(7843,52472,398,5,1),(7844,52472,396,5,1),(7845,52472,397,5,1),(7846,52472,401,5,1),(7847,52472,400,5,1),(7848,52472,403,5,1),(7849,52472,402,5,1),(7850,52472,404,5,1),(7851,52472,406,5,1),(7852,52472,407,5,1),(7853,52472,405,1,3),(7854,52472,409,5,1),(7855,52472,408,5,1),(7856,52472,410,1,3),(7857,52472,413,5,1),(7858,52472,414,5,1),(7859,52472,412,5,1),(7860,52472,411,5,1),(7861,52472,415,5,1),(7862,52472,417,2,3),(7863,52472,416,5,1),(7864,52472,418,5,1),(7865,52472,420,2,3),(7866,52472,419,2,3),(7867,52472,421,1,3),(7868,52472,422,5,1),(7869,52472,291,2,3),(7870,52472,284,2,3),(7871,52472,285,2,3),(7872,52472,290,2,3),(7873,52472,288,1,3),(7874,52472,286,1,3),(7875,52472,287,1,3),(7876,52472,292,2,3),(7877,52472,289,2,3),(7878,52472,299,2,3),(7879,52472,293,2,3),(7880,52472,294,2,3),(7881,52472,298,2,3),(7882,52472,296,2,3),(7883,52472,295,1,3),(7884,52472,300,3,3),(7885,52472,297,2,3),(7886,52472,304,1,2),(7887,52472,305,1,2),(7888,52472,303,5,1),(7889,52472,302,5,1),(7890,52472,301,5,1),(7891,52472,309,5,1),(7892,52472,310,5,1),(7893,52472,308,5,1),(7894,52472,307,5,1),(7895,52472,306,5,1),(7896,52472,315,2,3),(7897,52472,316,2,3),(7898,52472,311,2,3),(7899,52472,312,1,2),(7900,52472,313,2,3),(7901,52472,314,2,3),(7902,52472,321,2,2),(7903,52472,322,2,2),(7904,52472,317,2,2),(7905,52472,318,1,2),(7906,52472,319,2,3),(7907,52472,320,2,3),(7908,52472,323,2,3),(7909,52472,324,2,3),(7910,52472,326,1,2),(7911,52472,325,2,3),(7912,52472,327,1,2),(7913,52472,328,2,2),(7914,52472,329,2,2),(7915,52472,331,1,2),(7916,52472,330,2,2),(7917,52472,332,1,2),(7918,52472,337,3,5),(7919,52472,335,3,5),(7920,52472,333,2,3),(7921,52472,334,2,3),(7922,52472,336,1,2),(7923,52472,342,3,3),(7924,52472,340,3,3),(7925,52472,338,1,2),(7926,52472,339,2,2),(7927,52472,341,5,1),(7928,52472,345,2,3),(7929,52472,346,2,3),(7930,52472,344,1,2),(7931,52472,347,2,3),(7932,52472,343,2,3),(7933,52472,350,2,2),(7934,52472,351,2,2),(7935,52472,349,5,1),(7936,52472,352,2,2),(7937,52472,348,2,2),(7938,52472,353,2,3),(7939,52472,356,2,3),(7940,52472,358,3,3),(7941,52472,354,2,3),(7942,52472,357,3,3),(7943,52472,355,2,3),(7944,52472,359,2,3),(7945,52472,362,3,3),(7946,52472,364,2,3),(7947,52472,360,2,2),(7948,52472,363,3,3),(7949,52472,361,2,3),(7950,52472,369,3,3),(7951,52472,366,3,3),(7952,52472,365,2,3),(7953,52472,368,2,3),(7954,52472,367,2,3),(7955,52472,374,3,3),(7956,52472,371,2,3),(7957,52472,370,3,3),(7958,52472,373,2,3),(7959,52472,372,2,3),(7960,52472,250,5,1),(7961,52472,251,5,1),(7962,52472,253,5,1),(7963,52472,252,5,1),(7964,52472,256,5,1),(7965,52472,254,5,1),(7966,52472,255,5,1),(7967,52472,257,5,1),(7968,52472,259,5,1),(7969,52472,258,5,1),(7970,52472,261,5,1),(7971,52472,262,5,1),(7972,52472,263,5,1),(7973,52472,264,5,1),(7974,52472,260,5,1),(7975,52472,265,5,1),(7976,52472,266,5,1),(7977,52472,270,5,1),(7978,52472,269,5,1),(7979,52472,267,5,1),(7980,52472,268,5,1),(7981,52472,424,5,1),(7982,52472,426,5,1),(7983,52472,425,5,1),(7984,52472,423,5,1),(7985,52472,427,5,1),(7986,52472,431,5,1),(7987,52472,430,5,1),(7988,52472,428,5,1),(7989,52472,429,5,1),(7990,52472,432,5,1),(7991,52472,433,5,1),(7992,52472,436,5,1),(7993,52472,434,5,1),(7994,52472,435,5,1),(7995,52472,437,5,1),(7996,52472,439,5,1),(7997,52472,438,5,1),(7998,52472,440,5,1),(7999,52472,441,5,1),(8000,52472,443,5,1),(8001,52472,442,5,1),(8002,52472,444,5,1),(8003,52472,445,5,1),(8004,52472,446,5,1),(8005,52472,449,5,1),(8006,52472,450,5,1),(8007,52472,447,5,1),(8008,52472,448,5,1),(8009,52472,451,5,1),(8010,52472,452,5,1),(8011,52472,453,5,1),(8012,52472,454,5,1),(8013,52472,164,5,1),(8014,52472,158,5,1),(8015,52472,159,5,1),(8016,52472,163,5,1),(8017,52472,161,5,1),(8018,52472,160,5,1),(8019,52472,165,5,1),(8020,52472,162,5,1),(8021,52472,172,5,1),(8022,52472,166,5,1),(8023,52472,167,5,1),(8024,52472,171,5,1),(8025,52472,169,5,1),(8026,52472,168,5,1),(8027,52472,173,5,1),(8028,52472,174,5,1),(8029,52472,170,5,1),(8030,52472,178,5,1),(8031,52472,179,5,1),(8032,52472,177,5,1),(8033,52472,176,5,1),(8034,52472,175,5,1),(8035,52472,184,5,1),(8036,52472,185,5,1),(8037,52472,182,5,1),(8038,52472,183,5,1),(8039,52472,181,5,1),(8040,52472,180,5,1),(8041,52472,190,5,1),(8042,52472,191,5,1),(8043,52472,186,5,1),(8044,52472,187,5,1),(8045,52472,188,5,1),(8046,52472,189,5,1),(8047,52472,196,5,1),(8048,52472,197,5,1),(8049,52472,192,5,1),(8050,52472,193,5,1),(8051,52472,194,5,1),(8052,52472,195,5,1),(8053,52472,198,5,1),(8054,52472,199,5,1),(8055,52472,201,5,1),(8056,52472,200,5,1),(8057,52472,202,5,1),(8058,52472,203,5,1),(8059,52472,204,5,1),(8060,52472,206,5,1),(8061,52472,205,5,1),(8062,52472,207,5,1),(8063,52472,212,5,1),(8064,52472,210,5,1),(8065,52472,208,5,1),(8066,52472,209,5,1),(8067,52472,211,5,1),(8068,52472,217,5,1),(8069,52472,215,5,1),(8070,52472,213,5,1),(8071,52472,214,5,1),(8072,52472,216,5,1),(8073,52472,220,5,1),(8074,52472,221,5,1),(8075,52472,219,5,1),(8076,52472,222,5,1),(8077,52472,218,5,1),(8078,52472,225,5,1),(8079,52472,226,5,1),(8080,52472,224,5,1),(8081,52472,227,5,1),(8082,52472,223,5,1),(8083,52472,228,5,1),(8084,52472,231,5,1),(8085,52472,233,5,1),(8086,52472,229,5,1),(8087,52472,232,5,1),(8088,52472,230,5,1),(8089,52472,234,5,1),(8090,52472,237,5,1),(8091,52472,239,5,1),(8092,52472,235,5,1),(8093,52472,238,5,1),(8094,52472,236,5,1),(8095,52472,244,5,1),(8096,52472,241,5,1),(8097,52472,240,5,1),(8098,52472,243,5,1),(8099,52472,242,5,1),(8100,52472,249,5,1),(8101,52472,246,5,1),(8102,52472,245,5,1),(8103,52472,248,5,1),(8104,52472,247,5,1),(8105,52473,86,3,3),(8106,52473,87,3,5),(8107,52473,90,2,3),(8108,52473,89,2,3),(8109,52473,93,3,5),(8110,52473,91,2,3),(8111,52473,92,2,3),(8112,52473,94,2,5),(8113,52473,96,2,5),(8114,52473,95,2,3),(8115,52473,97,1,2),(8116,52473,98,5,1),(8117,52473,99,5,1),(8118,52473,100,5,1),(8119,52473,101,1,2),(8120,52473,102,2,2),(8121,52473,106,1,2),(8122,52473,105,5,1),(8123,52473,103,5,1),(8124,52473,104,5,1),(8125,52473,8,5,1),(8126,52473,13,5,1),(8127,52473,12,5,1),(8128,52473,9,5,1),(8129,52473,14,5,1),(8130,52473,16,1,2),(8131,52473,15,5,1),(8132,52473,17,5,1),(8133,52473,20,5,1),(8134,52473,19,5,1),(8135,52473,7,5,1),(8136,52473,18,5,1),(8137,52473,75,5,1),(8138,52473,70,5,1),(8139,52473,71,5,1),(8140,52473,72,5,1),(8141,52473,73,5,1),(8142,52473,74,5,1),(8143,52473,77,5,1),(8144,52473,76,5,1),(8145,52473,79,5,1),(8146,52473,78,5,1),(8147,52473,80,5,1),(8148,52473,85,5,1),(8149,52473,84,5,1),(8150,52473,81,5,1),(8151,52473,83,1,2),(8152,52473,82,5,1),(8153,52473,30,3,3),(8154,52473,23,3,3),(8155,52473,24,2,3),(8156,52473,29,3,5),(8157,52473,27,3,3),(8158,52473,25,3,5),(8159,52473,31,2,3),(8160,52473,28,2,3),(8161,52473,113,5,1),(8162,52473,107,5,1),(8163,52473,108,5,1),(8164,52473,112,5,1),(8165,52473,110,5,1),(8166,52473,109,5,1),(8167,52473,114,5,1),(8168,52473,111,5,1),(8169,52473,35,1,2),(8170,52473,36,2,2),(8171,52473,34,1,2),(8172,52473,33,1,2),(8173,52473,32,5,1),(8174,52473,118,5,1),(8175,52473,119,5,1),(8176,52473,117,5,1),(8177,52473,116,5,1),(8178,52473,115,5,1),(8179,52473,124,3,3),(8180,52473,125,2,3),(8181,52473,120,3,3),(8182,52473,121,3,3),(8183,52473,122,2,2),(8184,52473,123,2,3),(8185,52473,130,5,1),(8186,52473,131,5,1),(8187,52473,126,5,1),(8188,52473,127,5,1),(8189,52473,128,5,1),(8190,52473,129,5,1),(8191,52473,43,3,2),(8192,52473,44,3,2),(8193,52473,46,2,2),(8194,52473,45,2,2),(8195,52473,47,1,2),(8196,52473,132,5,1),(8197,52473,133,5,1),(8198,52473,135,5,1),(8199,52473,134,5,1),(8200,52473,136,5,1),(8201,52473,53,2,3),(8202,52473,51,2,2),(8203,52473,49,5,1),(8204,52473,50,1,2),(8205,52473,52,5,1),(8206,52473,141,5,1),(8207,52473,139,5,1),(8208,52473,137,5,1),(8209,52473,138,5,1),(8210,52473,140,5,1),(8211,52473,56,1,2),(8212,52473,57,1,2),(8213,52473,55,1,2),(8214,52473,58,1,2),(8215,52473,54,3,3),(8216,52473,144,5,1),(8217,52473,145,5,1),(8218,52473,143,5,1),(8219,52473,146,5,1),(8220,52473,142,5,1),(8221,52473,59,5,1),(8222,52473,62,3,2),(8223,52473,64,1,2),(8224,52473,60,1,2),(8225,52473,63,1,2),(8226,52473,61,2,2),(8227,52473,147,5,1),(8228,52473,150,5,1),(8229,52473,152,5,1),(8230,52473,149,5,1),(8231,52473,151,5,1),(8232,52473,148,5,1),(8233,52473,69,3,3),(8234,52473,66,2,3),(8235,52473,65,2,3),(8236,52473,68,1,2),(8237,52473,67,1,2),(8238,52473,157,5,1),(8239,52473,154,5,1),(8240,52473,153,5,1),(8241,52473,156,5,1),(8242,52473,155,5,1),(8243,52476,86,5,1),(8244,52476,87,5,1),(8245,52476,90,5,1),(8246,52476,89,5,1),(8247,52476,93,5,1),(8248,52476,91,5,1),(8249,52476,92,5,1),(8250,52476,94,5,1),(8251,52476,96,5,1),(8252,52476,95,5,1),(8253,52476,97,5,1),(8254,52476,98,5,1),(8255,52476,99,5,1),(8256,52476,100,5,1),(8257,52476,101,5,1),(8258,52476,102,5,1),(8259,52476,106,5,1),(8260,52476,105,5,1),(8261,52476,103,5,1),(8262,52476,104,5,1),(8263,52476,8,1,2),(8264,52476,13,1,2),(8265,52476,12,1,2),(8266,52476,9,1,2),(8267,52476,14,1,2),(8268,52476,16,1,2),(8269,52476,15,1,2),(8270,52476,17,5,1),(8271,52476,20,1,2),(8272,52476,19,1,2),(8273,52476,7,5,1),(8274,52476,18,5,1),(8275,52476,75,5,1),(8276,52476,70,5,1),(8277,52476,71,1,2),(8278,52476,72,5,1),(8279,52476,73,5,1),(8280,52476,74,5,1),(8281,52476,77,5,1),(8282,52476,76,5,1),(8283,52476,79,5,1),(8284,52476,78,5,1),(8285,52476,80,5,1),(8286,52476,85,5,1),(8287,52476,84,5,1),(8288,52476,81,5,1),(8289,52476,83,5,1),(8290,52476,82,5,1),(8291,52476,30,2,2),(8292,52476,23,2,2),(8293,52476,24,1,2),(8294,52476,29,1,2),(8295,52476,27,1,2),(8296,52476,25,1,2),(8297,52476,31,1,2),(8298,52476,28,1,2),(8299,52476,113,1,2),(8300,52476,107,1,2),(8301,52476,108,1,2),(8302,52476,112,1,2),(8303,52476,110,1,2),(8304,52476,109,1,2),(8305,52476,114,1,2),(8306,52476,111,1,2),(8307,52476,35,5,1),(8308,52476,36,5,1),(8309,52476,34,5,1),(8310,52476,33,5,1),(8311,52476,32,5,1),(8312,52476,118,5,1),(8313,52476,119,5,1),(8314,52476,117,5,1),(8315,52476,116,5,1),(8316,52476,115,5,1),(8317,52476,124,1,2),(8318,52476,125,1,2),(8319,52476,120,1,2),(8320,52476,121,1,2),(8321,52476,122,1,2),(8322,52476,123,1,2),(8323,52476,130,1,2),(8324,52476,131,1,2),(8325,52476,126,1,2),(8326,52476,127,1,2),(8327,52476,128,1,2),(8328,52476,129,1,2),(8329,52476,43,1,2),(8330,52476,44,1,2),(8331,52476,46,1,2),(8332,52476,45,1,2),(8333,52476,47,1,2),(8334,52476,132,1,2),(8335,52476,133,1,2),(8336,52476,135,1,2),(8337,52476,134,1,2),(8338,52476,136,1,2),(8339,52476,53,1,2),(8340,52476,51,1,2),(8341,52476,49,1,2),(8342,52476,50,1,2),(8343,52476,52,1,2),(8344,52476,141,5,1),(8345,52476,139,5,1),(8346,52476,137,5,1),(8347,52476,138,5,1),(8348,52476,140,5,1),(8349,52476,56,1,2),(8350,52476,57,1,2),(8351,52476,55,1,2),(8352,52476,58,1,2),(8353,52476,54,1,2),(8354,52476,144,5,1),(8355,52476,145,5,1),(8356,52476,143,5,1),(8357,52476,146,5,1),(8358,52476,142,5,1),(8359,52476,59,5,1),(8360,52476,62,5,1),(8361,52476,64,5,1),(8362,52476,60,5,1),(8363,52476,63,5,1),(8364,52476,61,5,1),(8365,52476,147,5,1),(8366,52476,150,5,1),(8367,52476,152,5,1),(8368,52476,149,5,1),(8369,52476,151,5,1),(8370,52476,148,5,1),(8371,52476,69,5,1),(8372,52476,66,5,1),(8373,52476,65,5,1),(8374,52476,68,5,1),(8375,52476,67,5,1),(8376,52476,157,5,1),(8377,52476,154,5,1),(8378,52476,153,5,1),(8379,52476,156,5,1),(8380,52476,155,5,1),(8381,52464,375,5,1),(8382,52464,376,5,1),(8383,52464,378,5,1),(8384,52464,377,5,1),(8385,52464,381,5,1),(8386,52464,379,5,1),(8387,52464,380,5,1),(8388,52464,382,5,1),(8389,52464,384,5,1),(8390,52464,383,5,1),(8391,52464,386,5,1),(8392,52464,387,5,1),(8393,52464,388,5,1),(8394,52464,389,5,1),(8395,52464,385,5,1),(8396,52464,390,5,1),(8397,52464,391,5,1),(8398,52464,395,5,1),(8399,52464,394,5,1),(8400,52464,392,5,1),(8401,52464,393,5,1),(8402,52464,399,5,1),(8403,52464,398,5,1),(8404,52464,396,5,1),(8405,52464,397,5,1),(8406,52464,401,5,1),(8407,52464,400,5,1),(8408,52464,403,5,1),(8409,52464,402,5,1),(8410,52464,404,5,1),(8411,52464,406,5,1),(8412,52464,407,5,1),(8413,52464,405,5,1),(8414,52464,409,5,1),(8415,52464,408,5,1),(8416,52464,410,5,1),(8417,52464,413,5,1),(8418,52464,414,5,1),(8419,52464,412,5,1),(8420,52464,411,5,1),(8421,52464,415,5,1),(8422,52464,417,5,1),(8423,52464,416,5,1),(8424,52464,418,5,1),(8425,52464,420,5,1),(8426,52464,419,5,1),(8427,52464,421,5,1),(8428,52464,422,5,1),(8429,52464,291,5,1),(8430,52464,284,5,1),(8431,52464,285,5,1),(8432,52464,290,5,1),(8433,52464,288,5,1),(8434,52464,286,5,1),(8435,52464,287,5,1),(8436,52464,292,5,1),(8437,52464,289,5,1),(8438,52464,299,5,1),(8439,52464,293,5,1),(8440,52464,294,5,1),(8441,52464,298,5,1),(8442,52464,296,5,1),(8443,52464,295,5,1),(8444,52464,300,5,1),(8445,52464,297,5,1),(8446,52464,304,5,1),(8447,52464,305,5,1),(8448,52464,303,5,1),(8449,52464,302,5,1),(8450,52464,301,5,1),(8451,52464,309,5,1),(8452,52464,310,5,1),(8453,52464,308,5,1),(8454,52464,307,5,1),(8455,52464,306,5,1),(8456,52464,315,5,1),(8457,52464,316,5,1),(8458,52464,311,5,1),(8459,52464,312,5,1),(8460,52464,313,5,1),(8461,52464,314,5,1),(8462,52464,321,5,1),(8463,52464,322,5,1),(8464,52464,317,5,1),(8465,52464,318,5,1),(8466,52464,319,5,1),(8467,52464,320,5,1),(8468,52464,323,5,1),(8469,52464,324,5,1),(8470,52464,326,5,1),(8471,52464,325,5,1),(8472,52464,327,5,1),(8473,52464,328,5,1),(8474,52464,329,5,1),(8475,52464,331,5,1),(8476,52464,330,5,1),(8477,52464,332,5,1),(8478,52464,337,5,1),(8479,52464,335,5,1),(8480,52464,333,5,1),(8481,52464,334,5,1),(8482,52464,336,5,1),(8483,52464,342,5,1),(8484,52464,340,5,1),(8485,52464,338,5,1),(8486,52464,339,5,1),(8487,52464,341,5,1),(8488,52464,345,5,1),(8489,52464,346,5,1),(8490,52464,344,5,1),(8491,52464,347,5,1),(8492,52464,343,5,1),(8493,52464,350,5,1),(8494,52464,351,5,1),(8495,52464,349,5,1),(8496,52464,352,5,1),(8497,52464,348,5,1),(8498,52464,353,5,1),(8499,52464,356,5,1),(8500,52464,358,5,1),(8501,52464,354,5,1),(8502,52464,357,5,1),(8503,52464,355,5,1),(8504,52464,359,5,1),(8505,52464,362,5,1),(8506,52464,364,5,1),(8507,52464,360,5,1),(8508,52464,363,5,1),(8509,52464,361,5,1),(8510,52464,369,5,1),(8511,52464,366,5,1),(8512,52464,365,5,1),(8513,52464,368,5,1),(8514,52464,367,5,1),(8515,52464,374,5,1),(8516,52464,371,5,1),(8517,52464,370,5,1),(8518,52464,373,5,1),(8519,52464,372,5,1),(8520,52468,86,2,3),(8521,52468,87,1,3),(8522,52468,90,1,3),(8523,52468,89,1,3),(8524,52468,93,3,3),(8525,52468,91,3,3),(8526,52468,92,2,3),(8527,52468,94,2,3),(8528,52468,96,2,3),(8529,52468,95,3,3),(8530,52468,97,2,3),(8531,52468,98,3,3),(8532,52468,99,5,1),(8533,52468,100,5,1),(8534,52468,101,5,1),(8535,52468,102,5,1),(8536,52468,106,3,3),(8537,52468,105,1,3),(8538,52468,103,2,3),(8539,52468,104,5,1),(8540,52468,8,5,1),(8541,52468,13,2,3),(8542,52468,12,3,3),(8543,52468,9,3,3),(8544,52468,14,1,3),(8545,52468,16,2,3),(8546,52468,15,2,3),(8547,52468,17,5,1),(8548,52468,20,5,1),(8549,52468,19,5,1),(8550,52468,7,5,1),(8551,52468,18,1,3),(8552,52468,75,1,3),(8553,52468,70,2,3),(8554,52468,71,3,3),(8555,52468,72,2,3),(8556,52468,73,2,3),(8557,52468,74,2,3),(8558,52468,77,5,1),(8559,52468,76,2,3),(8560,52468,79,5,1),(8561,52468,78,5,1),(8562,52468,80,5,1),(8563,52468,85,5,1),(8564,52468,84,5,1),(8565,52468,81,5,1),(8566,52468,83,5,1),(8567,52468,82,5,1),(8568,52468,30,1,3),(8569,52468,23,1,3),(8570,52468,24,2,3),(8571,52468,29,5,1),(8572,52468,27,2,3),(8573,52468,25,2,3),(8574,52468,31,5,1),(8575,52468,28,5,1),(8576,52468,113,5,1),(8577,52468,107,5,1),(8578,52468,108,5,1),(8579,52468,112,5,1),(8580,52468,110,5,1),(8581,52468,109,5,1),(8582,52468,114,5,1),(8583,52468,111,5,1),(8584,52468,35,1,3),(8585,52468,36,2,3),(8586,52468,34,2,3),(8587,52468,33,1,3),(8588,52468,32,2,3),(8589,52468,118,5,1),(8590,52468,119,5,1),(8591,52468,117,5,1),(8592,52468,116,5,1),(8593,52468,115,5,1),(8594,52468,124,2,3),(8595,52468,125,5,1),(8596,52468,120,2,3),(8597,52468,121,5,1),(8598,52468,122,5,1),(8599,52468,123,1,1),(8600,52468,130,5,1),(8601,52468,131,5,1),(8602,52468,126,5,1),(8603,52468,127,5,1),(8604,52468,128,5,1),(8605,52468,129,5,1),(8606,52468,43,1,3),(8607,52468,44,5,1),(8608,52468,46,5,1),(8609,52468,45,5,1),(8610,52468,47,5,1),(8611,52468,132,5,1),(8612,52468,133,5,1),(8613,52468,135,5,1),(8614,52468,134,5,1),(8615,52468,136,5,1),(8616,52468,53,3,5),(8617,52468,51,3,3),(8618,52468,49,2,3),(8619,52468,50,2,3),(8620,52468,52,3,3),(8621,52468,141,5,1),(8622,52468,139,5,1),(8623,52468,137,5,1),(8624,52468,138,5,1),(8625,52468,140,5,1),(8626,52468,56,1,3),(8627,52468,57,5,1),(8628,52468,55,5,1),(8629,52468,58,5,1),(8630,52468,54,5,1),(8631,52468,144,5,1),(8632,52468,145,5,1),(8633,52468,143,5,1),(8634,52468,146,5,1),(8635,52468,142,5,1),(8636,52468,59,1,3),(8637,52468,62,2,3),(8638,52468,64,5,1),(8639,52468,60,5,1),(8640,52468,63,5,1),(8641,52468,61,2,1),(8642,52468,147,5,1),(8643,52468,150,5,1),(8644,52468,152,5,1),(8645,52468,149,5,1),(8646,52468,151,5,1),(8647,52468,148,5,1),(8648,52468,69,3,3),(8649,52468,66,2,3),(8650,52468,65,5,1),(8651,52468,68,5,1),(8652,52468,67,2,1),(8653,52468,157,5,1),(8654,52468,154,5,1),(8655,52468,153,5,1),(8656,52468,156,5,1),(8657,52468,155,5,1),(8658,52463,375,5,1),(8659,52463,376,5,1),(8660,52463,378,5,1),(8661,52463,377,5,1),(8662,52463,381,5,1),(8663,52463,379,5,1),(8664,52463,380,5,1),(8665,52463,382,5,1),(8666,52463,384,5,1),(8667,52463,383,5,1),(8668,52463,386,5,1),(8669,52463,387,5,1),(8670,52463,388,5,1),(8671,52463,389,5,1),(8672,52463,385,5,1),(8673,52463,390,5,1),(8674,52463,391,5,1),(8675,52463,395,5,1),(8676,52463,394,5,1),(8677,52463,392,5,1),(8678,52463,393,5,1),(8679,52463,399,5,1),(8680,52463,398,5,1),(8681,52463,396,5,1),(8682,52463,397,5,1),(8683,52463,401,5,1),(8684,52463,400,3,5),(8685,52463,403,3,5),(8686,52463,402,5,1),(8687,52463,404,5,1),(8688,52463,406,5,1),(8689,52463,407,5,1),(8690,52463,405,5,1),(8691,52463,409,5,1),(8692,52463,408,5,1),(8693,52463,410,5,1),(8694,52463,413,5,1),(8695,52463,414,5,1),(8696,52463,412,5,1),(8697,52463,411,5,1),(8698,52463,415,5,1),(8699,52463,417,5,1),(8700,52463,416,5,1),(8701,52463,418,5,1),(8702,52463,420,5,1),(8703,52463,419,5,1),(8704,52463,421,5,1),(8705,52463,422,5,1),(8706,52463,291,5,1),(8707,52463,284,5,1),(8708,52463,285,5,1),(8709,52463,290,5,1),(8710,52463,288,5,1),(8711,52463,286,5,1),(8712,52463,287,5,1),(8713,52463,292,5,1),(8714,52463,289,5,1),(8715,52463,299,5,1),(8716,52463,293,5,1),(8717,52463,294,5,1),(8718,52463,298,5,1),(8719,52463,296,5,1),(8720,52463,295,5,1),(8721,52463,300,5,1),(8722,52463,297,5,1),(8723,52463,304,5,1),(8724,52463,305,5,1),(8725,52463,303,5,1),(8726,52463,302,5,1),(8727,52463,301,5,1),(8728,52463,309,5,1),(8729,52463,310,5,1),(8730,52463,308,5,1),(8731,52463,307,5,1),(8732,52463,306,5,1),(8733,52463,315,5,1),(8734,52463,316,5,1),(8735,52463,311,5,1),(8736,52463,312,5,1),(8737,52463,313,5,1),(8738,52463,314,5,1),(8739,52463,321,5,1),(8740,52463,322,5,1),(8741,52463,317,5,1),(8742,52463,318,5,1),(8743,52463,319,5,1),(8744,52463,320,5,1),(8745,52463,323,5,1),(8746,52463,324,5,1),(8747,52463,326,5,1),(8748,52463,325,5,1),(8749,52463,327,5,1),(8750,52463,328,5,1),(8751,52463,329,5,1),(8752,52463,331,5,1),(8753,52463,330,5,1),(8754,52463,332,5,1),(8755,52463,337,5,1),(8756,52463,335,5,1),(8757,52463,333,5,1),(8758,52463,334,5,1),(8759,52463,336,5,1),(8760,52463,342,5,1),(8761,52463,340,5,1),(8762,52463,338,5,1),(8763,52463,339,5,1),(8764,52463,341,5,1),(8765,52463,345,5,1),(8766,52463,346,5,1),(8767,52463,344,5,1),(8768,52463,347,5,1),(8769,52463,343,5,1),(8770,52463,350,5,1),(8771,52463,351,5,1),(8772,52463,349,5,1),(8773,52463,352,5,1),(8774,52463,348,5,1),(8775,52463,353,5,1),(8776,52463,356,5,1),(8777,52463,358,5,1),(8778,52463,354,5,1),(8779,52463,357,5,1),(8780,52463,355,5,1),(8781,52463,359,5,1),(8782,52463,362,5,1),(8783,52463,364,5,1),(8784,52463,360,5,1),(8785,52463,363,5,1),(8786,52463,361,5,1),(8787,52463,369,5,1),(8788,52463,366,5,1),(8789,52463,365,5,1),(8790,52463,368,5,1),(8791,52463,367,5,1),(8792,52463,374,5,1),(8793,52463,371,5,1),(8794,52463,370,5,1),(8795,52463,373,5,1),(8796,52463,372,5,1);

/*Table structure for table `link_course_offering_instructor` */

DROP TABLE IF EXISTS `link_course_offering_instructor`;

CREATE TABLE `link_course_offering_instructor` (
  `id` int(11) NOT NULL AUTO_INCREMENT,
  `course_offering_id` int(11) NOT NULL,
  `instructor_id` int(11) NOT NULL,
  PRIMARY KEY (`id`),
  KEY `pk_link_course_offering_instructor` (`id`),
  KEY `fk_link_course_offering_instructor_offering` (`course_offering_id`),
  KEY `fk_link_course_offering_instructor_instructor` (`instructor_id`),
  CONSTRAINT `fk_link_course_offering_instructor_instructor` FOREIGN KEY (`instructor_id`) REFERENCES `instructor` (`id`),
  CONSTRAINT `fk_link_course_offering_instructor_offering` FOREIGN KEY (`course_offering_id`) REFERENCES `course_offering` (`id`)
) ENGINE=InnoDB AUTO_INCREMENT=23 DEFAULT CHARSET=latin1;

/*Data for the table `link_course_offering_instructor` */

insert  into `link_course_offering_instructor`(`id`,`course_offering_id`,`instructor_id`) values (1,52466,2499),(6,52471,2500),(9,52467,2498),(10,52468,2502),(12,52465,2504),(13,52463,2504),(14,52472,2506),(15,52473,2505),(16,52474,2507),(17,52475,2507),(18,52464,2497),(19,52470,2501),(20,52476,2503),(21,52469,2501),(22,52477,2501);

/*Table structure for table `link_course_offering_outcome` */

DROP TABLE IF EXISTS `link_course_offering_outcome`;

CREATE TABLE `link_course_offering_outcome` (
  `id` int(11) NOT NULL AUTO_INCREMENT,
  `course_offering_id` int(11) NOT NULL,
  `course_outcome_id` int(11) NOT NULL,
  `display_index` int(5) DEFAULT '1',
  PRIMARY KEY (`id`),
  KEY `PK_link_course_offering_outcome` (`id`),
  KEY `fk_link_course_offering_outcome_course_offering` (`course_offering_id`),
  KEY `fk_link_course_offering_outcome_course_outcome` (`course_outcome_id`),
  CONSTRAINT `fk_link_course_offering_outcome_course_offering` FOREIGN KEY (`course_offering_id`) REFERENCES `course_offering` (`id`),
  CONSTRAINT `fk_link_course_offering_outcome_course_outcome` FOREIGN KEY (`course_outcome_id`) REFERENCES `course_outcome` (`id`)
) ENGINE=InnoDB AUTO_INCREMENT=47 DEFAULT CHARSET=latin1;

/*Data for the table `link_course_offering_outcome` */

insert  into `link_course_offering_outcome`(`id`,`course_offering_id`,`course_outcome_id`,`display_index`) values (4,52463,1439,1),(6,52464,1441,1),(7,52464,1442,2),(8,52464,1443,3),(9,52472,1444,1),(10,52472,1445,2),(11,52472,1446,3),(13,52472,1448,4),(14,52474,1449,1),(15,52474,1450,2),(16,52474,1451,3),(17,52474,1452,4),(18,52474,1453,5),(19,52474,1454,6),(20,52474,1455,7),(21,52474,1456,8),(22,52473,1457,1),(23,52473,1458,2),(24,52473,1459,3),(25,52473,1460,4),(26,52469,1461,1),(27,52469,1462,2),(28,52469,1463,3),(29,52469,1464,4),(30,52469,1465,5),(31,52469,1466,6),(32,52469,1467,7),(33,52469,1468,8),(34,52469,1469,9),(35,52476,1470,1),(36,52476,1471,2),(37,52476,1472,3),(38,52476,1473,4),(39,52476,1474,5),(40,52476,1475,6),(41,52468,1476,4),(42,52468,1477,1),(43,52468,1478,2),(44,52468,1479,5),(45,52468,1480,3),(46,52468,1481,6);

/*Table structure for table `link_course_offering_outcome_characteristic` */

DROP TABLE IF EXISTS `link_course_offering_outcome_characteristic`;

CREATE TABLE `link_course_offering_outcome_characteristic` (
  `id` int(11) NOT NULL AUTO_INCREMENT,
  `link_course_offering_outcome_id` int(11) NOT NULL,
  `Characteristic_id` int(11) NOT NULL,
  `created_by_userid` varchar(10) NOT NULL,
  `created_on` timestamp NOT NULL DEFAULT CURRENT_TIMESTAMP ON UPDATE CURRENT_TIMESTAMP,
  PRIMARY KEY (`id`),
  KEY `PK_link_course_outcome_Characteristic` (`id`),
  KEY `fk_link_course_of_outc_characteristic_lnk_crs_outc` (`link_course_offering_outcome_id`),
  KEY `fk_link_course_of_outc_characteristic_Characteristic` (`Characteristic_id`),
  CONSTRAINT `fk_link_course_of_outc_characteristic_Characteristic` FOREIGN KEY (`Characteristic_id`) REFERENCES `characteristic` (`id`),
  CONSTRAINT `fk_link_course_of_outc_characteristic_lnk_crs_outc` FOREIGN KEY (`link_course_offering_outcome_id`) REFERENCES `link_course_offering_outcome` (`id`)
) ENGINE=InnoDB AUTO_INCREMENT=93 DEFAULT CHARSET=latin1;

/*Data for the table `link_course_offering_outcome_characteristic` */

insert  into `link_course_offering_outcome_characteristic`(`id`,`link_course_offering_outcome_id`,`Characteristic_id`,`created_by_userid`,`created_on`) values (7,4,1,'catvisitor','2014-05-06 17:21:46'),(8,4,37,'catvisitor','2014-05-06 17:21:46'),(11,6,43,'kredd','2014-06-16 14:51:39'),(12,6,37,'kredd','2014-06-16 14:51:39'),(13,7,3,'kredd','2014-06-18 15:13:20'),(14,7,36,'kredd','2014-06-18 15:13:20'),(15,8,3,'kredd','2014-06-18 15:16:17'),(16,8,36,'kredd','2014-06-18 15:16:18'),(17,9,43,'website','2014-06-24 14:28:28'),(18,9,38,'website','2014-06-24 14:28:28'),(19,10,46,'MSpencer','2014-06-24 14:53:28'),(20,10,38,'MSpencer','2014-06-24 14:53:28'),(21,11,46,'MSpencer','2014-06-24 14:54:40'),(22,11,38,'MSpencer','2014-06-24 14:54:40'),(25,13,46,'MSpencer','2014-06-24 15:01:02'),(26,13,38,'MSpencer','2014-06-24 15:01:02'),(27,14,43,'JKnight','2014-07-13 15:59:35'),(28,14,36,'JKnight','2014-07-13 15:59:35'),(29,15,1,'JKnight','2014-07-13 15:59:54'),(30,15,36,'JKnight','2014-07-13 15:59:55'),(31,16,1,'JKnight','2014-07-13 16:00:08'),(32,16,36,'JKnight','2014-07-13 16:00:08'),(33,17,1,'JKnight','2014-07-13 16:00:24'),(34,17,36,'JKnight','2014-07-13 16:00:24'),(35,18,43,'JKnight','2014-07-13 16:00:38'),(36,18,36,'JKnight','2014-07-13 16:00:38'),(37,19,1,'JKnight','2014-07-13 16:00:50'),(38,19,36,'JKnight','2014-07-13 16:00:50'),(39,20,1,'JKnight','2014-07-13 16:01:03'),(40,20,36,'JKnight','2014-07-13 16:01:03'),(41,21,45,'JKnight','2014-07-13 16:01:34'),(42,21,36,'JKnight','2014-07-13 16:01:34'),(43,22,43,'BHarrer','2014-07-13 17:02:48'),(44,22,36,'BHarrer','2014-07-13 17:02:48'),(45,23,46,'BHarrer','2014-07-13 17:03:57'),(46,23,36,'BHarrer','2014-07-13 17:03:58'),(47,24,44,'BHarrer','2014-07-13 17:07:22'),(48,24,37,'BHarrer','2014-07-13 17:07:22'),(49,25,1,'BHarrer','2014-07-13 17:08:04'),(50,25,37,'BHarrer','2014-07-13 17:08:04'),(51,26,44,'website','2014-07-14 14:52:17'),(52,26,36,'website','2014-07-14 14:52:17'),(53,27,46,'jkeller','2014-07-14 14:51:19'),(54,27,37,'jkeller','2014-07-14 14:51:19'),(55,28,46,'jkeller','2014-07-14 14:53:28'),(56,28,37,'jkeller','2014-07-14 14:53:28'),(57,29,44,'jkeller','2014-07-14 14:54:03'),(58,29,36,'jkeller','2014-07-14 14:54:03'),(59,30,1,'jkeller','2014-07-14 15:16:24'),(60,30,36,'jkeller','2014-07-14 15:16:24'),(61,31,1,'jkeller','2014-07-14 15:16:51'),(62,31,36,'jkeller','2014-07-14 15:16:51'),(63,32,1,'jkeller','2014-07-14 15:17:02'),(64,32,36,'jkeller','2014-07-14 15:17:02'),(65,33,1,'jkeller','2014-07-14 15:17:23'),(66,33,36,'jkeller','2014-07-14 15:17:23'),(67,34,1,'jkeller','2014-07-14 15:17:32'),(68,34,36,'jkeller','2014-07-14 15:17:32'),(69,35,46,'NStauch','2014-07-15 11:50:40'),(70,35,37,'NStauch','2014-07-15 11:50:40'),(71,36,46,'NStauch','2014-07-15 11:51:34'),(72,36,38,'NStauch','2014-07-15 11:51:34'),(73,37,46,'NStauch','2014-07-15 11:52:25'),(74,37,37,'NStauch','2014-07-15 11:52:25'),(75,38,46,'NStauch','2014-07-15 11:53:12'),(76,38,38,'NStauch','2014-07-15 11:53:12'),(77,39,46,'NStauch','2014-07-15 11:53:49'),(78,39,37,'NStauch','2014-07-15 11:53:49'),(79,40,46,'NStauch','2014-07-15 11:54:43'),(80,40,38,'NStauch','2014-07-15 11:54:43'),(81,41,43,'website','2014-07-18 12:44:35'),(82,41,37,'website','2014-07-18 12:44:35'),(83,42,43,'MMoelter','2014-07-18 12:40:05'),(84,42,37,'MMoelter','2014-07-18 12:40:05'),(85,43,43,'website','2014-07-18 12:42:14'),(86,43,37,'website','2014-07-18 12:42:15'),(87,44,1,'MMoelter','2014-07-18 12:41:46'),(88,44,36,'MMoelter','2014-07-18 12:41:46'),(89,45,43,'MMoelter','2014-07-18 12:44:02'),(90,45,37,'MMoelter','2014-07-18 12:44:02'),(91,46,43,'MMoelter','2014-07-18 12:49:45'),(92,46,37,'MMoelter','2014-07-18 12:49:45');

/*Table structure for table `link_course_offering_teaching_method` */

DROP TABLE IF EXISTS `link_course_offering_teaching_method`;

CREATE TABLE `link_course_offering_teaching_method` (
  `id` int(11) NOT NULL AUTO_INCREMENT,
  `course_offering_id` int(11) NOT NULL,
  `teaching_method_portion_option_id` int(11) NOT NULL,
  `teaching_method_id` int(11) NOT NULL,
  PRIMARY KEY (`id`),
  KEY `PK_link_course_offering_teaching_method` (`id`),
  KEY `fk_link_course_offering_teaching_method_course` (`course_offering_id`),
  KEY `fk_link_course_offering_teaching_method_teaching_method` (`teaching_method_id`),
  KEY `fk_link_course_offering_teaching_mthd_teaching_mthd_portion_opt` (`teaching_method_portion_option_id`),
  CONSTRAINT `fk_link_course_offering_teaching_method_course` FOREIGN KEY (`course_offering_id`) REFERENCES `course_offering` (`id`),
  CONSTRAINT `fk_link_course_offering_teaching_method_teaching_method` FOREIGN KEY (`teaching_method_id`) REFERENCES `teaching_method` (`id`),
  CONSTRAINT `fk_link_course_offering_teaching_mthd_teaching_mthd_portion_opt` FOREIGN KEY (`teaching_method_portion_option_id`) REFERENCES `teaching_method_portion_option` (`id`)
) ENGINE=InnoDB AUTO_INCREMENT=1513 DEFAULT CHARSET=latin1;

/*Data for the table `link_course_offering_teaching_method` */

insert  into `link_course_offering_teaching_method`(`id`,`course_offering_id`,`teaching_method_portion_option_id`,`teaching_method_id`) values (128,13691,24,1),(129,13691,22,2),(130,13691,22,3),(131,13691,4,4),(132,13691,22,5),(138,13692,23,5),(139,13692,23,4),(140,13692,22,3),(141,13692,24,2),(142,13692,22,1),(157,31993,23,1),(158,31993,22,2),(159,31993,22,3),(160,31993,23,4),(161,31993,4,5),(177,40180,24,1),(178,40180,4,5),(179,40180,4,4),(180,40180,4,3),(181,40180,22,2),(182,40182,24,1),(183,40182,22,5),(184,40182,4,4),(185,40182,4,3),(186,40182,4,2),(187,40181,24,1),(188,40181,4,2),(189,40181,24,3),(190,40181,23,4),(191,40181,23,5),(198,40183,24,1),(199,40183,22,2),(200,40183,22,3),(201,40183,23,4),(202,40183,22,5),(257,40188,22,2),(260,40189,23,1),(261,40189,24,2),(262,40189,22,3),(263,40189,22,4),(264,40189,22,5),(758,52425,22,3),(759,52425,23,4),(760,52425,22,5),(924,52426,22,1),(925,52426,23,5),(926,52426,22,4),(927,52426,4,3),(928,52426,22,2),(1019,52429,22,5),(1020,52429,23,4),(1021,52429,24,3),(1022,52429,23,2),(1023,52429,23,1),(1268,52448,24,1),(1269,52448,22,5),(1270,52448,24,4),(1271,52448,22,3),(1272,52448,22,2),(1273,52423,24,1),(1274,52423,22,5),(1275,52423,23,4),(1276,52423,22,3),(1277,52423,22,2),(1415,52425,24,1),(1416,52425,4,2),(1448,52459,24,1),(1449,52459,4,5),(1450,52459,4,4),(1451,52459,4,3),(1452,52459,22,2),(1458,52451,24,1),(1459,52451,22,2),(1460,52451,4,3),(1461,52451,4,4),(1462,52451,4,5),(1463,52464,22,1),(1464,52464,23,2),(1465,52464,4,3),(1466,52464,4,4),(1467,52464,4,5),(1468,52465,24,1),(1469,52465,4,2),(1470,52465,4,3),(1471,52465,22,4),(1472,52465,22,5),(1473,52463,24,1),(1474,52463,4,2),(1475,52463,22,3),(1476,52463,4,4),(1477,52463,22,5),(1478,52472,22,1),(1479,52472,23,2),(1480,52472,22,3),(1481,52472,22,4),(1482,52472,22,5),(1483,52473,22,1),(1484,52473,24,2),(1485,52473,22,3),(1486,52473,23,4),(1487,52473,24,5),(1488,52474,23,1),(1489,52474,23,2),(1490,52474,22,3),(1491,52474,22,4),(1492,52474,4,5),(1493,52475,23,1),(1494,52475,22,2),(1495,52475,22,3),(1496,52475,22,4),(1497,52475,4,5),(1498,52469,22,1),(1499,52469,24,2),(1500,52469,22,3),(1501,52469,22,4),(1502,52469,23,5),(1503,52476,22,1),(1504,52476,24,2),(1505,52476,23,3),(1506,52476,22,4),(1507,52476,22,5),(1508,52468,24,1),(1509,52468,23,2),(1510,52468,4,5),(1511,52468,23,3),(1512,52468,22,4);

/*Table structure for table `link_course_organization` */

DROP TABLE IF EXISTS `link_course_organization`;

CREATE TABLE `link_course_organization` (
  `id` int(11) NOT NULL AUTO_INCREMENT,
  `organization_id` int(11) NOT NULL,
  `course_id` int(11) NOT NULL,
  PRIMARY KEY (`id`),
  KEY `PK_link_course_organization` (`id`),
  KEY `fk_link_course_organization_course` (`course_id`),
  KEY `fk_link_course_organization_organization` (`organization_id`),
  CONSTRAINT `fk_link_course_organization_course` FOREIGN KEY (`course_id`) REFERENCES `course` (`id`),
  CONSTRAINT `fk_link_course_organization_organization` FOREIGN KEY (`organization_id`) REFERENCES `organization` (`id`)
) ENGINE=InnoDB AUTO_INCREMENT=5238 DEFAULT CHARSET=latin1;

/*Data for the table `link_course_organization` */

insert  into `link_course_organization`(`id`,`organization_id`,`course_id`) values (4639,25,4209),(4640,25,3852),(4641,25,4208),(4642,25,4211),(4643,25,3851),(5137,25,4392),(5138,25,4393),(5139,25,4311),(5140,25,4391),(5141,25,4314),(5215,25,4495),(5216,25,4473),(5219,25,4496),(5220,180,4498),(5221,180,4499),(5222,180,4500),(5223,180,4502),(5225,180,4503),(5226,180,4506),(5227,180,4501),(5228,180,4504),(5229,180,4505),(5230,180,4508),(5231,180,4509),(5232,180,4510),(5233,180,4511),(5234,180,4512),(5235,180,4513),(5236,180,4514),(5237,38,4500);

/*Table structure for table `link_course_outcome_program_outcome` */

DROP TABLE IF EXISTS `link_course_outcome_program_outcome`;

CREATE TABLE `link_course_outcome_program_outcome` (
  `id` int(11) NOT NULL AUTO_INCREMENT,
  `course_outcome_id` int(11) NOT NULL,
  `program_outcome_id` int(11) NOT NULL,
  `course_offering_id` int(11) NOT NULL,
  PRIMARY KEY (`id`),
  KEY `PK_link_course_outcome_program_outcome` (`id`),
  KEY `fk_link_course_outcome_program_outcome_offering` (`course_offering_id`),
  KEY `fk_link_course_outcome_program_outcome_p_outcome` (`program_outcome_id`),
  KEY `fk_link_course_outcome_program_outcome_c_outcome` (`course_outcome_id`),
  CONSTRAINT `fk_link_course_outcome_program_outcome_c_outcome` FOREIGN KEY (`course_outcome_id`) REFERENCES `course_outcome` (`id`),
  CONSTRAINT `fk_link_course_outcome_program_outcome_offering` FOREIGN KEY (`course_offering_id`) REFERENCES `course_offering` (`id`),
  CONSTRAINT `fk_link_course_outcome_program_outcome_p_outcome` FOREIGN KEY (`program_outcome_id`) REFERENCES `program_outcome` (`id`)
) ENGINE=InnoDB AUTO_INCREMENT=6506 DEFAULT CHARSET=latin1;

/*Data for the table `link_course_outcome_program_outcome` */

insert  into `link_course_outcome_program_outcome`(`id`,`course_outcome_id`,`program_outcome_id`,`course_offering_id`) values (3,432,512,13691),(4,434,512,13691),(5,435,518,13691),(6,435,513,13691),(7,434,510,13691),(8,435,514,13691),(9,434,515,13691),(10,435,517,13691),(48,435,512,13691),(49,433,515,13691),(50,435,515,13691),(51,465,514,13691),(52,435,510,13691),(53,434,513,13691),(54,465,510,13691),(64,470,511,31993),(65,472,513,31993),(66,472,510,31993),(67,470,510,31993),(68,471,516,31993),(69,472,512,31993),(70,477,516,31993),(71,432,512,40180),(72,434,512,40180),(73,435,518,40180),(74,435,513,40180),(75,434,510,40180),(76,435,514,40180),(77,434,515,40180),(78,435,517,40180),(79,435,512,40180),(80,433,515,40180),(81,435,515,40180),(82,465,514,40180),(83,435,510,40180),(84,434,513,40180),(85,465,510,40180),(86,471,512,31993),(91,470,511,40182),(92,472,513,40182),(93,472,510,40182),(94,470,510,40182),(95,471,516,40182),(96,472,512,40182),(97,477,516,40182),(98,471,512,40182),(100,483,510,40181),(101,483,514,40181),(102,471,512,31993),(103,477,512,31993),(104,470,512,31993),(105,477,512,31993),(106,477,512,31993),(107,472,518,31993),(108,483,512,40181),(110,534,518,40183),(113,485,516,40183),(114,579,514,40183),(116,485,515,40183),(266,483,636,40181),(267,483,637,40181),(268,433,616,40180),(269,533,514,40183),(271,434,517,40180),(277,432,516,40180),(278,435,516,40180),(279,433,516,40180),(280,432,639,40180),(281,465,639,40180),(285,435,639,40180),(286,434,639,40180),(290,549,639,40188),(291,550,639,40188),(292,549,512,40188),(294,552,639,40189),(295,551,639,40189),(296,551,512,40189),(297,552,512,40189),(301,485,671,40183),(302,533,671,40183),(303,534,671,40183),(943,434,671,40180),(944,434,671,40180),(945,434,671,40180),(946,433,671,40180),(1098,534,512,40183),(1099,485,518,40183),(1100,485,510,40183),(1101,485,668,40183),(1102,485,668,40183),(1103,579,511,40183),(2006,478,512,13692),(2007,984,517,13692),(4045,1435,671,52425),(4047,985,671,52425),(4051,1187,671,52429),(5517,534,518,52448),(5518,485,516,52448),(5519,579,514,52448),(5520,485,515,52448),(5521,533,514,52448),(5522,485,671,52448),(5523,533,671,52448),(5524,534,671,52448),(5525,534,512,52448),(5526,485,518,52448),(5527,485,510,52448),(5528,485,668,52448),(5529,485,668,52448),(5530,579,511,52448),(5539,534,518,52423),(5540,485,516,52423),(5541,579,514,52423),(5542,485,515,52423),(5543,533,514,52423),(5544,485,671,52423),(5545,533,671,52423),(5546,534,671,52423),(5547,534,512,52423),(5548,485,518,52423),(5549,485,510,52423),(5550,485,668,52423),(5551,485,668,52423),(5552,579,511,52423),(5638,434,668,40180),(5657,984,639,52425),(5658,985,512,52425),(5659,985,512,52425),(5661,985,518,52425),(5662,984,510,52425),(5663,984,516,52425),(5664,984,514,52425),(5665,984,668,52425),(5666,984,511,52425),(5667,984,515,52425),(5668,984,517,52425),(5669,1434,671,52425),(5752,434,512,52459),(5753,435,518,52459),(5755,434,510,52459),(5759,435,512,52459),(5760,984,515,52459),(5762,465,514,52459),(5763,435,510,52459),(5764,434,513,52459),(5767,433,616,52459),(5770,435,516,52459),(5771,433,516,52459),(5773,465,639,52459),(5776,434,671,52459),(5777,434,671,52459),(5778,434,671,52459),(5779,433,671,52459),(5781,984,668,52459),(5782,433,511,52459),(5783,984,517,52459),(5785,1434,512,52425),(5786,984,639,52448),(5787,984,688,52464),(5788,984,696,52464),(5789,984,695,52464),(5790,984,692,52464),(5791,984,697,52464),(5792,984,699,52464),(5793,984,698,52464),(5794,984,700,52464),(5795,984,703,52464),(5796,984,702,52464),(5797,984,687,52464),(5798,984,701,52464),(5799,984,705,52464),(5801,1439,761,52463),(5802,1439,769,52463),(5803,1445,1060,52472),(5804,1445,1066,52472),(5805,1445,1067,52472),(5806,1448,1067,52472),(5807,1445,1071,52472),(5808,1448,1071,52472),(5809,1445,1073,52472),(5810,1448,1073,52472),(5811,1445,1095,52472),(5812,1448,1095,52472),(5813,1445,1098,52472),(5814,1448,1098,52472),(5815,1444,1102,52472),(5816,1445,1102,52472),(5817,1448,1102,52472),(5818,1444,1105,52472),(5819,1445,1105,52472),(5820,1448,1105,52472),(5821,1444,1106,52472),(5822,1445,1106,52472),(5823,1448,1106,52472),(5824,1444,976,52472),(5825,1445,976,52472),(5826,1448,976,52472),(5827,1444,969,52472),(5828,1445,969,52472),(5829,1448,969,52472),(5830,1444,970,52472),(5831,1445,970,52472),(5832,1448,970,52472),(5833,1444,975,52472),(5834,1445,975,52472),(5835,1448,975,52472),(5836,1444,973,52472),(5837,1445,973,52472),(5838,1448,973,52472),(5839,1444,971,52472),(5840,1445,971,52472),(5841,1448,971,52472),(5842,1444,972,52472),(5843,1445,972,52472),(5844,1448,972,52472),(5845,1444,977,52472),(5846,1445,977,52472),(5847,1448,977,52472),(5848,1444,974,52472),(5849,1445,974,52472),(5850,1448,974,52472),(5851,1446,984,52472),(5852,1445,984,52472),(5853,1448,984,52472),(5854,1445,978,52472),(5855,1446,978,52472),(5856,1448,978,52472),(5857,1445,979,52472),(5858,1446,979,52472),(5859,1448,979,52472),(5860,1445,983,52472),(5861,1446,983,52472),(5862,1448,983,52472),(5863,1445,981,52472),(5864,1446,981,52472),(5865,1448,981,52472),(5866,1445,980,52472),(5867,1448,980,52472),(5868,1445,985,52472),(5869,1448,985,52472),(5870,1445,982,52472),(5871,1446,982,52472),(5872,1448,982,52472),(5873,1444,989,52472),(5874,1444,990,52472),(5875,1444,1000,52472),(5876,1445,1000,52472),(5877,1448,1000,52472),(5878,1444,1001,52472),(5879,1445,1001,52472),(5880,1448,1001,52472),(5881,1444,996,52472),(5882,1445,996,52472),(5883,1448,996,52472),(5884,1444,997,52472),(5885,1445,997,52472),(5886,1448,997,52472),(5887,1444,998,52472),(5888,1445,998,52472),(5889,1448,998,52472),(5890,1444,999,52472),(5891,1445,999,52472),(5892,1448,999,52472),(5894,1445,1006,52472),(5895,1448,1006,52472),(5896,1444,1007,52472),(5897,1448,1007,52472),(5898,1445,1002,52472),(5899,1448,1002,52472),(5900,1445,1003,52472),(5901,1448,1003,52472),(5902,1445,1004,52472),(5903,1448,1004,52472),(5904,1444,1006,52472),(5905,1445,1007,52472),(5906,1444,1002,52472),(5907,1444,1003,52472),(5908,1444,1004,52472),(5909,1444,1005,52472),(5910,1445,1005,52472),(5911,1448,1005,52472),(5912,1444,1008,52472),(5913,1445,1008,52472),(5914,1448,1008,52472),(5915,1444,1009,52472),(5916,1445,1009,52472),(5917,1448,1009,52472),(5918,1445,1011,52472),(5919,1444,1011,52472),(5920,1448,1011,52472),(5921,1444,1010,52472),(5922,1445,1010,52472),(5923,1448,1010,52472),(5924,1444,1012,52472),(5925,1445,1012,52472),(5926,1448,1012,52472),(5927,1444,1013,52472),(5928,1445,1013,52472),(5929,1448,1013,52472),(5930,1444,1014,52472),(5931,1445,1014,52472),(5932,1448,1014,52472),(5933,1444,1016,52472),(5934,1445,1016,52472),(5935,1448,1016,52472),(5936,1444,1015,52472),(5937,1445,1015,52472),(5938,1448,1015,52472),(5939,1444,1017,52472),(5940,1445,1017,52472),(5941,1448,1017,52472),(5942,1444,1022,52472),(5943,1445,1022,52472),(5944,1448,1022,52472),(5945,1444,1020,52472),(5946,1445,1020,52472),(5947,1448,1020,52472),(5948,1444,1018,52472),(5949,1445,1018,52472),(5950,1448,1018,52472),(5951,1444,1019,52472),(5952,1445,1019,52472),(5953,1448,1019,52472),(5954,1444,1021,52472),(5955,1445,1021,52472),(5956,1448,1021,52472),(5957,1444,1027,52472),(5958,1445,1027,52472),(5959,1448,1027,52472),(5960,1444,1025,52472),(5961,1445,1025,52472),(5962,1448,1025,52472),(5963,1444,1023,52472),(5964,1445,1023,52472),(5965,1448,1023,52472),(5966,1444,1024,52472),(5967,1445,1024,52472),(5968,1448,1024,52472),(5969,1444,1030,52472),(5970,1445,1030,52472),(5971,1448,1030,52472),(5972,1444,1031,52472),(5973,1445,1031,52472),(5974,1448,1031,52472),(5976,1444,1029,52472),(5977,1445,1029,52472),(5978,1448,1029,52472),(5979,1444,1032,52472),(5980,1445,1032,52472),(5981,1448,1032,52472),(5982,1444,1028,52472),(5983,1445,1028,52472),(5984,1448,1028,52472),(5985,1444,1035,52472),(5986,1445,1035,52472),(5987,1448,1035,52472),(5988,1444,1036,52472),(5989,1445,1036,52472),(5990,1448,1036,52472),(5991,1444,1034,52472),(5992,1445,1034,52472),(5993,1448,1034,52472),(5994,1444,1037,52472),(5995,1445,1037,52472),(5996,1448,1037,52472),(5997,1444,1033,52472),(5998,1445,1033,52472),(5999,1448,1033,52472),(6000,1444,1038,52472),(6001,1445,1038,52472),(6002,1444,1041,52472),(6003,1445,1041,52472),(6004,1446,1041,52472),(6006,1446,1038,52472),(6007,1444,1043,52472),(6008,1445,1043,52472),(6009,1444,1039,52472),(6010,1445,1039,52472),(6011,1444,1042,52472),(6012,1445,1042,52472),(6013,1444,1040,52472),(6014,1445,1040,52472),(6015,1446,1040,52472),(6016,1444,1044,52472),(6017,1445,1044,52472),(6018,1446,1044,52472),(6019,1444,1047,52472),(6020,1445,1047,52472),(6021,1444,1049,52472),(6022,1445,1049,52472),(6023,1444,1045,52472),(6024,1445,1045,52472),(6025,1444,1048,52472),(6026,1445,1048,52472),(6027,1444,1046,52472),(6028,1445,1046,52472),(6029,1444,1054,52472),(6030,1444,1051,52472),(6031,1444,1050,52472),(6032,1446,1050,52472),(6033,1446,1051,52472),(6034,1444,1053,52472),(6035,1446,1053,52472),(6036,1444,1052,52472),(6037,1445,1052,52472),(6038,1444,1059,52472),(6039,1444,1056,52472),(6040,1444,1055,52472),(6041,1445,1055,52472),(6042,1444,1058,52472),(6043,1445,1058,52472),(6044,1444,1057,52472),(6045,1445,1057,52472),(6046,984,1061,52472),(6047,984,1063,52472),(6048,984,1062,52472),(6049,984,1064,52472),(6050,984,1065,52472),(6051,984,1069,52472),(6052,984,1068,52472),(6053,984,1072,52472),(6054,984,1074,52472),(6055,984,1070,52472),(6056,984,1075,52472),(6057,984,1076,52472),(6058,984,1080,52472),(6059,984,1079,52472),(6060,984,1077,52472),(6061,984,1078,52472),(6062,984,1084,52472),(6063,984,1083,52472),(6064,984,1081,52472),(6065,984,1082,52472),(6066,984,1086,52472),(6067,984,1085,52472),(6068,984,1088,52472),(6069,984,1087,52472),(6070,984,1089,52472),(6071,984,1091,52472),(6072,984,1092,52472),(6073,984,1090,52472),(6074,984,1094,52472),(6075,984,1093,52472),(6076,984,1099,52472),(6077,984,1097,52472),(6078,984,1096,52472),(6079,984,1100,52472),(6080,984,1101,52472),(6081,984,1103,52472),(6082,1444,1104,52472),(6083,984,1107,52472),(6084,984,988,52472),(6085,984,987,52472),(6086,984,986,52472),(6087,984,994,52472),(6088,984,995,52472),(6089,984,993,52472),(6090,984,992,52472),(6091,984,991,52472),(6092,984,1026,52472),(6093,1449,935,52474),(6094,1449,942,52474),(6095,1455,942,52474),(6096,1450,1109,52474),(6097,1451,1108,52474),(6098,1451,1109,52474),(6099,1449,1112,52474),(6100,1455,1112,52474),(6101,1451,1126,52474),(6102,1454,1126,52474),(6103,1453,1126,52474),(6104,1455,1126,52474),(6105,1452,1127,52474),(6106,1449,1127,52474),(6107,1454,1127,52474),(6114,1453,950,52474),(6115,1456,936,52474),(6116,1453,939,52474),(6117,1456,939,52474),(6118,1453,863,52474),(6119,1454,863,52474),(6120,1455,863,52474),(6121,1449,883,52474),(6122,1452,883,52474),(6123,1456,910,52474),(6124,1456,928,52474),(6125,1456,926,52474),(6126,1461,769,52469),(6127,1463,769,52469),(6128,1463,772,52469),(6129,1463,781,52469),(6130,1461,781,52469),(6131,1461,782,52469),(6132,1463,782,52469),(6133,1461,783,52469),(6134,1463,783,52469),(6135,1471,688,52476),(6136,1470,769,52476),(6137,1470,770,52476),(6138,1470,777,52476),(6139,1470,779,52476),(6140,1471,769,52476),(6141,1471,770,52476),(6142,1471,777,52476),(6143,1471,696,52476),(6144,1471,695,52476),(6145,1471,692,52476),(6146,1471,697,52476),(6147,1471,699,52476),(6148,1471,698,52476),(6149,1471,703,52476),(6150,1471,702,52476),(6151,1471,687,52476),(6152,1471,701,52476),(6153,1471,758,52476),(6154,1471,753,52476),(6155,1471,754,52476),(6156,1471,755,52476),(6157,1471,756,52476),(6158,1471,757,52476),(6159,1471,760,52476),(6160,1471,759,52476),(6161,1471,762,52476),(6162,1471,761,52476),(6163,1471,763,52476),(6164,1471,768,52476),(6165,1471,767,52476),(6166,1471,764,52476),(6167,1470,766,52476),(6168,1471,766,52476),(6169,1470,713,52476),(6170,1471,713,52476),(6171,1470,706,52476),(6172,1471,706,52476),(6173,1470,707,52476),(6174,1471,707,52476),(6175,1470,712,52476),(6176,1471,712,52476),(6179,1470,710,52476),(6180,1471,710,52476),(6181,1470,708,52476),(6182,1470,714,52476),(6183,1470,711,52476),(6184,1470,797,52476),(6185,1470,791,52476),(6186,1470,792,52476),(6187,1470,796,52476),(6188,1470,794,52476),(6189,1470,794,52476),(6190,1470,793,52476),(6191,1470,798,52476),(6192,1470,795,52476),(6193,1470,718,52476),(6194,1470,719,52476),(6195,1470,717,52476),(6196,1470,716,52476),(6197,1470,715,52476),(6198,1470,802,52476),(6199,1470,803,52476),(6201,1470,801,52476),(6202,1470,800,52476),(6203,1470,799,52476),(6204,1470,808,52476),(6205,1470,809,52476),(6206,1470,804,52476),(6207,1470,805,52476),(6208,1470,806,52476),(6209,1470,807,52476),(6210,1470,814,52476),(6211,1470,815,52476),(6212,1470,810,52476),(6213,1470,811,52476),(6214,1470,812,52476),(6215,1470,813,52476),(6216,1470,726,52476),(6217,1470,727,52476),(6218,1470,729,52476),(6219,1470,728,52476),(6220,1470,730,52476),(6221,1470,816,52476),(6222,1470,817,52476),(6223,1470,819,52476),(6224,1470,818,52476),(6225,1470,820,52476),(6226,1470,736,52476),(6227,1470,734,52476),(6228,1470,732,52476),(6229,1470,733,52476),(6230,1470,735,52476),(6231,1470,825,52476),(6232,1470,823,52476),(6233,1470,821,52476),(6234,1470,822,52476),(6235,1470,824,52476),(6236,1470,739,52476),(6237,1470,740,52476),(6238,1470,738,52476),(6239,1470,741,52476),(6240,1470,737,52476),(6241,1470,828,52476),(6242,1470,829,52476),(6243,1470,827,52476),(6244,1470,830,52476),(6245,1470,826,52476),(6246,1470,742,52476),(6247,1470,745,52476),(6248,1480,769,52468),(6249,984,770,52468),(6250,984,772,52468),(6251,984,773,52468),(6252,1478,774,52468),(6253,984,775,52468),(6254,1478,776,52468),(6255,1481,777,52468),(6256,1478,777,52468),(6257,1477,777,52468),(6258,1481,779,52468),(6259,1480,779,52468),(6260,1481,778,52468),(6261,1477,778,52468),(6262,1478,781,52468),(6263,1478,782,52468),(6264,984,783,52468),(6265,984,784,52468),(6266,984,785,52468),(6267,1478,786,52468),(6268,1478,790,52468),(6269,1481,790,52468),(6270,984,789,52468),(6271,1478,787,52468),(6272,1481,788,52468),(6273,984,688,52468),(6274,1476,696,52468),(6275,1477,695,52468),(6276,1476,695,52468),(6277,1478,692,52468),(6278,1480,692,52468),(6279,1477,692,52468),(6280,1481,692,52468),(6281,984,697,52468),(6282,1480,699,52468),(6283,1480,698,52468),(6284,984,700,52468),(6285,1478,703,52468),(6286,1479,703,52468),(6287,1478,702,52468),(6288,1478,687,52468),(6289,1478,701,52468),(6290,1479,701,52468),(6291,984,758,52468),(6292,1478,753,52468),(6293,1478,754,52468),(6294,1479,754,52468),(6295,1478,755,52468),(6296,1479,755,52468),(6297,1476,755,52468),(6298,1478,756,52468),(6299,1476,756,52468),(6300,1478,757,52468),(6301,1476,757,52468),(6302,1479,757,52468),(6303,984,760,52468),(6304,1478,759,52468),(6305,984,763,52468),(6306,984,761,52468),(6307,984,762,52468),(6308,984,768,52468),(6309,984,767,52468),(6310,984,764,52468),(6311,984,766,52468),(6312,984,765,52468),(6313,984,706,52468),(6314,1477,713,52468),(6315,1477,707,52468),(6316,1478,707,52468),(6317,984,712,52468),(6318,1479,710,52468),(6319,1478,708,52468),(6320,984,714,52468),(6321,984,711,52468),(6322,984,797,52468),(6323,984,791,52468),(6324,984,792,52468),(6325,984,796,52468),(6326,984,794,52468),(6327,984,793,52468),(6328,984,798,52468),(6329,984,795,52468),(6330,1478,718,52468),(6331,1479,719,52468),(6332,1481,717,52468),(6333,1478,717,52468),(6334,984,716,52468),(6335,984,715,52468),(6336,984,802,52468),(6337,984,803,52468),(6338,984,801,52468),(6339,984,800,52468),(6340,984,799,52468),(6341,1478,808,52468),(6342,984,809,52468),(6343,984,804,52468),(6344,984,805,52468),(6345,984,806,52468),(6346,1481,807,52468),(6347,984,814,52468),(6348,984,815,52468),(6349,984,810,52468),(6350,984,811,52468),(6351,984,812,52468),(6352,984,813,52468),(6353,984,726,52468),(6354,1481,727,52468),(6355,984,729,52468),(6356,984,728,52468),(6357,984,730,52468),(6358,984,816,52468),(6359,984,817,52468),(6360,984,819,52468),(6361,984,818,52468),(6362,984,820,52468),(6363,984,736,52468),(6365,1478,734,52468),(6366,1481,732,52468),(6367,1481,733,52468),(6368,1478,733,52468),(6369,1481,735,52468),(6370,1478,735,52468),(6371,984,825,52468),(6372,984,823,52468),(6373,984,821,52468),(6374,984,822,52468),(6375,984,824,52468),(6376,1478,740,52468),(6377,984,739,52468),(6378,1478,738,52468),(6379,1481,738,52468),(6380,1481,741,52468),(6381,984,737,52468),(6382,984,828,52468),(6383,984,829,52468),(6384,984,827,52468),(6385,984,830,52468),(6386,984,826,52468),(6387,984,742,52468),(6388,1481,745,52468),(6389,984,747,52468),(6390,984,743,52468),(6391,984,746,52468),(6392,1481,744,52468),(6393,984,831,52468),(6394,984,834,52468),(6395,984,836,52468),(6396,984,833,52468),(6397,984,835,52468),(6398,984,832,52468),(6399,1479,752,52468),(6400,1478,752,52468),(6401,984,749,52468),(6402,984,748,52468),(6403,984,751,52468),(6404,1481,750,52468),(6405,984,841,52468),(6406,984,838,52468),(6407,984,837,52468),(6408,984,840,52468),(6409,984,839,52468),(6410,1457,770,52473),(6411,1459,770,52473),(6412,1460,770,52473),(6413,1459,773,52473),(6414,1457,807,52473),(6415,1459,807,52473),(6416,1459,772,52473),(6417,1457,772,52473),(6418,1457,776,52473),(6419,1457,774,52473),(6420,1457,775,52473),(6421,1457,777,52473),(6422,1457,779,52473),(6423,1457,778,52473),(6424,1457,713,52473),(6425,1459,713,52473),(6426,1457,706,52473),(6427,1459,706,52473),(6428,1457,707,52473),(6429,1459,707,52473),(6430,1460,712,52473),(6431,1457,710,52473),(6432,1459,710,52473),(6433,1457,708,52473),(6434,1459,708,52473),(6435,1457,714,52473),(6436,1457,711,52473),(6437,1459,711,52473),(6438,1457,718,52473),(6439,1459,718,52473),(6440,1457,719,52473),(6441,1459,719,52473),(6442,1457,717,52473),(6443,1459,717,52473),(6444,1457,716,52473),(6445,1459,716,52473),(6446,1457,808,52473),(6447,1459,808,52473),(6448,1457,809,52473),(6449,1459,809,52473),(6450,1457,804,52473),(6451,1459,804,52473),(6452,1457,805,52473),(6453,1459,805,52473),(6454,1457,806,52473),(6455,1459,806,52473),(6456,1457,726,52473),(6457,1459,726,52473),(6458,1457,727,52473),(6459,1457,729,52473),(6460,1457,728,52473),(6461,1459,728,52473),(6462,1457,730,52473),(6463,1459,730,52473),(6465,1457,736,52473),(6466,1457,734,52473),(6467,1457,732,52473),(6468,1457,733,52473),(6469,1459,733,52473),(6470,1457,735,52473),(6471,1459,735,52473),(6472,1457,739,52473),(6473,1459,739,52473),(6474,1457,740,52473),(6475,1459,740,52473),(6476,1457,738,52473),(6477,1459,738,52473),(6478,1457,741,52473),(6479,1459,741,52473),(6480,1457,737,52473),(6481,1459,737,52473),(6482,1457,742,52473),(6483,1459,742,52473),(6484,1457,745,52473),(6485,1459,745,52473),(6486,1457,747,52473),(6487,1459,747,52473),(6488,1457,743,52473),(6489,1459,743,52473),(6490,1457,746,52473),(6491,1459,746,52473),(6492,1457,744,52473),(6493,1459,744,52473),(6494,1458,752,52473),(6495,1457,752,52473),(6496,1457,749,52473),(6497,1458,749,52473),(6498,1457,748,52473),(6499,1458,748,52473),(6500,1457,751,52473),(6501,1458,751,52473),(6502,1459,751,52473),(6503,1457,750,52473),(6504,1458,750,52473),(6505,1459,750,52473);

/*Table structure for table `link_course_prerequisite` */

DROP TABLE IF EXISTS `link_course_prerequisite`;

CREATE TABLE `link_course_prerequisite` (
  `id` int(11) NOT NULL AUTO_INCREMENT,
  `course_id` int(11) NOT NULL,
  `prerequisite_course_id` int(11) NOT NULL,
  PRIMARY KEY (`id`),
  KEY `PK_link_course_prerequisite` (`id`),
  KEY `fk_link_course_prerequisite_course` (`course_id`),
  KEY `fk_link_course_prerequisite_course2` (`prerequisite_course_id`),
  CONSTRAINT `fk_link_course_prerequisite_course` FOREIGN KEY (`course_id`) REFERENCES `course` (`id`),
  CONSTRAINT `fk_link_course_prerequisite_course2` FOREIGN KEY (`prerequisite_course_id`) REFERENCES `course` (`id`)
) ENGINE=InnoDB DEFAULT CHARSET=latin1;

/*Data for the table `link_course_prerequisite` */

/*Table structure for table `link_course_program` */

DROP TABLE IF EXISTS `link_course_program`;

CREATE TABLE `link_course_program` (
  `id` int(11) NOT NULL AUTO_INCREMENT,
  `program_id` int(11) NOT NULL,
  `course_id` int(11) NOT NULL,
  `course_classification_id` int(11) NOT NULL,
  `time_id` int(11) DEFAULT NULL,
  PRIMARY KEY (`id`),
  KEY `PK_link_course_program` (`id`),
  KEY `fk_link_course_program_course` (`course_id`),
  KEY `fk_link_course_program_program` (`program_id`),
  CONSTRAINT `fk_link_course_program_course` FOREIGN KEY (`course_id`) REFERENCES `course` (`id`),
  CONSTRAINT `fk_link_course_program_program` FOREIGN KEY (`program_id`) REFERENCES `program` (`id`)
) ENGINE=InnoDB AUTO_INCREMENT=729 DEFAULT CHARSET=latin1;

/*Data for the table `link_course_program` */

insert  into `link_course_program`(`id`,`program_id`,`course_id`,`course_classification_id`,`time_id`) values (99,24,3851,1,12),(109,24,3852,1,6),(124,24,4209,1,5),(127,24,4211,2,8),(147,24,4311,1,5),(163,24,4314,1,5),(169,24,4208,1,7),(173,51,3851,1,5),(174,51,4211,2,8),(182,51,4391,1,8),(184,51,4392,3,6),(458,24,4473,4,8),(702,24,4496,1,5),(703,51,4497,1,5),(704,53,4498,1,5),(705,53,4499,1,5),(706,54,4500,1,5),(713,54,4499,1,5),(717,54,4501,1,5),(718,54,4504,1,5),(719,54,4506,1,5),(720,54,4505,1,5),(721,57,4507,1,5),(722,58,4508,1,5),(723,58,4509,1,5),(724,58,4510,1,5),(725,55,4511,1,5),(726,55,4512,1,5),(727,54,4513,1,5),(728,54,4514,1,7);

/*Table structure for table `link_department_characteristic_type` */

DROP TABLE IF EXISTS `link_department_characteristic_type`;

CREATE TABLE `link_department_characteristic_type` (
  `id` int(11) NOT NULL AUTO_INCREMENT,
  `department_id` int(11) NOT NULL,
  `characteristic_type_id` int(11) NOT NULL,
  `display_index` int(11) NOT NULL,
  PRIMARY KEY (`id`),
  KEY `PK_link_department_characteristic_type` (`id`),
  KEY `fk_link_dept_characteristic_type_char_type` (`characteristic_type_id`),
  KEY `fk_link_dept_characteristic_type_department` (`department_id`),
  CONSTRAINT `fk_link_dept_characteristic_type_char_type` FOREIGN KEY (`characteristic_type_id`) REFERENCES `characteristic_type` (`id`),
  CONSTRAINT `fk_link_dept_characteristic_type_department` FOREIGN KEY (`department_id`) REFERENCES `department` (`id`)
) ENGINE=InnoDB AUTO_INCREMENT=153 DEFAULT CHARSET=latin1;

/*Data for the table `link_department_characteristic_type` */

insert  into `link_department_characteristic_type`(`id`,`department_id`,`characteristic_type_id`,`display_index`) values (1,1,1,1),(151,1,10,2),(152,1,9,3);

/*Table structure for table `link_organization_characteristic_type` */

DROP TABLE IF EXISTS `link_organization_characteristic_type`;

CREATE TABLE `link_organization_characteristic_type` (
  `id` int(11) NOT NULL AUTO_INCREMENT,
  `organization_id` int(11) NOT NULL,
  `characteristic_type_id` int(11) NOT NULL,
  `display_index` int(11) NOT NULL,
  PRIMARY KEY (`id`),
  KEY `PK_link_organization_characteristic_type` (`id`),
  KEY `fk_link_org_characteristic_type_char_type` (`characteristic_type_id`),
  KEY `fk_link_org_characteristic_type_organization` (`organization_id`),
  CONSTRAINT `fk_link_org_characteristic_type_char_type` FOREIGN KEY (`characteristic_type_id`) REFERENCES `characteristic_type` (`id`),
  CONSTRAINT `fk_link_org_characteristic_type_organization` FOREIGN KEY (`organization_id`) REFERENCES `organization` (`id`)
) ENGINE=InnoDB AUTO_INCREMENT=164 DEFAULT CHARSET=latin1;

/*Data for the table `link_organization_characteristic_type` */

insert  into `link_organization_characteristic_type`(`id`,`organization_id`,`characteristic_type_id`,`display_index`) values (159,25,1,1),(160,21,8,1),(161,180,1,0),(162,180,9,1),(163,181,1,0);

/*Table structure for table `link_organization_organization_outcome` */

DROP TABLE IF EXISTS `link_organization_organization_outcome`;

CREATE TABLE `link_organization_organization_outcome` (
  `id` int(11) NOT NULL AUTO_INCREMENT,
  `organization_id` int(11) NOT NULL,
  `organization_outcome_id` int(11) NOT NULL,
  PRIMARY KEY (`id`),
  KEY `PK_link_organization_organization_outcome` (`id`),
  KEY `fk_link_organization_organization_outcome_org` (`organization_id`),
  KEY `fk_link_organization_organization_outcome_outcome` (`organization_outcome_id`),
  CONSTRAINT `fk_link_organization_organization_outcome_org` FOREIGN KEY (`organization_id`) REFERENCES `organization` (`id`),
  CONSTRAINT `fk_link_organization_organization_outcome_outcome` FOREIGN KEY (`organization_outcome_id`) REFERENCES `organization_outcome` (`id`)
) ENGINE=InnoDB AUTO_INCREMENT=79 DEFAULT CHARSET=latin1;

/*Data for the table `link_organization_organization_outcome` */

insert  into `link_organization_organization_outcome`(`id`,`organization_id`,`organization_outcome_id`) values (33,25,63),(34,25,62),(35,25,61),(36,25,49),(37,25,50),(38,25,51),(39,25,55),(40,25,56),(42,25,52),(43,25,53),(44,25,54),(45,25,59),(46,25,60),(47,25,58),(76,25,87),(77,25,89),(78,25,88);

/*Table structure for table `link_part_of_organization` */

DROP TABLE IF EXISTS `link_part_of_organization`;

CREATE TABLE `link_part_of_organization` (
  `id` int(11) NOT NULL AUTO_INCREMENT,
  `organization_id` int(11) NOT NULL,
  `part_of_organization_id` int(11) NOT NULL,
  PRIMARY KEY (`id`),
  KEY `PK_link_part_of_organization` (`id`),
  KEY `fk_link_part_of_organization_organization1` (`organization_id`),
  KEY `fk_link_part_of_organization_organization2` (`part_of_organization_id`),
  CONSTRAINT `fk_link_part_of_organization_organization1` FOREIGN KEY (`organization_id`) REFERENCES `organization` (`id`),
  CONSTRAINT `fk_link_part_of_organization_organization2` FOREIGN KEY (`part_of_organization_id`) REFERENCES `organization` (`id`)
) ENGINE=InnoDB DEFAULT CHARSET=latin1;

/*Data for the table `link_part_of_organization` */

/*Table structure for table `link_program_outcome_organization_outcome` */

DROP TABLE IF EXISTS `link_program_outcome_organization_outcome`;

CREATE TABLE `link_program_outcome_organization_outcome` (
  `id` int(11) NOT NULL AUTO_INCREMENT,
  `organization_outcome_id` int(11) NOT NULL,
  `program_outcome_id` int(11) NOT NULL,
  `program_id` int(11) NOT NULL,
  PRIMARY KEY (`id`),
  KEY `PK_link_program_outcome_organization_outcome` (`id`),
  KEY `fk_link_program_outcome_organization_outcome_org_outcome` (`organization_outcome_id`),
  KEY `fk_link_program_outcome_organization_outcome_progr_outcome` (`program_outcome_id`),
  KEY `fk_link_program_outcome_organization_outcome_program` (`program_id`),
  CONSTRAINT `fk_link_program_outcome_organization_outcome_org_outcome` FOREIGN KEY (`organization_outcome_id`) REFERENCES `organization_outcome` (`id`),
  CONSTRAINT `fk_link_program_outcome_organization_outcome_program` FOREIGN KEY (`program_id`) REFERENCES `program` (`id`),
  CONSTRAINT `fk_link_program_outcome_organization_outcome_progr_outcome` FOREIGN KEY (`program_outcome_id`) REFERENCES `program_outcome` (`id`)
) ENGINE=InnoDB AUTO_INCREMENT=75 DEFAULT CHARSET=latin1;

/*Data for the table `link_program_outcome_organization_outcome` */

insert  into `link_program_outcome_organization_outcome`(`id`,`organization_outcome_id`,`program_outcome_id`,`program_id`) values (10,63,516,24),(11,62,518,24),(12,62,516,24),(13,61,517,24),(14,49,517,24),(15,87,514,24),(16,88,668,24),(19,87,671,51),(73,87,516,24),(74,87,668,24);

/*Table structure for table `link_program_program_outcome` */

DROP TABLE IF EXISTS `link_program_program_outcome`;

CREATE TABLE `link_program_program_outcome` (
  `id` int(11) NOT NULL AUTO_INCREMENT,
  `program_id` int(11) NOT NULL,
  `program_outcome_id` int(11) NOT NULL,
  PRIMARY KEY (`id`),
  KEY `PK_link_program_program_outcome` (`id`),
  KEY `fk_link_program_program_outcome_program` (`program_id`),
  KEY `fk_link_program_program_outcome_outcome` (`program_outcome_id`),
  CONSTRAINT `fk_link_program_program_outcome_outcome` FOREIGN KEY (`program_outcome_id`) REFERENCES `program_outcome` (`id`),
  CONSTRAINT `fk_link_program_program_outcome_program` FOREIGN KEY (`program_id`) REFERENCES `program` (`id`)
) ENGINE=InnoDB AUTO_INCREMENT=455 DEFAULT CHARSET=latin1;

/*Data for the table `link_program_program_outcome` */

insert  into `link_program_program_outcome`(`id`,`program_id`,`program_outcome_id`) values (1,51,671),(2,53,672),(3,51,673),(5,53,675),(6,53,676),(7,54,687),(8,54,688),(9,54,692),(12,54,695),(13,54,696),(14,54,697),(15,54,698),(16,54,699),(17,54,700),(18,54,701),(19,54,702),(20,54,703),(23,54,706),(24,54,707),(25,54,708),(27,54,710),(28,54,711),(29,54,712),(30,54,713),(31,54,714),(32,54,715),(33,54,716),(34,54,717),(35,54,718),(36,54,719),(43,54,726),(44,54,727),(45,54,728),(46,54,729),(47,54,730),(49,54,732),(50,54,733),(51,54,734),(52,54,735),(53,54,736),(54,54,737),(55,54,738),(56,54,739),(57,54,740),(58,54,741),(59,54,742),(60,54,743),(61,54,744),(62,54,745),(63,54,746),(64,54,747),(65,54,748),(66,54,749),(67,54,750),(68,54,751),(69,54,752),(70,54,753),(71,54,754),(72,54,755),(73,54,756),(74,54,757),(75,54,758),(76,54,759),(77,54,760),(78,54,761),(79,54,762),(80,54,763),(81,54,764),(82,54,765),(83,54,766),(84,54,767),(85,54,768),(86,54,769),(87,54,770),(89,54,772),(90,54,773),(91,54,774),(92,54,775),(93,54,776),(94,54,777),(95,54,778),(96,54,779),(97,54,781),(98,54,782),(99,54,783),(100,54,784),(101,54,785),(102,54,786),(103,54,787),(104,54,788),(105,54,789),(106,54,790),(107,54,791),(108,54,792),(109,54,793),(110,54,794),(111,54,795),(112,54,796),(113,54,797),(114,54,798),(115,54,799),(116,54,800),(117,54,801),(118,54,802),(119,54,803),(120,54,804),(121,54,805),(122,54,806),(123,54,807),(124,54,808),(125,54,809),(126,54,810),(127,54,811),(128,54,812),(129,54,813),(130,54,814),(131,54,815),(132,54,816),(133,54,817),(134,54,818),(135,54,819),(136,54,820),(137,54,821),(138,54,822),(139,54,823),(140,54,824),(141,54,825),(142,54,826),(143,54,827),(144,54,828),(145,54,829),(146,54,830),(147,54,831),(148,54,832),(149,54,833),(150,54,834),(151,54,835),(152,54,836),(153,54,837),(154,54,838),(155,54,839),(156,54,840),(157,54,841),(158,55,842),(159,55,843),(160,55,844),(161,55,845),(162,55,846),(163,55,847),(164,55,848),(165,55,849),(166,55,850),(167,55,851),(168,55,852),(169,55,853),(170,55,854),(171,55,855),(172,55,856),(173,55,857),(174,55,858),(175,55,859),(176,55,860),(177,55,861),(178,55,862),(179,55,863),(180,55,864),(181,55,865),(182,55,866),(183,55,867),(184,55,868),(185,55,869),(186,55,870),(187,55,871),(188,55,872),(189,55,873),(190,55,874),(191,55,875),(192,55,876),(193,55,877),(194,55,878),(195,55,879),(196,55,880),(197,55,881),(198,55,882),(199,55,883),(200,55,884),(201,55,885),(202,55,886),(203,55,887),(204,55,888),(205,55,889),(206,55,890),(207,55,891),(208,55,892),(209,55,893),(210,55,894),(211,55,895),(212,55,896),(213,55,897),(214,55,898),(215,55,899),(216,55,900),(217,55,901),(218,55,902),(219,55,903),(220,55,904),(221,55,905),(222,55,906),(223,55,907),(224,55,908),(225,55,909),(226,55,910),(227,55,911),(228,55,912),(229,55,913),(230,55,914),(231,55,915),(232,55,916),(233,55,917),(234,55,918),(235,55,919),(236,55,920),(237,55,921),(238,55,922),(239,55,923),(240,55,924),(241,55,925),(242,55,926),(243,55,927),(244,55,928),(245,55,929),(246,55,930),(247,55,931),(248,55,932),(249,55,933),(250,55,934),(251,55,935),(252,55,936),(253,55,937),(254,55,938),(255,55,939),(256,55,940),(257,55,941),(258,55,942),(259,55,943),(260,55,944),(261,55,945),(262,55,946),(263,55,947),(264,55,948),(265,55,949),(266,55,950),(267,55,951),(268,55,952),(269,55,953),(270,55,954),(271,57,955),(272,57,956),(274,57,958),(275,57,959),(276,57,960),(277,57,961),(278,57,962),(279,57,963),(280,57,964),(281,57,965),(282,57,966),(283,57,967),(284,58,969),(285,58,970),(286,58,971),(287,58,972),(288,58,973),(289,58,974),(290,58,975),(291,58,976),(292,58,977),(293,58,978),(294,58,979),(295,58,980),(296,58,981),(297,58,982),(298,58,983),(299,58,984),(300,58,985),(301,58,986),(302,58,987),(303,58,988),(304,58,989),(305,58,990),(306,58,991),(307,58,992),(308,58,993),(309,58,994),(310,58,995),(311,58,996),(312,58,997),(313,58,998),(314,58,999),(315,58,1000),(316,58,1001),(317,58,1002),(318,58,1003),(319,58,1004),(320,58,1005),(321,58,1006),(322,58,1007),(323,58,1008),(324,58,1009),(325,58,1010),(326,58,1011),(327,58,1012),(328,58,1013),(329,58,1014),(330,58,1015),(331,58,1016),(332,58,1017),(333,58,1018),(334,58,1019),(335,58,1020),(336,58,1021),(337,58,1022),(338,58,1023),(339,58,1024),(340,58,1025),(341,58,1026),(342,58,1027),(343,58,1028),(344,58,1029),(345,58,1030),(346,58,1031),(347,58,1032),(348,58,1033),(349,58,1034),(350,58,1035),(351,58,1036),(352,58,1037),(353,58,1038),(354,58,1039),(355,58,1040),(356,58,1041),(357,58,1042),(358,58,1043),(359,58,1044),(360,58,1045),(361,58,1046),(362,58,1047),(363,58,1048),(364,58,1049),(365,58,1050),(366,58,1051),(367,58,1052),(368,58,1053),(369,58,1054),(370,58,1055),(371,58,1056),(372,58,1057),(373,58,1058),(374,58,1059),(375,58,1060),(376,58,1061),(377,58,1062),(378,58,1063),(379,58,1064),(380,58,1065),(381,58,1066),(382,58,1067),(383,58,1068),(384,58,1069),(385,58,1070),(386,58,1071),(387,58,1072),(388,58,1073),(389,58,1074),(390,58,1075),(391,58,1076),(392,58,1077),(393,58,1078),(394,58,1079),(395,58,1080),(396,58,1081),(397,58,1082),(398,58,1083),(399,58,1084),(400,58,1085),(401,58,1086),(402,58,1087),(403,58,1088),(404,58,1089),(405,58,1090),(406,58,1091),(407,58,1092),(408,58,1093),(409,58,1094),(410,58,1095),(411,58,1096),(412,58,1097),(413,58,1098),(414,58,1099),(415,58,1100),(416,58,1101),(417,58,1102),(418,58,1103),(419,58,1104),(420,58,1105),(421,58,1106),(422,58,1107),(423,55,1108),(424,55,1109),(425,55,1110),(426,55,1111),(427,55,1112),(428,55,1113),(429,55,1114),(430,55,1115),(431,55,1116),(432,55,1117),(433,55,1118),(434,55,1119),(435,55,1120),(436,55,1121),(437,55,1122),(438,55,1123),(439,55,1124),(440,55,1125),(441,55,1126),(442,55,1127),(443,55,1128),(444,55,1129),(445,55,1130),(446,55,1131),(447,55,1132),(448,55,1133),(449,55,1134),(450,55,1135),(451,55,1136),(452,55,1137),(453,55,1138),(454,55,1139);

/*Table structure for table `link_program_program_outcome_characteristic` */

DROP TABLE IF EXISTS `link_program_program_outcome_characteristic`;

CREATE TABLE `link_program_program_outcome_characteristic` (
  `id` int(11) NOT NULL AUTO_INCREMENT,
  `link_program_program_outcome_id` int(11) NOT NULL,
  `characteristic_id` int(11) NOT NULL,
  `created_by_userid` varchar(10) NOT NULL,
  `created_on` timestamp NOT NULL DEFAULT CURRENT_TIMESTAMP ON UPDATE CURRENT_TIMESTAMP,
  PRIMARY KEY (`id`),
  KEY `PK_link_program_program_outcome_characteristic` (`id`),
  KEY `fk_link_program _prgm_outc_char_lnk_prm_outc` (`link_program_program_outcome_id`),
  KEY `fk_link_program_program_outcome_char_characteristic` (`characteristic_id`),
  CONSTRAINT `fk_link_program _prgm_outc_char_lnk_prm_outc` FOREIGN KEY (`link_program_program_outcome_id`) REFERENCES `link_program_program_outcome` (`id`),
  CONSTRAINT `fk_link_program_program_outcome_char_characteristic` FOREIGN KEY (`characteristic_id`) REFERENCES `characteristic` (`id`)
) ENGINE=InnoDB AUTO_INCREMENT=1281 DEFAULT CHARSET=latin1;

/*Data for the table `link_program_program_outcome_characteristic` */

insert  into `link_program_program_outcome_characteristic`(`id`,`link_program_program_outcome_id`,`characteristic_id`,`created_by_userid`,`created_on`) values (324,230,1,'cah793','2013-03-18 12:00:20'),(325,230,40,'sdm746','2012-11-29 16:23:40'),(326,230,36,'sdm746','2012-11-29 16:23:40'),(329,92,1,'cah793','2012-12-05 12:34:40'),(330,92,40,'cah793','2012-12-05 12:34:40'),(331,92,36,'cah793','2012-12-05 12:34:40'),(392,85,1,'cah793','2013-03-18 12:01:07'),(393,2,1,'catvisitor','2014-02-19 13:45:30'),(394,3,1,'catvisitor','2014-02-19 13:38:30'),(396,5,1,'catvisitor','2014-02-19 13:57:20'),(397,6,1,'catvisitor','2014-02-19 14:01:51'),(398,7,1,'catvisitor','2014-04-16 14:44:11'),(399,7,36,'catvisitor','2014-04-16 14:44:11'),(400,8,1,'catvisitor','2014-04-16 14:45:13'),(401,8,36,'catvisitor','2014-04-16 14:45:13'),(402,9,1,'catvisitor','2014-04-16 14:48:53'),(403,9,36,'catvisitor','2014-04-16 14:48:53'),(408,12,1,'catvisitor','2014-04-16 14:54:34'),(409,12,36,'catvisitor','2014-04-16 14:54:34'),(410,13,1,'catvisitor','2014-04-16 14:55:05'),(411,13,36,'catvisitor','2014-04-16 14:55:05'),(412,14,1,'catvisitor','2014-04-16 14:56:21'),(413,14,36,'catvisitor','2014-04-16 14:56:21'),(414,15,1,'catvisitor','2014-04-16 14:56:49'),(415,15,36,'catvisitor','2014-04-16 14:56:49'),(416,16,1,'catvisitor','2014-04-16 14:57:00'),(417,16,36,'catvisitor','2014-04-16 14:57:00'),(418,17,1,'catvisitor','2014-04-16 14:57:32'),(419,17,36,'catvisitor','2014-04-16 14:57:32'),(420,18,1,'catvisitor','2014-04-16 14:59:55'),(421,18,36,'catvisitor','2014-04-16 14:59:55'),(422,19,1,'catvisitor','2014-04-16 15:00:06'),(423,19,36,'catvisitor','2014-04-16 15:00:06'),(424,20,1,'catvisitor','2014-04-16 15:00:18'),(425,20,36,'catvisitor','2014-04-16 15:00:18'),(430,23,2,'catvisitor','2014-04-16 17:14:38'),(431,23,37,'catvisitor','2014-04-16 17:14:38'),(432,24,43,'catvisitor','2014-05-02 13:01:18'),(433,24,37,'catvisitor','2014-05-02 13:01:18'),(434,25,2,'catvisitor','2014-04-16 17:16:59'),(435,25,37,'catvisitor','2014-04-16 17:16:59'),(438,27,43,'catvisitor','2014-05-02 12:53:12'),(439,27,37,'catvisitor','2014-05-02 12:53:13'),(440,28,43,'catvisitor','2014-05-02 12:54:21'),(441,28,37,'catvisitor','2014-05-02 12:54:21'),(442,29,43,'catvisitor','2014-05-02 12:55:09'),(443,29,37,'catvisitor','2014-05-02 12:55:09'),(444,30,43,'catvisitor','2014-05-02 12:59:13'),(445,30,37,'catvisitor','2014-05-02 12:59:13'),(446,31,43,'catvisitor','2014-05-02 12:59:51'),(447,31,37,'catvisitor','2014-05-02 12:59:51'),(448,32,43,'catvisitor','2014-05-02 13:07:11'),(449,32,37,'catvisitor','2014-05-02 13:07:11'),(450,33,43,'catvisitor','2014-05-02 13:07:47'),(451,33,37,'catvisitor','2014-05-02 13:07:47'),(452,34,43,'catvisitor','2014-05-02 13:08:06'),(453,34,37,'catvisitor','2014-05-02 13:08:06'),(454,35,43,'catvisitor','2014-05-02 13:08:34'),(455,35,37,'catvisitor','2014-05-02 13:08:34'),(456,36,43,'catvisitor','2014-05-02 13:08:55'),(457,36,37,'catvisitor','2014-05-02 13:08:56'),(470,43,43,'catvisitor','2014-05-02 13:17:43'),(471,43,37,'catvisitor','2014-05-02 13:17:43'),(472,44,43,'catvisitor','2014-05-02 13:18:07'),(473,44,37,'catvisitor','2014-05-02 13:18:07'),(474,45,43,'catvisitor','2014-05-02 13:18:26'),(475,45,37,'catvisitor','2014-05-02 13:18:26'),(476,46,43,'catvisitor','2014-05-02 13:18:45'),(477,46,37,'catvisitor','2014-05-02 13:18:46'),(478,47,43,'catvisitor','2014-05-02 13:19:10'),(479,47,37,'catvisitor','2014-05-02 13:19:10'),(482,49,43,'catvisitor','2014-05-02 13:25:45'),(483,49,37,'catvisitor','2014-05-02 13:25:45'),(484,50,43,'catvisitor','2014-05-02 13:26:04'),(485,50,37,'catvisitor','2014-05-02 13:26:04'),(486,51,43,'catvisitor','2014-05-02 13:26:24'),(487,51,37,'catvisitor','2014-05-02 13:26:24'),(488,52,43,'catvisitor','2014-05-02 13:26:40'),(489,52,37,'catvisitor','2014-05-02 13:26:40'),(490,53,43,'catvisitor','2014-05-02 13:26:57'),(491,53,37,'catvisitor','2014-05-02 13:26:57'),(492,54,43,'catvisitor','2014-05-02 13:28:02'),(493,54,37,'catvisitor','2014-05-02 13:28:02'),(494,55,43,'catvisitor','2014-05-02 13:28:25'),(495,55,37,'catvisitor','2014-05-02 13:28:25'),(496,56,43,'catvisitor','2014-05-02 13:28:50'),(497,56,37,'catvisitor','2014-05-02 13:28:50'),(498,57,43,'catvisitor','2014-05-02 13:29:15'),(499,57,37,'catvisitor','2014-05-02 13:29:15'),(500,58,43,'catvisitor','2014-05-02 13:29:39'),(501,58,37,'catvisitor','2014-05-02 13:29:39'),(502,59,43,'catvisitor','2014-05-02 13:30:41'),(503,59,37,'catvisitor','2014-05-02 13:30:41'),(504,60,43,'catvisitor','2014-05-02 13:31:04'),(505,60,37,'catvisitor','2014-05-02 13:31:04'),(506,61,43,'catvisitor','2014-05-02 13:31:23'),(507,61,37,'catvisitor','2014-05-02 13:31:23'),(508,62,43,'catvisitor','2014-05-02 13:31:55'),(509,62,37,'catvisitor','2014-05-02 13:31:55'),(510,63,43,'catvisitor','2014-05-02 13:32:22'),(511,63,37,'catvisitor','2014-05-02 13:32:22'),(512,64,43,'catvisitor','2014-05-02 13:32:37'),(513,64,37,'catvisitor','2014-05-02 13:32:37'),(514,65,43,'catvisitor','2014-05-02 13:33:28'),(515,65,37,'catvisitor','2014-05-02 13:33:28'),(516,66,43,'catvisitor','2014-05-02 13:33:46'),(517,66,37,'catvisitor','2014-05-02 13:33:46'),(518,67,43,'catvisitor','2014-05-02 13:34:02'),(519,67,37,'catvisitor','2014-05-02 13:34:02'),(520,68,43,'catvisitor','2014-05-02 13:34:17'),(521,68,37,'catvisitor','2014-05-02 13:34:17'),(522,69,43,'catvisitor','2014-05-02 13:34:35'),(523,69,37,'catvisitor','2014-05-02 13:34:35'),(524,70,1,'catvisitor','2014-05-05 13:32:25'),(525,70,37,'catvisitor','2014-05-05 13:32:25'),(526,71,1,'catvisitor','2014-05-05 13:32:41'),(527,71,37,'catvisitor','2014-05-05 13:32:41'),(528,72,1,'catvisitor','2014-05-05 13:33:00'),(529,72,37,'catvisitor','2014-05-05 13:33:00'),(530,73,1,'catvisitor','2014-05-05 13:33:17'),(531,73,37,'catvisitor','2014-05-05 13:33:17'),(532,74,1,'catvisitor','2014-05-05 13:33:32'),(533,74,37,'catvisitor','2014-05-05 13:33:32'),(534,75,1,'catvisitor','2014-05-05 13:33:47'),(535,75,37,'catvisitor','2014-05-05 13:33:47'),(536,76,1,'catvisitor','2014-05-05 13:34:46'),(537,76,37,'catvisitor','2014-05-05 13:34:46'),(538,77,1,'catvisitor','2014-05-05 13:35:04'),(539,77,37,'catvisitor','2014-05-05 13:35:04'),(540,78,1,'catvisitor','2014-05-05 13:35:34'),(541,78,37,'catvisitor','2014-05-05 13:35:34'),(542,79,1,'catvisitor','2014-05-05 13:35:47'),(543,79,37,'catvisitor','2014-05-05 13:35:47'),(544,80,1,'catvisitor','2014-05-05 13:36:03'),(545,80,37,'catvisitor','2014-05-05 13:36:03'),(546,81,1,'catvisitor','2014-05-05 13:36:40'),(547,81,37,'catvisitor','2014-05-05 13:36:40'),(548,82,1,'catvisitor','2014-05-05 13:36:52'),(549,82,37,'catvisitor','2014-05-05 13:36:52'),(550,83,1,'catvisitor','2014-05-05 13:37:03'),(551,83,37,'catvisitor','2014-05-05 13:37:03'),(552,84,1,'catvisitor','2014-05-05 13:37:19'),(553,84,37,'catvisitor','2014-05-05 13:37:19'),(554,85,1,'catvisitor','2014-05-05 13:37:32'),(555,85,37,'catvisitor','2014-05-05 13:37:32'),(556,86,1,'catvisitor','2014-05-05 13:43:38'),(557,86,37,'catvisitor','2014-05-05 13:43:38'),(558,87,1,'catvisitor','2014-05-05 13:43:52'),(559,87,37,'catvisitor','2014-05-05 13:43:52'),(562,89,1,'catvisitor','2014-05-05 13:45:02'),(563,89,37,'catvisitor','2014-05-05 13:45:02'),(564,90,1,'catvisitor','2014-05-05 13:45:13'),(565,90,37,'catvisitor','2014-05-05 13:45:13'),(566,91,1,'catvisitor','2014-05-05 13:45:42'),(567,91,37,'catvisitor','2014-05-05 13:45:42'),(568,92,1,'catvisitor','2014-05-05 13:46:02'),(569,92,37,'catvisitor','2014-05-05 13:46:02'),(570,93,1,'catvisitor','2014-05-05 13:46:22'),(571,93,37,'catvisitor','2014-05-05 13:46:22'),(572,94,1,'catvisitor','2014-05-05 13:47:07'),(573,94,37,'catvisitor','2014-05-05 13:47:07'),(574,95,1,'catvisitor','2014-05-05 13:47:30'),(575,95,37,'catvisitor','2014-05-05 13:47:30'),(576,96,1,'catvisitor','2014-05-05 13:47:45'),(577,96,37,'catvisitor','2014-05-05 13:47:45'),(578,97,1,'catvisitor','2014-05-05 13:48:28'),(579,97,37,'catvisitor','2014-05-05 13:48:28'),(580,98,1,'catvisitor','2014-05-05 13:48:40'),(581,98,37,'catvisitor','2014-05-05 13:48:40'),(582,99,1,'catvisitor','2014-05-05 13:48:52'),(583,99,37,'catvisitor','2014-05-05 13:48:52'),(584,100,1,'catvisitor','2014-05-05 13:49:04'),(585,100,37,'catvisitor','2014-05-05 13:49:04'),(586,101,1,'catvisitor','2014-05-05 13:49:40'),(587,101,37,'catvisitor','2014-05-05 13:49:40'),(588,102,1,'catvisitor','2014-05-05 13:49:51'),(589,102,37,'catvisitor','2014-05-05 13:49:51'),(590,103,1,'catvisitor','2014-05-05 13:50:39'),(591,103,37,'catvisitor','2014-05-05 13:50:39'),(592,104,1,'catvisitor','2014-05-05 13:50:56'),(593,104,37,'catvisitor','2014-05-05 13:50:56'),(594,105,1,'catvisitor','2014-05-05 13:51:09'),(595,105,37,'catvisitor','2014-05-05 13:51:09'),(596,106,1,'catvisitor','2014-05-05 13:51:23'),(597,106,37,'catvisitor','2014-05-05 13:51:23'),(598,107,43,'catvisitor','2014-05-05 17:50:13'),(599,107,37,'catvisitor','2014-05-05 17:50:13'),(600,108,43,'catvisitor','2014-05-05 18:04:14'),(601,108,37,'catvisitor','2014-05-05 18:04:14'),(602,109,43,'catvisitor','2014-05-05 18:04:44'),(603,109,37,'catvisitor','2014-05-05 18:04:44'),(604,110,43,'catvisitor','2014-05-05 18:05:10'),(605,110,37,'catvisitor','2014-05-05 18:05:10'),(606,111,43,'catvisitor','2014-05-05 18:05:44'),(607,111,37,'catvisitor','2014-05-05 18:05:44'),(608,112,43,'catvisitor','2014-05-05 18:06:14'),(609,112,37,'catvisitor','2014-05-05 18:06:14'),(610,113,43,'catvisitor','2014-05-05 18:06:35'),(611,113,37,'catvisitor','2014-05-05 18:06:35'),(612,114,43,'catvisitor','2014-05-05 18:06:57'),(613,114,37,'catvisitor','2014-05-05 18:06:57'),(614,115,43,'catvisitor','2014-05-05 18:11:14'),(615,115,37,'catvisitor','2014-05-05 18:11:14'),(616,116,43,'catvisitor','2014-05-05 18:11:38'),(617,116,37,'catvisitor','2014-05-05 18:11:38'),(618,117,43,'catvisitor','2014-05-05 18:12:03'),(619,117,37,'catvisitor','2014-05-05 18:12:03'),(620,118,43,'catvisitor','2014-05-05 18:12:34'),(621,118,37,'catvisitor','2014-05-05 18:12:34'),(622,119,43,'catvisitor','2014-05-05 18:13:05'),(623,119,37,'catvisitor','2014-05-05 18:13:05'),(624,120,43,'catvisitor','2014-05-06 14:09:34'),(625,120,37,'catvisitor','2014-05-06 14:09:34'),(626,121,43,'catvisitor','2014-05-06 14:10:51'),(627,121,37,'catvisitor','2014-05-06 14:10:51'),(628,122,43,'catvisitor','2014-05-06 14:11:14'),(629,122,37,'catvisitor','2014-05-06 14:11:14'),(630,123,43,'catvisitor','2014-05-06 14:11:44'),(631,123,37,'catvisitor','2014-05-06 14:11:44'),(632,124,43,'catvisitor','2014-05-06 14:12:08'),(633,124,37,'catvisitor','2014-05-06 14:12:08'),(634,125,43,'catvisitor','2014-05-06 14:12:34'),(635,125,37,'catvisitor','2014-05-06 14:12:34'),(636,126,43,'catvisitor','2014-05-06 14:13:49'),(637,126,37,'catvisitor','2014-05-06 14:13:50'),(638,127,43,'catvisitor','2014-05-06 14:14:13'),(639,127,37,'catvisitor','2014-05-06 14:14:13'),(640,128,43,'catvisitor','2014-05-06 14:14:32'),(641,128,37,'catvisitor','2014-05-06 14:14:32'),(642,129,43,'catvisitor','2014-05-06 14:14:55'),(643,129,37,'catvisitor','2014-05-06 14:14:55'),(644,130,43,'catvisitor','2014-05-06 14:15:19'),(645,130,37,'catvisitor','2014-05-06 14:15:19'),(646,131,43,'catvisitor','2014-05-06 14:18:54'),(647,131,37,'catvisitor','2014-05-06 14:18:54'),(648,132,43,'catvisitor','2014-05-06 14:19:51'),(649,132,37,'catvisitor','2014-05-06 14:19:51'),(650,133,43,'catvisitor','2014-05-06 14:20:17'),(651,133,37,'catvisitor','2014-05-06 14:20:17'),(652,134,43,'catvisitor','2014-05-06 14:20:38'),(653,134,37,'catvisitor','2014-05-06 14:20:38'),(654,135,43,'catvisitor','2014-05-06 14:21:02'),(655,135,37,'catvisitor','2014-05-06 14:21:03'),(656,136,43,'catvisitor','2014-05-06 14:21:22'),(657,136,37,'catvisitor','2014-05-06 14:21:22'),(658,137,43,'catvisitor','2014-05-06 14:25:44'),(659,137,37,'catvisitor','2014-05-06 14:25:44'),(660,138,43,'catvisitor','2014-05-06 14:26:02'),(661,138,37,'catvisitor','2014-05-06 14:26:02'),(662,139,43,'catvisitor','2014-05-06 14:48:46'),(663,139,37,'catvisitor','2014-05-06 14:48:46'),(664,140,43,'catvisitor','2014-05-06 14:49:08'),(665,140,37,'catvisitor','2014-05-06 14:49:08'),(666,141,43,'catvisitor','2014-05-06 14:49:27'),(667,141,37,'catvisitor','2014-05-06 14:49:27'),(668,142,43,'catvisitor','2014-05-06 14:52:42'),(669,142,37,'catvisitor','2014-05-06 14:52:43'),(670,143,43,'catvisitor','2014-05-06 14:53:12'),(671,143,37,'catvisitor','2014-05-06 14:53:12'),(672,144,43,'catvisitor','2014-05-06 14:53:33'),(673,144,37,'catvisitor','2014-05-06 14:53:33'),(674,145,43,'catvisitor','2014-05-06 14:53:55'),(675,145,37,'catvisitor','2014-05-06 14:53:55'),(676,146,43,'catvisitor','2014-05-06 14:54:13'),(677,146,37,'catvisitor','2014-05-06 14:54:14'),(678,147,43,'catvisitor','2014-05-06 14:56:25'),(679,147,37,'catvisitor','2014-05-06 14:56:25'),(680,148,43,'catvisitor','2014-05-06 15:00:22'),(681,148,37,'catvisitor','2014-05-06 15:00:22'),(682,149,43,'catvisitor','2014-05-06 15:00:43'),(683,149,37,'catvisitor','2014-05-06 15:00:43'),(684,150,43,'catvisitor','2014-05-06 15:01:01'),(685,150,37,'catvisitor','2014-05-06 15:01:01'),(686,151,43,'catvisitor','2014-05-06 15:01:21'),(687,151,37,'catvisitor','2014-05-06 15:01:21'),(688,152,43,'catvisitor','2014-05-06 15:01:35'),(689,152,37,'catvisitor','2014-05-06 15:01:35'),(690,153,43,'catvisitor','2014-05-06 15:03:35'),(691,153,37,'catvisitor','2014-05-06 15:03:35'),(692,154,43,'catvisitor','2014-05-06 15:03:51'),(693,154,37,'catvisitor','2014-05-06 15:03:51'),(694,155,43,'catvisitor','2014-05-06 15:04:03'),(695,155,37,'catvisitor','2014-05-06 15:04:04'),(696,156,43,'catvisitor','2014-05-06 15:04:20'),(697,156,37,'catvisitor','2014-05-06 15:04:20'),(698,157,43,'catvisitor','2014-05-06 15:04:35'),(699,157,37,'catvisitor','2014-05-06 15:04:35'),(700,158,43,'catvisitor','2014-05-06 15:16:41'),(701,158,37,'catvisitor','2014-05-06 15:16:41'),(702,159,43,'catvisitor','2014-05-06 15:16:56'),(703,159,37,'catvisitor','2014-05-06 15:16:56'),(704,160,43,'catvisitor','2014-05-06 15:17:17'),(705,160,37,'catvisitor','2014-05-06 15:17:17'),(706,161,43,'catvisitor','2014-05-06 15:17:35'),(707,161,37,'catvisitor','2014-05-06 15:17:35'),(708,162,43,'catvisitor','2014-05-06 15:17:47'),(709,162,37,'catvisitor','2014-05-06 15:17:47'),(710,163,43,'catvisitor','2014-05-06 15:18:00'),(711,163,37,'catvisitor','2014-05-06 15:18:00'),(712,164,43,'catvisitor','2014-05-06 15:18:10'),(713,164,37,'catvisitor','2014-05-06 15:18:10'),(714,165,43,'catvisitor','2014-05-06 15:18:22'),(715,165,37,'catvisitor','2014-05-06 15:18:22'),(716,166,43,'catvisitor','2014-05-06 15:18:54'),(717,166,37,'catvisitor','2014-05-06 15:18:54'),(718,167,43,'catvisitor','2014-05-06 15:19:04'),(719,167,37,'catvisitor','2014-05-06 15:19:04'),(720,168,43,'catvisitor','2014-05-06 15:19:16'),(721,168,37,'catvisitor','2014-05-06 15:19:16'),(722,169,43,'catvisitor','2014-05-06 15:19:27'),(723,169,37,'catvisitor','2014-05-06 15:19:27'),(724,170,43,'catvisitor','2014-05-06 15:19:38'),(725,170,37,'catvisitor','2014-05-06 15:19:38'),(726,171,43,'catvisitor','2014-05-06 15:19:56'),(727,171,37,'catvisitor','2014-05-06 15:19:56'),(728,172,43,'catvisitor','2014-05-06 15:20:09'),(729,172,37,'catvisitor','2014-05-06 15:20:09'),(730,173,43,'catvisitor','2014-05-06 15:20:21'),(731,173,37,'catvisitor','2014-05-06 15:20:21'),(732,174,43,'catvisitor','2014-05-06 15:20:21'),(733,174,37,'catvisitor','2014-05-06 15:20:21'),(734,175,43,'catvisitor','2014-05-06 15:21:58'),(735,175,37,'catvisitor','2014-05-06 15:21:58'),(736,176,43,'catvisitor','2014-05-06 15:22:11'),(737,176,37,'catvisitor','2014-05-06 15:22:11'),(738,177,43,'catvisitor','2014-05-06 15:22:21'),(739,177,37,'catvisitor','2014-05-06 15:22:21'),(740,178,43,'catvisitor','2014-05-06 15:22:33'),(741,178,37,'catvisitor','2014-05-06 15:22:33'),(742,179,43,'catvisitor','2014-05-06 15:22:48'),(743,179,37,'catvisitor','2014-05-06 15:22:48'),(744,180,43,'catvisitor','2014-05-06 15:23:35'),(745,180,37,'catvisitor','2014-05-06 15:23:35'),(746,181,43,'catvisitor','2014-05-06 15:23:49'),(747,181,37,'catvisitor','2014-05-06 15:23:49'),(748,182,43,'catvisitor','2014-05-06 15:24:00'),(749,182,37,'catvisitor','2014-05-06 15:24:01'),(750,183,43,'catvisitor','2014-05-06 15:24:01'),(751,183,37,'catvisitor','2014-05-06 15:24:01'),(752,184,43,'catvisitor','2014-05-06 15:24:14'),(753,184,37,'catvisitor','2014-05-06 15:24:14'),(754,185,43,'catvisitor','2014-05-06 15:24:31'),(755,185,37,'catvisitor','2014-05-06 15:24:31'),(756,186,43,'catvisitor','2014-05-06 15:26:12'),(757,186,37,'catvisitor','2014-05-06 15:26:12'),(758,187,43,'catvisitor','2014-05-06 15:26:26'),(759,187,37,'catvisitor','2014-05-06 15:26:26'),(760,188,43,'catvisitor','2014-05-06 15:26:52'),(761,188,37,'catvisitor','2014-05-06 15:26:52'),(762,189,43,'catvisitor','2014-05-06 15:27:14'),(763,189,37,'catvisitor','2014-05-06 15:27:14'),(764,190,43,'catvisitor','2014-05-06 15:27:32'),(765,190,37,'catvisitor','2014-05-06 15:27:32'),(766,191,43,'catvisitor','2014-05-06 15:27:50'),(767,191,37,'catvisitor','2014-05-06 15:27:50'),(768,192,43,'catvisitor','2014-05-06 15:29:00'),(769,192,37,'catvisitor','2014-05-06 15:29:00'),(770,193,43,'catvisitor','2014-05-06 15:29:34'),(771,193,37,'catvisitor','2014-05-06 15:29:34'),(772,194,43,'catvisitor','2014-05-06 15:29:57'),(773,194,37,'catvisitor','2014-05-06 15:29:57'),(774,195,43,'catvisitor','2014-05-06 15:30:09'),(775,195,37,'catvisitor','2014-05-06 15:30:09'),(776,196,43,'catvisitor','2014-05-06 15:30:20'),(777,196,37,'catvisitor','2014-05-06 15:30:20'),(778,197,43,'catvisitor','2014-05-06 15:30:32'),(779,197,37,'catvisitor','2014-05-06 15:30:32'),(780,198,43,'catvisitor','2014-05-06 16:03:46'),(781,198,37,'catvisitor','2014-05-06 16:03:46'),(782,199,43,'catvisitor','2014-05-06 16:03:59'),(783,199,37,'catvisitor','2014-05-06 16:03:59'),(784,200,43,'catvisitor','2014-05-06 16:04:15'),(785,200,37,'catvisitor','2014-05-06 16:04:15'),(786,201,43,'catvisitor','2014-05-06 16:04:28'),(787,201,37,'catvisitor','2014-05-06 16:04:28'),(788,202,43,'catvisitor','2014-05-06 16:04:40'),(789,202,37,'catvisitor','2014-05-06 16:04:40'),(790,203,43,'catvisitor','2014-05-06 16:05:07'),(791,203,37,'catvisitor','2014-05-06 16:05:07'),(792,204,43,'catvisitor','2014-05-06 16:05:22'),(793,204,37,'catvisitor','2014-05-06 16:05:22'),(794,205,43,'catvisitor','2014-05-06 16:05:37'),(795,205,37,'catvisitor','2014-05-06 16:05:37'),(796,206,43,'catvisitor','2014-05-06 16:05:48'),(797,206,37,'catvisitor','2014-05-06 16:05:48'),(798,207,43,'catvisitor','2014-05-06 16:06:03'),(799,207,37,'catvisitor','2014-05-06 16:06:03'),(800,208,43,'catvisitor','2014-05-06 16:07:35'),(801,208,37,'catvisitor','2014-05-06 16:07:35'),(802,209,43,'catvisitor','2014-05-06 16:07:50'),(803,209,37,'catvisitor','2014-05-06 16:07:50'),(804,210,43,'catvisitor','2014-05-06 16:08:01'),(805,210,37,'catvisitor','2014-05-06 16:08:01'),(806,211,43,'catvisitor','2014-05-06 16:08:15'),(807,211,37,'catvisitor','2014-05-06 16:08:15'),(808,212,43,'catvisitor','2014-05-06 16:08:27'),(809,212,37,'catvisitor','2014-05-06 16:08:27'),(810,213,43,'catvisitor','2014-05-06 16:08:57'),(811,213,37,'catvisitor','2014-05-06 16:08:57'),(812,214,43,'catvisitor','2014-05-06 16:09:12'),(813,214,37,'catvisitor','2014-05-06 16:09:12'),(814,215,43,'catvisitor','2014-05-06 16:09:25'),(815,215,37,'catvisitor','2014-05-06 16:09:25'),(816,216,43,'catvisitor','2014-05-06 16:09:41'),(817,216,37,'catvisitor','2014-05-06 16:09:41'),(818,217,43,'catvisitor','2014-05-06 16:09:53'),(819,217,37,'catvisitor','2014-05-06 16:09:53'),(820,218,43,'catvisitor','2014-05-06 16:11:08'),(821,218,37,'catvisitor','2014-05-06 16:11:08'),(822,219,43,'catvisitor','2014-05-06 16:11:21'),(823,219,37,'catvisitor','2014-05-06 16:11:21'),(824,220,43,'catvisitor','2014-05-06 16:11:37'),(825,220,37,'catvisitor','2014-05-06 16:11:37'),(826,221,43,'catvisitor','2014-05-06 16:11:52'),(827,221,37,'catvisitor','2014-05-06 16:11:52'),(828,222,43,'catvisitor','2014-05-06 16:12:07'),(829,222,37,'catvisitor','2014-05-06 16:12:07'),(830,223,43,'catvisitor','2014-05-06 16:12:53'),(831,223,37,'catvisitor','2014-05-06 16:12:53'),(832,224,43,'catvisitor','2014-05-06 16:13:20'),(833,224,37,'catvisitor','2014-05-06 16:13:20'),(834,225,43,'catvisitor','2014-05-06 16:13:32'),(835,225,37,'catvisitor','2014-05-06 16:13:32'),(836,226,43,'catvisitor','2014-05-06 16:13:49'),(837,226,37,'catvisitor','2014-05-06 16:13:49'),(838,227,43,'catvisitor','2014-05-06 16:14:00'),(839,227,37,'catvisitor','2014-05-06 16:14:00'),(840,228,43,'catvisitor','2014-05-06 16:16:27'),(841,228,37,'catvisitor','2014-05-06 16:16:28'),(842,229,43,'catvisitor','2014-05-06 16:16:45'),(843,229,37,'catvisitor','2014-05-06 16:16:45'),(844,230,43,'catvisitor','2014-05-06 16:16:57'),(845,230,37,'catvisitor','2014-05-06 16:16:57'),(846,231,43,'catvisitor','2014-05-06 16:17:12'),(847,231,37,'catvisitor','2014-05-06 16:17:12'),(848,232,43,'catvisitor','2014-05-06 16:17:26'),(849,232,37,'catvisitor','2014-05-06 16:17:26'),(850,233,43,'catvisitor','2014-05-06 16:17:38'),(851,233,37,'catvisitor','2014-05-06 16:17:38'),(852,234,43,'catvisitor','2014-05-06 16:18:05'),(853,234,37,'catvisitor','2014-05-06 16:18:05'),(854,235,43,'catvisitor','2014-05-06 16:18:18'),(855,235,37,'catvisitor','2014-05-06 16:18:18'),(856,236,43,'catvisitor','2014-05-06 16:18:34'),(857,236,37,'catvisitor','2014-05-06 16:18:34'),(858,237,43,'catvisitor','2014-05-06 16:18:50'),(859,237,37,'catvisitor','2014-05-06 16:18:50'),(860,238,43,'catvisitor','2014-05-06 16:19:06'),(861,238,37,'catvisitor','2014-05-06 16:19:06'),(862,239,43,'catvisitor','2014-05-06 16:19:22'),(863,239,37,'catvisitor','2014-05-06 16:19:22'),(864,240,43,'catvisitor','2014-05-06 16:20:49'),(865,240,37,'catvisitor','2014-05-06 16:20:49'),(866,241,43,'catvisitor','2014-05-06 16:21:01'),(867,241,37,'catvisitor','2014-05-06 16:21:01'),(868,242,43,'catvisitor','2014-05-06 16:21:13'),(869,242,37,'catvisitor','2014-05-06 16:21:13'),(870,243,43,'catvisitor','2014-05-06 16:21:27'),(871,243,37,'catvisitor','2014-05-06 16:21:27'),(872,244,43,'catvisitor','2014-05-06 16:21:43'),(873,244,37,'catvisitor','2014-05-06 16:21:43'),(874,245,43,'catvisitor','2014-05-06 16:22:07'),(875,245,37,'catvisitor','2014-05-06 16:22:07'),(876,246,43,'catvisitor','2014-05-06 16:22:19'),(877,246,37,'catvisitor','2014-05-06 16:22:19'),(878,247,43,'catvisitor','2014-05-06 16:22:32'),(879,247,37,'catvisitor','2014-05-06 16:22:32'),(880,248,43,'catvisitor','2014-05-06 16:22:49'),(881,248,37,'catvisitor','2014-05-06 16:22:49'),(882,249,43,'catvisitor','2014-05-06 16:23:00'),(883,249,37,'catvisitor','2014-05-06 16:23:00'),(884,250,1,'catvisitor','2014-05-06 16:27:50'),(885,250,37,'catvisitor','2014-05-06 16:27:50'),(886,251,1,'catvisitor','2014-05-06 16:28:04'),(887,251,37,'catvisitor','2014-05-06 16:28:04'),(888,252,1,'catvisitor','2014-05-06 16:28:28'),(889,252,37,'catvisitor','2014-05-06 16:28:28'),(890,253,1,'catvisitor','2014-05-06 16:28:49'),(891,253,37,'catvisitor','2014-05-06 16:28:49'),(892,254,1,'catvisitor','2014-05-06 16:29:17'),(893,254,37,'catvisitor','2014-05-06 16:29:17'),(894,255,1,'catvisitor','2014-05-06 16:29:32'),(895,255,37,'catvisitor','2014-05-06 16:29:32'),(896,256,1,'catvisitor','2014-05-06 16:29:43'),(897,256,37,'catvisitor','2014-05-06 16:29:43'),(898,257,1,'catvisitor','2014-05-06 16:30:09'),(899,257,37,'catvisitor','2014-05-06 16:30:09'),(900,258,1,'catvisitor','2014-05-06 16:30:18'),(901,258,37,'catvisitor','2014-05-06 16:30:18'),(902,259,1,'catvisitor','2014-05-06 16:30:28'),(903,259,37,'catvisitor','2014-05-06 16:30:28'),(904,260,1,'catvisitor','2014-05-06 16:30:50'),(905,260,37,'catvisitor','2014-05-06 16:30:50'),(906,261,1,'catvisitor','2014-05-06 16:30:59'),(907,261,37,'catvisitor','2014-05-06 16:30:59'),(908,262,1,'catvisitor','2014-05-06 16:31:08'),(909,262,37,'catvisitor','2014-05-06 16:31:08'),(910,263,1,'catvisitor','2014-05-06 16:31:19'),(911,263,37,'catvisitor','2014-05-06 16:31:19'),(912,264,1,'catvisitor','2014-05-06 16:31:31'),(913,264,37,'catvisitor','2014-05-06 16:31:31'),(914,265,1,'catvisitor','2014-05-06 16:32:12'),(915,265,37,'catvisitor','2014-05-06 16:32:12'),(916,266,1,'catvisitor','2014-05-06 16:32:24'),(917,266,37,'catvisitor','2014-05-06 16:32:24'),(918,267,1,'catvisitor','2014-05-06 16:32:48'),(919,267,37,'catvisitor','2014-05-06 16:32:48'),(920,268,1,'catvisitor','2014-05-06 16:33:02'),(921,268,37,'catvisitor','2014-05-06 16:33:02'),(922,269,1,'catvisitor','2014-05-06 16:33:16'),(923,269,37,'catvisitor','2014-05-06 16:33:16'),(924,270,1,'catvisitor','2014-05-06 16:33:26'),(925,270,37,'catvisitor','2014-05-06 16:33:26'),(926,271,1,'catvisitor','2014-05-08 14:15:51'),(927,272,1,'catvisitor','2014-05-08 14:16:27'),(929,274,43,'catvisitor','2014-05-08 14:17:23'),(930,275,43,'catvisitor','2014-05-08 14:18:00'),(931,276,46,'catvisitor','2014-05-08 14:19:43'),(932,277,46,'catvisitor','2014-05-08 14:19:59'),(933,278,46,'catvisitor','2014-05-08 14:20:24'),(934,279,46,'catvisitor','2014-05-08 14:21:41'),(935,280,46,'catvisitor','2014-05-08 14:22:00'),(936,281,46,'catvisitor','2014-05-08 14:22:15'),(937,282,46,'catvisitor','2014-05-08 14:22:33'),(938,283,46,'catvisitor','2014-05-08 14:22:50'),(939,284,43,'catvisitor','2014-05-13 17:32:08'),(940,284,37,'catvisitor','2014-05-13 17:32:09'),(941,285,43,'catvisitor','2014-05-13 17:32:31'),(942,285,37,'catvisitor','2014-05-13 17:32:31'),(943,286,43,'catvisitor','2014-05-13 17:32:49'),(944,286,37,'catvisitor','2014-05-13 17:32:49'),(945,287,43,'catvisitor','2014-05-13 17:32:49'),(946,287,37,'catvisitor','2014-05-13 17:32:49'),(947,288,43,'catvisitor','2014-05-13 17:33:07'),(948,288,37,'catvisitor','2014-05-13 17:33:07'),(949,289,43,'catvisitor','2014-05-13 17:33:27'),(950,289,37,'catvisitor','2014-05-13 17:33:27'),(951,290,43,'catvisitor','2014-05-13 17:33:50'),(952,290,37,'catvisitor','2014-05-13 17:33:50'),(953,291,43,'catvisitor','2014-05-13 17:34:03'),(954,291,37,'catvisitor','2014-05-13 17:34:03'),(955,292,43,'catvisitor','2014-05-13 17:34:17'),(956,292,37,'catvisitor','2014-05-13 17:34:17'),(957,293,43,'catvisitor','2014-05-13 17:34:52'),(958,293,37,'catvisitor','2014-05-13 17:34:52'),(959,294,43,'catvisitor','2014-05-13 17:35:04'),(960,294,37,'catvisitor','2014-05-13 17:35:04'),(961,295,43,'catvisitor','2014-05-13 17:35:17'),(962,295,37,'catvisitor','2014-05-13 17:35:17'),(963,296,43,'catvisitor','2014-05-13 17:35:29'),(964,296,37,'catvisitor','2014-05-13 17:35:29'),(965,297,43,'catvisitor','2014-05-13 17:35:41'),(966,297,37,'catvisitor','2014-05-13 17:35:41'),(967,298,43,'catvisitor','2014-05-13 17:35:54'),(968,298,37,'catvisitor','2014-05-13 17:35:54'),(969,299,43,'catvisitor','2014-05-13 17:36:06'),(970,299,37,'catvisitor','2014-05-13 17:36:06'),(971,300,43,'catvisitor','2014-05-13 17:36:17'),(972,300,37,'catvisitor','2014-05-13 17:36:17'),(973,301,43,'catvisitor','2014-05-13 17:37:47'),(974,301,37,'catvisitor','2014-05-13 17:37:47'),(975,302,43,'catvisitor','2014-05-13 17:38:05'),(976,302,37,'catvisitor','2014-05-13 17:38:05'),(977,303,43,'catvisitor','2014-05-13 17:38:19'),(978,303,37,'catvisitor','2014-05-13 17:38:19'),(979,304,43,'catvisitor','2014-05-13 17:38:34'),(980,304,37,'catvisitor','2014-05-13 17:38:34'),(981,305,43,'catvisitor','2014-05-13 17:38:50'),(982,305,37,'catvisitor','2014-05-13 17:38:50'),(983,306,43,'catvisitor','2014-05-13 17:39:37'),(984,306,37,'catvisitor','2014-05-13 17:39:37'),(985,307,43,'catvisitor','2014-05-13 17:39:51'),(986,307,37,'catvisitor','2014-05-13 17:39:51'),(987,308,43,'catvisitor','2014-05-13 17:40:33'),(988,308,37,'catvisitor','2014-05-13 17:40:33'),(989,309,43,'catvisitor','2014-05-13 17:40:46'),(990,309,37,'catvisitor','2014-05-13 17:40:46'),(991,310,43,'catvisitor','2014-05-13 17:40:58'),(992,310,37,'catvisitor','2014-05-13 17:40:58'),(993,311,43,'catvisitor','2014-05-13 17:42:58'),(994,311,37,'catvisitor','2014-05-13 17:42:58'),(995,312,43,'catvisitor','2014-05-13 17:43:11'),(996,312,37,'catvisitor','2014-05-13 17:43:11'),(997,313,43,'catvisitor','2014-05-13 17:43:25'),(998,313,37,'catvisitor','2014-05-13 17:43:25'),(999,314,43,'catvisitor','2014-05-13 17:43:56'),(1000,314,37,'catvisitor','2014-05-13 17:43:57'),(1001,315,43,'catvisitor','2014-05-13 17:44:09'),(1002,315,37,'catvisitor','2014-05-13 17:44:10'),(1003,316,43,'catvisitor','2014-05-13 17:44:21'),(1004,316,37,'catvisitor','2014-05-13 17:44:21'),(1005,317,43,'catvisitor','2014-05-13 17:44:46'),(1006,317,37,'catvisitor','2014-05-13 17:44:46'),(1007,318,43,'catvisitor','2014-05-13 17:44:59'),(1008,318,37,'catvisitor','2014-05-13 17:44:59'),(1009,319,43,'catvisitor','2014-05-13 17:45:16'),(1010,319,37,'catvisitor','2014-05-13 17:45:16'),(1011,320,43,'catvisitor','2014-05-13 17:45:50'),(1012,320,37,'catvisitor','2014-05-13 17:45:50'),(1013,321,43,'catvisitor','2014-05-13 17:46:16'),(1014,321,37,'catvisitor','2014-05-13 17:46:16'),(1015,322,43,'catvisitor','2014-05-13 17:46:30'),(1016,322,37,'catvisitor','2014-05-13 17:46:30'),(1017,323,43,'catvisitor','2014-05-13 17:47:55'),(1018,323,37,'catvisitor','2014-05-13 17:47:55'),(1019,324,43,'catvisitor','2014-05-13 17:48:15'),(1020,324,37,'catvisitor','2014-05-13 17:48:15'),(1021,325,43,'catvisitor','2014-05-13 17:48:28'),(1022,325,37,'catvisitor','2014-05-13 17:48:28'),(1023,326,43,'catvisitor','2014-05-13 17:48:41'),(1024,326,37,'catvisitor','2014-05-13 17:48:41'),(1025,327,43,'catvisitor','2014-05-13 17:48:54'),(1026,327,37,'catvisitor','2014-05-13 17:48:54'),(1027,328,43,'catvisitor','2014-05-13 17:49:24'),(1028,328,37,'catvisitor','2014-05-13 17:49:24'),(1029,329,43,'catvisitor','2014-05-13 17:49:38'),(1030,329,37,'catvisitor','2014-05-13 17:49:38'),(1031,330,43,'catvisitor','2014-05-13 17:49:50'),(1032,330,37,'catvisitor','2014-05-13 17:49:50'),(1033,331,43,'catvisitor','2014-05-13 17:50:04'),(1034,331,37,'catvisitor','2014-05-13 17:50:04'),(1035,332,43,'catvisitor','2014-05-13 17:50:16'),(1036,332,37,'catvisitor','2014-05-13 17:50:16'),(1037,333,43,'catvisitor','2014-05-13 17:51:37'),(1038,333,37,'catvisitor','2014-05-13 17:51:37'),(1039,334,43,'catvisitor','2014-05-13 17:51:50'),(1040,334,37,'catvisitor','2014-05-13 17:51:50'),(1041,335,43,'catvisitor','2014-05-13 17:52:03'),(1042,335,37,'catvisitor','2014-05-13 17:52:03'),(1043,336,43,'catvisitor','2014-05-13 17:52:18'),(1044,336,37,'catvisitor','2014-05-13 17:52:19'),(1045,337,43,'catvisitor','2014-05-13 17:52:34'),(1046,337,37,'catvisitor','2014-05-13 17:52:34'),(1047,338,43,'catvisitor','2014-05-13 17:53:12'),(1048,338,37,'catvisitor','2014-05-13 17:53:12'),(1049,339,43,'catvisitor','2014-05-13 17:53:26'),(1050,339,37,'catvisitor','2014-05-13 17:53:26'),(1051,340,43,'catvisitor','2014-05-13 17:53:39'),(1052,340,37,'catvisitor','2014-05-13 17:53:39'),(1053,341,43,'catvisitor','2014-05-13 17:53:53'),(1054,341,37,'catvisitor','2014-05-13 17:53:53'),(1055,342,43,'catvisitor','2014-05-13 17:54:06'),(1056,342,37,'catvisitor','2014-05-13 17:54:06'),(1057,343,43,'catvisitor','2014-05-13 17:55:42'),(1058,343,37,'catvisitor','2014-05-13 17:55:42'),(1059,344,43,'catvisitor','2014-05-13 17:55:58'),(1060,344,37,'catvisitor','2014-05-13 17:55:58'),(1061,345,43,'catvisitor','2014-05-13 17:56:13'),(1062,345,37,'catvisitor','2014-05-13 17:56:13'),(1063,346,43,'catvisitor','2014-05-13 17:56:25'),(1064,346,37,'catvisitor','2014-05-13 17:56:25'),(1065,347,43,'catvisitor','2014-05-13 17:56:39'),(1066,347,37,'catvisitor','2014-05-13 17:56:39'),(1067,348,43,'catvisitor','2014-05-13 17:57:03'),(1068,348,37,'catvisitor','2014-05-13 17:57:03'),(1069,349,43,'catvisitor','2014-05-13 17:57:17'),(1070,349,37,'catvisitor','2014-05-13 17:57:17'),(1071,350,43,'catvisitor','2014-05-13 17:57:31'),(1072,350,37,'catvisitor','2014-05-13 17:57:31'),(1073,351,43,'catvisitor','2014-05-13 17:57:44'),(1074,351,37,'catvisitor','2014-05-13 17:57:44'),(1075,352,43,'catvisitor','2014-05-13 17:57:59'),(1076,352,37,'catvisitor','2014-05-13 17:57:59'),(1077,353,43,'catvisitor','2014-05-13 17:59:26'),(1078,353,37,'catvisitor','2014-05-13 17:59:26'),(1079,354,43,'catvisitor','2014-05-13 17:59:40'),(1080,354,37,'catvisitor','2014-05-13 17:59:40'),(1081,355,43,'catvisitor','2014-05-13 17:59:51'),(1082,355,37,'catvisitor','2014-05-13 17:59:51'),(1083,356,43,'catvisitor','2014-05-13 18:00:02'),(1084,356,37,'catvisitor','2014-05-13 18:00:03'),(1085,357,43,'catvisitor','2014-05-13 18:00:17'),(1086,357,37,'catvisitor','2014-05-13 18:00:17'),(1087,358,43,'catvisitor','2014-05-13 18:00:30'),(1088,358,37,'catvisitor','2014-05-13 18:00:30'),(1089,359,43,'catvisitor','2014-05-13 18:00:57'),(1090,359,37,'catvisitor','2014-05-13 18:00:57'),(1091,360,43,'catvisitor','2014-05-13 18:01:11'),(1092,360,37,'catvisitor','2014-05-13 18:01:11'),(1093,361,43,'catvisitor','2014-05-13 18:01:22'),(1094,361,37,'catvisitor','2014-05-13 18:01:22'),(1095,362,43,'catvisitor','2014-05-13 18:01:35'),(1096,362,37,'catvisitor','2014-05-13 18:01:35'),(1097,363,43,'catvisitor','2014-05-13 18:01:50'),(1098,363,37,'catvisitor','2014-05-13 18:01:50'),(1099,364,43,'catvisitor','2014-05-13 18:02:06'),(1100,364,37,'catvisitor','2014-05-13 18:02:06'),(1101,365,43,'catvisitor','2014-05-13 18:03:23'),(1102,365,37,'catvisitor','2014-05-13 18:03:24'),(1103,366,43,'catvisitor','2014-05-13 18:03:37'),(1104,366,37,'catvisitor','2014-05-13 18:03:37'),(1105,367,43,'catvisitor','2014-05-13 18:03:47'),(1106,367,37,'catvisitor','2014-05-13 18:03:47'),(1107,368,43,'catvisitor','2014-05-13 18:04:00'),(1108,368,37,'catvisitor','2014-05-13 18:04:00'),(1109,369,43,'catvisitor','2014-05-13 18:04:10'),(1110,369,37,'catvisitor','2014-05-13 18:04:11'),(1111,370,43,'catvisitor','2014-05-13 18:04:38'),(1112,370,37,'catvisitor','2014-05-13 18:04:38'),(1113,371,43,'catvisitor','2014-05-13 18:04:52'),(1114,371,37,'catvisitor','2014-05-13 18:04:52'),(1115,372,43,'catvisitor','2014-05-13 18:05:06'),(1116,372,37,'catvisitor','2014-05-13 18:05:06'),(1117,373,43,'catvisitor','2014-05-13 18:05:17'),(1118,373,37,'catvisitor','2014-05-13 18:05:17'),(1119,374,43,'catvisitor','2014-05-13 18:05:39'),(1120,374,37,'catvisitor','2014-05-13 18:05:39'),(1121,375,1,'catvisitor','2014-05-13 18:09:38'),(1122,375,37,'catvisitor','2014-05-13 18:09:38'),(1123,376,1,'catvisitor','2014-05-13 18:09:50'),(1124,376,37,'catvisitor','2014-05-13 18:09:50'),(1125,377,1,'catvisitor','2014-05-13 18:10:20'),(1126,377,37,'catvisitor','2014-05-13 18:10:20'),(1127,378,1,'catvisitor','2014-05-13 18:10:31'),(1128,378,37,'catvisitor','2014-05-13 18:10:31'),(1129,379,1,'catvisitor','2014-05-13 18:11:06'),(1130,379,37,'catvisitor','2014-05-13 18:11:06'),(1131,380,1,'catvisitor','2014-05-13 18:11:17'),(1132,380,37,'catvisitor','2014-05-13 18:11:17'),(1133,381,1,'catvisitor','2014-05-13 18:11:31'),(1134,381,37,'catvisitor','2014-05-13 18:11:31'),(1135,382,1,'catvisitor','2014-05-13 18:12:02'),(1136,382,37,'catvisitor','2014-05-13 18:12:02'),(1137,383,1,'catvisitor','2014-05-13 18:12:15'),(1138,383,37,'catvisitor','2014-05-13 18:12:15'),(1139,384,1,'catvisitor','2014-05-13 18:12:26'),(1140,384,37,'catvisitor','2014-05-13 18:12:26'),(1141,385,1,'catvisitor','2014-05-13 18:12:53'),(1142,385,37,'catvisitor','2014-05-13 18:12:53'),(1143,386,1,'catvisitor','2014-05-13 18:13:03'),(1144,386,37,'catvisitor','2014-05-13 18:13:03'),(1145,387,1,'catvisitor','2014-05-13 18:13:13'),(1146,387,37,'catvisitor','2014-05-13 18:13:13'),(1147,388,1,'catvisitor','2014-05-13 18:13:25'),(1148,388,37,'catvisitor','2014-05-13 18:13:25'),(1149,389,1,'catvisitor','2014-05-13 18:13:37'),(1150,389,37,'catvisitor','2014-05-13 18:13:37'),(1151,390,1,'catvisitor','2014-05-13 18:14:08'),(1152,390,37,'catvisitor','2014-05-13 18:14:08'),(1153,391,1,'catvisitor','2014-05-13 18:14:19'),(1154,391,37,'catvisitor','2014-05-13 18:14:19'),(1155,392,1,'catvisitor','2014-05-13 18:14:41'),(1156,392,37,'catvisitor','2014-05-13 18:14:41'),(1157,393,1,'catvisitor','2014-05-13 18:14:52'),(1158,393,37,'catvisitor','2014-05-13 18:14:52'),(1159,394,1,'catvisitor','2014-05-13 18:15:01'),(1160,394,37,'catvisitor','2014-05-13 18:15:01'),(1161,395,1,'catvisitor','2014-05-13 18:15:11'),(1162,395,37,'catvisitor','2014-05-13 18:15:11'),(1163,396,1,'catvisitor','2014-05-14 15:43:59'),(1164,396,37,'catvisitor','2014-05-14 15:43:59'),(1165,397,1,'catvisitor','2014-05-14 15:44:17'),(1166,397,37,'catvisitor','2014-05-14 15:44:17'),(1167,398,1,'catvisitor','2014-05-14 15:44:28'),(1168,398,37,'catvisitor','2014-05-14 15:44:28'),(1169,399,1,'catvisitor','2014-05-14 15:44:43'),(1170,399,37,'catvisitor','2014-05-14 15:44:43'),(1171,400,1,'catvisitor','2014-05-14 15:45:15'),(1172,400,37,'catvisitor','2014-05-14 15:45:15'),(1173,401,1,'catvisitor','2014-05-14 15:45:25'),(1174,401,37,'catvisitor','2014-05-14 15:45:25'),(1175,402,1,'catvisitor','2014-05-14 15:45:48'),(1176,402,37,'catvisitor','2014-05-14 15:45:48'),(1177,403,1,'catvisitor','2014-05-14 15:46:00'),(1178,403,37,'catvisitor','2014-05-14 15:46:00'),(1179,404,1,'catvisitor','2014-05-14 15:46:27'),(1180,404,37,'catvisitor','2014-05-14 15:46:27'),(1181,405,1,'catvisitor','2014-05-14 15:47:05'),(1182,405,37,'catvisitor','2014-05-14 15:47:05'),(1183,406,1,'catvisitor','2014-05-14 15:48:45'),(1184,406,37,'catvisitor','2014-05-14 15:48:45'),(1185,407,1,'catvisitor','2014-05-14 15:49:16'),(1186,407,37,'catvisitor','2014-05-14 15:49:16'),(1187,408,1,'catvisitor','2014-05-14 15:49:51'),(1188,408,37,'catvisitor','2014-05-14 15:49:51'),(1189,409,1,'catvisitor','2014-05-14 15:50:06'),(1190,409,37,'catvisitor','2014-05-14 15:50:06'),(1191,410,1,'catvisitor','2014-05-14 15:50:34'),(1192,410,37,'catvisitor','2014-05-14 15:50:34'),(1193,411,1,'catvisitor','2014-05-14 15:51:00'),(1194,411,37,'catvisitor','2014-05-14 15:51:00'),(1195,412,1,'catvisitor','2014-05-14 15:51:13'),(1196,412,37,'catvisitor','2014-05-14 15:51:13'),(1197,413,1,'catvisitor','2014-05-14 15:51:26'),(1198,413,37,'catvisitor','2014-05-14 15:51:26'),(1199,414,1,'catvisitor','2014-05-14 15:51:41'),(1200,414,37,'catvisitor','2014-05-14 15:51:41'),(1201,415,1,'catvisitor','2014-05-14 15:52:24'),(1202,415,37,'catvisitor','2014-05-14 15:52:24'),(1203,416,1,'catvisitor','2014-05-14 15:52:50'),(1204,416,37,'catvisitor','2014-05-14 15:52:50'),(1205,417,1,'catvisitor','2014-05-14 15:53:07'),(1206,417,37,'catvisitor','2014-05-14 15:53:07'),(1207,418,1,'catvisitor','2014-05-14 15:53:31'),(1208,418,37,'catvisitor','2014-05-14 15:53:31'),(1209,419,1,'catvisitor','2014-05-14 15:54:02'),(1210,419,37,'catvisitor','2014-05-14 15:54:02'),(1211,420,1,'catvisitor','2014-05-14 15:54:16'),(1212,420,37,'catvisitor','2014-05-14 15:54:16'),(1213,421,1,'catvisitor','2014-05-14 15:54:41'),(1214,421,37,'catvisitor','2014-05-14 15:54:41'),(1215,422,1,'catvisitor','2014-05-14 15:54:54'),(1216,422,37,'catvisitor','2014-05-14 15:54:54'),(1217,423,1,'catvisitor','2014-05-14 16:20:31'),(1218,423,37,'catvisitor','2014-05-14 16:20:31'),(1219,424,1,'catvisitor','2014-05-14 16:20:51'),(1220,424,37,'catvisitor','2014-05-14 16:20:51'),(1221,425,1,'catvisitor','2014-05-14 16:21:08'),(1222,425,37,'catvisitor','2014-05-14 16:21:08'),(1223,426,1,'catvisitor','2014-05-14 16:21:20'),(1224,426,37,'catvisitor','2014-05-14 16:21:21'),(1225,427,1,'catvisitor','2014-05-14 16:30:09'),(1226,427,37,'catvisitor','2014-05-14 16:30:09'),(1227,428,1,'catvisitor','2014-05-14 17:13:13'),(1228,428,37,'catvisitor','2014-05-14 17:13:13'),(1229,429,1,'catvisitor','2014-05-14 17:13:33'),(1230,429,37,'catvisitor','2014-05-14 17:13:33'),(1231,430,1,'catvisitor','2014-05-14 17:14:10'),(1232,430,37,'catvisitor','2014-05-14 17:14:10'),(1233,431,1,'catvisitor','2014-05-14 17:14:21'),(1234,431,37,'catvisitor','2014-05-14 17:14:21'),(1235,432,1,'catvisitor','2014-05-14 17:15:22'),(1236,432,37,'catvisitor','2014-05-14 17:15:22'),(1237,433,1,'catvisitor','2014-05-14 17:15:49'),(1238,433,37,'catvisitor','2014-05-14 17:15:49'),(1239,434,1,'catvisitor','2014-05-14 17:17:17'),(1240,434,37,'catvisitor','2014-05-14 17:17:17'),(1241,435,1,'catvisitor','2014-05-14 17:17:31'),(1242,435,37,'catvisitor','2014-05-14 17:17:31'),(1243,436,1,'catvisitor','2014-05-14 17:17:48'),(1244,436,37,'catvisitor','2014-05-14 17:17:48'),(1245,437,1,'catvisitor','2014-05-14 17:19:43'),(1246,437,37,'catvisitor','2014-05-14 17:19:43'),(1247,438,1,'catvisitor','2014-05-14 17:19:58'),(1248,438,37,'catvisitor','2014-05-14 17:19:58'),(1249,439,1,'catvisitor','2014-05-14 17:20:12'),(1250,439,37,'catvisitor','2014-05-14 17:20:12'),(1251,440,1,'catvisitor','2014-05-14 17:20:40'),(1252,440,37,'catvisitor','2014-05-14 17:20:40'),(1253,441,1,'catvisitor','2014-05-14 17:21:04'),(1254,441,37,'catvisitor','2014-05-14 17:21:04'),(1255,442,1,'catvisitor','2014-05-14 17:21:32'),(1256,442,37,'catvisitor','2014-05-14 17:21:32'),(1257,443,1,'catvisitor','2014-05-14 17:21:45'),(1258,443,37,'catvisitor','2014-05-14 17:21:45'),(1259,444,1,'catvisitor','2014-05-14 17:22:11'),(1260,444,37,'catvisitor','2014-05-14 17:22:11'),(1261,445,1,'catvisitor','2014-05-14 17:22:49'),(1262,445,37,'catvisitor','2014-05-14 17:22:49'),(1263,446,1,'catvisitor','2014-05-14 17:23:01'),(1264,446,37,'catvisitor','2014-05-14 17:23:01'),(1265,447,1,'catvisitor','2014-05-14 17:23:33'),(1266,447,37,'catvisitor','2014-05-14 17:23:33'),(1267,448,1,'catvisitor','2014-05-14 17:25:23'),(1268,448,37,'catvisitor','2014-05-14 17:25:23'),(1269,449,1,'catvisitor','2014-05-14 17:25:38'),(1270,449,37,'catvisitor','2014-05-14 17:25:38'),(1271,450,1,'catvisitor','2014-05-14 17:25:57'),(1272,450,37,'catvisitor','2014-05-14 17:25:57'),(1273,451,1,'catvisitor','2014-05-14 17:26:10'),(1274,451,37,'catvisitor','2014-05-14 17:26:10'),(1275,452,1,'catvisitor','2014-05-14 17:26:39'),(1276,452,37,'catvisitor','2014-05-14 17:26:39'),(1277,453,1,'catvisitor','2014-05-14 17:28:55'),(1278,453,37,'catvisitor','2014-05-14 17:28:56'),(1279,454,1,'catvisitor','2014-05-14 17:29:08'),(1280,454,37,'catvisitor','2014-05-14 17:29:08');

/*Table structure for table `link_program_question` */

DROP TABLE IF EXISTS `link_program_question`;

CREATE TABLE `link_program_question` (
  `id` int(11) NOT NULL AUTO_INCREMENT,
  `question_id` int(11) NOT NULL,
  `program_id` int(11) NOT NULL,
  `display_index` int(11) NOT NULL,
  PRIMARY KEY (`id`),
  KEY `PK_link_program_question` (`id`),
  KEY `fk_link_program_question_question` (`question_id`),
  KEY `fk_link_program_question_program` (`program_id`),
  CONSTRAINT `fk_link_program_question_program` FOREIGN KEY (`program_id`) REFERENCES `program` (`id`),
  CONSTRAINT `fk_link_program_question_question` FOREIGN KEY (`question_id`) REFERENCES `question` (`id`)
) ENGINE=InnoDB AUTO_INCREMENT=90 DEFAULT CHARSET=utf8;

/*Data for the table `link_program_question` */

insert  into `link_program_question`(`id`,`question_id`,`program_id`,`display_index`) values (15,1,24,1),(30,1,51,3),(75,28,24,2),(81,33,51,1),(82,34,51,2),(83,33,24,3),(88,40,24,4),(89,40,53,2);

/*Table structure for table `mastery_option_value` */

DROP TABLE IF EXISTS `mastery_option_value`;

CREATE TABLE `mastery_option_value` (
  `id` int(11) NOT NULL AUTO_INCREMENT,
  `name` varchar(100) NOT NULL,
  `display_index` int(11) NOT NULL,
  `calculation_value` int(11) DEFAULT NULL,
  PRIMARY KEY (`id`),
  KEY `pk_mastery_option_values` (`id`)
) ENGINE=InnoDB AUTO_INCREMENT=6 DEFAULT CHARSET=latin1;

/*Data for the table `mastery_option_value` */

insert  into `mastery_option_value`(`id`,`name`,`display_index`,`calculation_value`) values (1,'not at all',0,0),(2,'introductory',1,1),(3,'intermediate',2,2),(5,'advanced',3,3);

/*Table structure for table `organization` */

DROP TABLE IF EXISTS `organization`;

CREATE TABLE `organization` (
  `id` int(11) NOT NULL AUTO_INCREMENT,
  `name` varchar(100) NOT NULL,
  `parent_organization_id` int(11) DEFAULT NULL,
  `system_name` varchar(255) DEFAULT NULL,
  `active` varchar(1) NOT NULL DEFAULT 'Y',
  PRIMARY KEY (`id`),
  KEY `PK_organization` (`id`)
) ENGINE=InnoDB AUTO_INCREMENT=182 DEFAULT CHARSET=latin1;

/*Data for the table `organization` */

insert  into `organization`(`id`,`name`,`parent_organization_id`,`system_name`,`active`) values (2,'College of Education',NULL,'College of Education','N'),(9,'Department of Curriculum Studies',2,'Curriculum Studies','N'),(12,'College of Engineering',NULL,'College of Engineering','Y'),(19,'Mechanical Engineering',12,'Mechanical Engineering','Y'),(21,'College of Arts and Science',NULL,'College of Arts and Science','Y'),(24,'Biology',21,'Biology','N'),(25,'Basket Weaving (Demo)',25,'Basket Weaving (Demo)','Y'),(26,'College of Pharmacy and Nutrition',NULL,'College of Pharmacy and Nutrition','N'),(29,'College of Agriculture and Bioresources',NULL,'College of Agriculture and Bioresources','N'),(31,'Geological Sciences',21,'Geological Sciences','N'),(38,'Physics and Engineering Physics',21,'Physics and Engin Physics','N'),(40,'Geography and Planning',21,'Geography and Planning','Y'),(48,'Chemistry',NULL,'Chemistry','N'),(49,'Computer Science',21,'Computer Science','N'),(54,'Engineering (Dean\'s Office)',NULL,'Engineering (Dean\'s Office)','N'),(65,'Arts & Science (Dean\'s Office)',NULL,'Arts and Science Dean\'s Office','N'),(68,'Ed Psych and Special Education',NULL,'Ed Psych and Special Education','N'),(76,'Anatomy & Cell Biology',NULL,'Anatomy and Cell Biology','N'),(90,'Education (Dean\'s Office)',NULL,'Education (Dean\'s Office)','N'),(92,'Educational Administration',NULL,'Educational Administration','N'),(124,'AGBIO (Dean\'s Office)',NULL,'AGBIO (Dean\'s Office)','N'),(159,'Science Division',NULL,'Science Division','N'),(180,'Next Generation Science Standards',NULL,'','Y'),(181,'CCSS-M Teacher Preparation',NULL,'Next Generation Science Standards 2','Y');

/*Table structure for table `organization_admin` */

DROP TABLE IF EXISTS `organization_admin`;

CREATE TABLE `organization_admin` (
  `id` int(11) NOT NULL AUTO_INCREMENT,
  `name` varchar(100) NOT NULL,
  `type` varchar(10) DEFAULT NULL,
  `organization_id` int(11) DEFAULT NULL,
  `type_display` varchar(100) DEFAULT NULL,
  `last_name` varchar(50) DEFAULT NULL,
  `first_name` varchar(50) DEFAULT NULL,
  PRIMARY KEY (`id`),
  KEY `PK_organization_admin` (`id`),
  KEY `fk_link_organization_admin_organization` (`organization_id`),
  CONSTRAINT `fk_link_organization_admin_organization` FOREIGN KEY (`organization_id`) REFERENCES `organization` (`id`)
) ENGINE=InnoDB AUTO_INCREMENT=74 DEFAULT CHARSET=latin1;

/*Data for the table `organization_admin` */

insert  into `organization_admin`(`id`,`name`,`type`,`organization_id`,`type_display`,`last_name`,`first_name`) values (71,'catvisitor','Userid',25,'Persons','Hoessler','Carolyn'),(72,'kredd','Userid',25,'Persons','Redd','Kacy'),(73,'kredd','Userid',180,'Persons','Redd','Kacy');

/*Table structure for table `organization_outcome` */

DROP TABLE IF EXISTS `organization_outcome`;

CREATE TABLE `organization_outcome` (
  `id` int(11) NOT NULL AUTO_INCREMENT,
  `name` varchar(200) NOT NULL,
  `description` varchar(1024) DEFAULT NULL,
  `organization_outcome_group_id` int(11) DEFAULT NULL,
  PRIMARY KEY (`id`),
  KEY `PK_organization_outcome` (`id`),
  KEY `fk_organization_outcome_group` (`organization_outcome_group_id`),
  CONSTRAINT `fk_organization_outcome_group` FOREIGN KEY (`organization_outcome_group_id`) REFERENCES `organization_outcome_group` (`id`)
) ENGINE=InnoDB AUTO_INCREMENT=90 DEFAULT CHARSET=latin1;

/*Data for the table `organization_outcome` */

insert  into `organization_outcome`(`id`,`name`,`description`,`organization_outcome_group_id`) values (49,'Apply critical and creative thinking to problems, including analysis, synthesis, and evaluation.',NULL,1),(50,'Be adept at learning in various ways, including independently, experientially, and in teams.',NULL,1),(51,'Possess intellectual flexibility, ability to manage change, and a zest for life-long learning.',NULL,1),(52,'Have a comprehensive knowledge of their subject area, discipline, or profession.',NULL,2),(53,'Understand how their subject area may intersect with related disciplines.',NULL,2),(54,'Utilize and apply their knowledge with judgement and prudence.',NULL,2),(55,'Exercise intellectual integrity and ethical behaviour.',NULL,3),(56,'Recognize and think through moral and ethical issues in a variety of contexts.',NULL,3),(58,'Communicate clearly, substantively, and persuasively.',NULL,4),(59,'Be able to locate and use information effectively, ethically, and legally.',NULL,4),(60,'Be technologically literate, and able to apply appropriate skills of research and inquiry.',NULL,4),(61,'Value diversity and the positive contributions this brings to society.',NULL,5),(62,'Share their knowledge and exercise leadership.',NULL,5),(63,'Contribute to society, locally, nationally, or globally.',NULL,5),(87,'	A recognition of the ethical application of intellectual property and privacy. ','',24),(88,'Competent, ethical, and effective use of technology. ','',24),(89,'	Meaningful, effective and appropriate communication of knowledge to engage different audiences. ','',24);

/*Table structure for table `organization_outcome_group` */

DROP TABLE IF EXISTS `organization_outcome_group`;

CREATE TABLE `organization_outcome_group` (
  `id` int(11) NOT NULL AUTO_INCREMENT,
  `name` varchar(200) NOT NULL,
  `description` varchar(1024) DEFAULT NULL,
  `organization_specific` varchar(1) NOT NULL,
  `organization_id` int(11) NOT NULL DEFAULT '-1',
  PRIMARY KEY (`id`),
  KEY `PK_organization_outcome_group` (`id`)
) ENGINE=InnoDB AUTO_INCREMENT=25 DEFAULT CHARSET=latin1;

/*Data for the table `organization_outcome_group` */

insert  into `organization_outcome_group`(`id`,`name`,`description`,`organization_specific`,`organization_id`) values (1,'Learning Charter - Discovery Goals',NULL,'N',-1),(2,'Learning Charter - Knowledge Goals',NULL,'N',-1),(3,'Learning Charter - Integrity Goals',NULL,'N',-1),(4,'Learning Charter - Skills Goals',NULL,'N',-1),(5,'Learning Charter - Citizenship Goals',NULL,'N',-1),(6,'01 A Knowledge-Base for Engineering',NULL,'Y',12),(7,'02 Problem Analysis',NULL,'Y',12),(8,'03 Investigation',NULL,'Y',12),(9,'04 Design',NULL,'Y',12),(10,'05 Use of Engineering Tools',NULL,'Y',12),(11,'06 Individual and Team Work',NULL,'Y',12),(12,'07 Communication',NULL,'Y',12),(13,'08 Professionalism',NULL,'Y',12),(14,'09 Impact of Engineering on Society and the Environment',NULL,'Y',12),(15,'10 Ethics and Equity',NULL,'Y',12),(16,'11 Engineering Management',NULL,'Y',12),(17,'12 Life Long Learning',NULL,'Y',12),(19,'A&S Goal 1. Develop a wide range of effective communication skills. Demonstrate:',NULL,'Y',21),(20,'A&S Goal 2. Encourage personal development, growth, and responsibility. Demonstrate:',NULL,'Y',21),(21,'A&S Goal 3. Engage students in inquiry-based learning, critical thinking and creative processes.',NULL,'Y',21),(22,'A&S Goal 4. Prepare thoughtful, world-minded, educated, engaged citizens.',NULL,'Y',21),(23,'A&S Goal 5: Cultivate an understanding of & appreciation for the unique socio-cultural position of',NULL,'Y',21),(24,'A&S Goal 1. Develop a wide range of effective communication skills. Demonstrate:',NULL,'Y',25);

/*Table structure for table `program` */

DROP TABLE IF EXISTS `program`;

CREATE TABLE `program` (
  `id` int(11) NOT NULL AUTO_INCREMENT,
  `name` varchar(100) NOT NULL,
  `description` varchar(1024) DEFAULT NULL,
  `organization_id` int(11) DEFAULT NULL,
  PRIMARY KEY (`id`),
  KEY `PK_program` (`id`),
  KEY `fk_program_organization` (`organization_id`),
  CONSTRAINT `fk_program_organization` FOREIGN KEY (`organization_id`) REFERENCES `organization` (`id`)
) ENGINE=InnoDB AUTO_INCREMENT=59 DEFAULT CHARSET=latin1;

/*Data for the table `program` */

insert  into `program`(`id`,`name`,`description`,`organization_id`) values (24,'B.Sc. 4 year in Basket Weaving','undefined',25),(51,'All degrees in Basket Weaving','undefined',25),(53,'Biology Teacher Preparation','undefined',25),(54,'Physics Teacher Preparation','undefined',180),(55,'Biology Teacher Preparation','undefined',180),(57,'High School Mathematics Teacher Preparation','undefined',181),(58,'Earth/Space Science Teacher Preparation','undefined',180);

/*Table structure for table `program_admin` */

DROP TABLE IF EXISTS `program_admin`;

CREATE TABLE `program_admin` (
  `id` int(11) NOT NULL AUTO_INCREMENT,
  `name` varchar(100) NOT NULL,
  `type` varchar(10) DEFAULT NULL,
  `program_id` int(11) DEFAULT NULL,
  `created_userid` varchar(6) DEFAULT NULL,
  `created_on` timestamp NOT NULL DEFAULT '0000-00-00 00:00:00',
  PRIMARY KEY (`id`),
  KEY `PK_program_admin` (`id`),
  KEY `fk_link_program_admin_program` (`program_id`),
  CONSTRAINT `fk_link_program_admin_program` FOREIGN KEY (`program_id`) REFERENCES `program` (`id`)
) ENGINE=InnoDB DEFAULT CHARSET=latin1;

/*Data for the table `program_admin` */

/*Table structure for table `program_outcome` */

DROP TABLE IF EXISTS `program_outcome`;

CREATE TABLE `program_outcome` (
  `id` int(11) NOT NULL AUTO_INCREMENT,
  `name` varchar(500) DEFAULT NULL,
  `description` varchar(1024) DEFAULT NULL,
  `program_outcome_group_id` int(11) NOT NULL,
  PRIMARY KEY (`id`),
  KEY `PK_program_outcome` (`id`),
  KEY `fk_program_outcome_program_outcome_group` (`program_outcome_group_id`),
  CONSTRAINT `fk_program_outcome_program_outcome_group` FOREIGN KEY (`program_outcome_group_id`) REFERENCES `program_outcome_group` (`id`)
) ENGINE=InnoDB AUTO_INCREMENT=1140 DEFAULT CHARSET=latin1;

/*Data for the table `program_outcome` */

insert  into `program_outcome`(`id`,`name`,`description`,`program_outcome_group_id`) values (510,'Demonstrate a comprehensive knowledge of Basket W.and specific knowledge in selected sub disciplines','',144),(511,'Understand how basket weaving intersects with related fields, disciplines, and subject areas','',144),(512,'Apply critical and creative thinking to problems encountered in basket weaving, including analysis, ','Apply critical and creative thinking to problems encountered in basket weaving, including analysis, synthesis and evaluation',144),(513,'Communicate clearly, substantively, and persuasively in a manner consistent with  basket weaving','Communicate clearly, substantively, and persuasively in a manner consistent with basket weaving audiences and professions',144),(514,'Exercise appropriate skills of research and inquiry relevant in basket weaving, including the abilit','Exercise appropriate skills of research and inquiry relevant in basket weaving, including the ability to locate and use information effectively, ethically and legally',144),(515,'Use the technology, tools, and media typical in Basket Weaving','',144),(516,'Engage in Basket Weaving communities and contribute to society, locally, nationally or globally','',144),(517,'Value diversity and understand the positive contributions this brings to Basket Weaving and to society','Value diversity and understand the positive contributions this brings to Basket Weaving and to society',144),(518,'Behave in an intellectual, ethical, and professional manner consistent with the expectations of Basket weaving','Behave in an intellectual, ethical, and professional manner consistent with the expectations of Basket Weaving and society',144),(571,'New Outcome added to the new Outcome Group.  Also created on Sept 28th','',174),(611,'Apply knowledge of patterns to select and create appropriate designs','',185),(613,'Design intricate patterns reflecting nature','',186),(615,'Demonstrate meaningful, effective and appropriate communication of knowledge to engage different audiences.','',188),(616,'	Competent, ethical, and effective use of technology. ','',188),(617,'Meaningful, effective and appropriate communication of knowledge to engage different audiences. ','',188),(618,'	A commitment to life-long learning.','',189),(619,'	Developing leadership skills. ','',189),(620,'	Indicators of purposeful and satisfying lives. ','',189),(621,'	Realistic self-appraisal, self-understanding, and self-respect. ','',189),(622,'	The ability to work collaboratively with others. ','',189),(623,'Demonstrate the ability to integrate knowledge, ideas and experiences from a range of disciplines; identify, examine and use different ways of knowing, thinking and doing; and apply knowledge critically and creatively.','',190),(624,'Demonstrate critical and reflective thinking.','',190),(625,'Understand the processes and paradigms of scientific reasoning, knowledge production and the evaluation of evidence.','',190),(626,'Identify important problems, questions and issues.','',190),(627,'Analyze, interpret and judge the relevance and quality of information.','',190),(628,'Use and integrate multiple sources of information to solve problems or form a decision or opinion.','',190),(629,'Make meaning(s) from scientific methods and other interpretations of knowledge, texts, images, instruction and experience.','',190),(630,'Actively improve intercultural communication.','',191),(631,'Recognize social systems and their influence, systematic barriers to equality and inclusiveness, advocate and justify means for dismantling them. ','',191),(632,'Identify, analyze and challenge unfair, unjust or uncivil behaviour in our interconnected, global society.','',191),(633,'Understand and appreciate key concepts and theories in science and technology, major scientific and technological issues at the local, national and international level, the natural world, and social, cultural, political and economic contexts for the production and reception of scientific knowledge.','',191),(634,'Explore the interconnectedness between the natural, technological and social worlds. ','',191),(635,'Recognize the relationship among the scientific enterprise and cultural and artistic knowledge production.','',191),(636,'Recognize that there are multiple Aboriginal perspectives on the world.','',192),(637,'Understand that there have been and continue to be, historically, systematic barriers to equality for Aboriginal peoples.','',192),(639,'identify materials and necessary preservation steps','',193),(668,'Identify venture opportunities for basket production','',144),(671,'Apply basket weaving techniques to create baskets','',205),(672,'Systems of specialized cells within organisms help them perform the essential functions of life.','',208),(673,'Identify all weaving techniques.','',205),(674,'All cells contain genetic information in the form of DNA molecules. Genes are regions in the DNA that contain the instructions that code for the information of proteins, which carry out most of the work of the cells.','',209),(675,'All cells contain genetic information in the form of DNA molecules. Genes are regions in the DNA that contain the instructions that code for the information of proteins, which carry out most of the work of the cells.','',208),(676,'The process of photosynthesis converts light energy to stored chemical energy by converting carbon dioxide plus water into sugars plus released oxygen.','',210),(687,'Different manifestations of energy can be modeled as a combination of energy associated with the motion of particles and energy associated with the configuration (relative position of the particles). In some cases the relative position energy can be thought of as stored in fields (which mediate interactions between particles). This last concept includes radiation, a phenomenon in which energy stored in fields moves across space. (HS-PS3-2)','',215),(688,'The structure and interactions of matter at the bulk scale are determined by electrical forces within and between atoms. (secondary to HS-PS2-6)','',212),(692,'Newton\'s second law accurately predicts changes in the motion of macroscopic objects. (HS-PS2-1)','',213),(695,'Momentum is defined for a particular frame of reference; it is the mass times the velocity of the object. (HS-PS2-2)','',213),(696,'If a system interacts with objects outside itself, the total momentum of the system can change; however, any such change is balanced by changes in the momentum of objects outside the system. (HS-PS2-2),(HS-PS2-3)','',213),(697,'Attraction and repulsion between electric charges at the atomic scale explain the structure, properties, and transformations of matter, as well as the contact forces between material objects. (HS-PS2-6),(secondary to HS-PS1-1),(secondary to HS-PS1-3)','',214),(698,'Newton\'s law of universal gravitation and Coulomb\'s law provide the mathematical models to describe and predict the effects of gravitational and electrostatic forces between distant objects. (HS-PS2-4)','',214),(699,'Forces at a distance are explained by fields (gravitational, electric, and magnetic) permeating space that can transfer energy through space. Magnets or electric currents cause magnetic fields; electric charges or changing magnetic fields cause electric fields. (HS-PS2-4),(HS-PS2-5)','',214),(700,'The strong and weak nuclear interactions are important inside atomic nuclei-for example, they determine the patterns of which nuclear isotopes are stable and what kind of decays occur for unstable ones.','',214),(701,'Energy is a quantitative property of a system that depends on the motion and interactions of matter and radiation within that system. That there is a single quantity called energy is due to the fact that a system\'s total energy is conserved, even as, within the system, energy is continually transferred from one object to another and between its various possible forms. (HS-PS3-1),(HS-PS3-2)','',215),(702,'At the macroscopic scale, energy manifests itself in multiple ways, such as in motion, sound, light, and thermal energy. (HS-PS3-2) (HS-PS3-3)','',215),(703,'\"Mechanical energy\" generally refers to some combination of motion and stored energy in an operating machine. \"Chemical energy\" generally is used to mean the energy that can be released or stored in chemical processes, and \"electrical energy\" may mean energy stored in a battery or energy transmitted by electric currents.','',215),(705,'Asking questions and defining problems ','',217),(706,'Ask questions that arise from careful observation of phenomena, or unexpected results, to clarify and/or seek additional information.','',217),(707,'Ask questions that arise from examining models or a theory, to clarify and/or seek additional information and relationships.','',217),(708,'Ask questions to determine relationships, including quantitative relationships, between \nindependent and dependent variables.','',217),(710,'Ask questions to clarify and refine a model, an explanation, or an engineering problem.','',217),(711,'Evaluate a question to determine if it is testable and relevant.','',217),(712,'Ask questions that can be investigated within the scope of the school laboratory, research facilities, or field (e.g., outdoor environment) with available resources and, when appropriate, frame a hypothesis based on a model or theory.','',217),(713,'Ask and /or evaluate questions that challenge the premise(s) of an argument, the interpretation of a data set, or the suitability of a design.','',217),(714,'Define a design problem that involves the development of a process or system with interacting components and criteria and constraints that may include social, technical, and/or environmental considerations.','',217),(715,'Evaluate merits and limitations of two different models of the same proposed tool, process, mechanism or system in order to select or revise a model that best fits the evidence or design criteria. Design a test of a model to ascertain its reliability.','',218),(716,'Develop, revise, and/or use a model based on evidence to illustrate and/or predict the relationships between systems or between components of a system.','',218),(717,'Develop and/or use multiple types of models to provide mechanistic accounts and /or predict phenomena, and move flexibly between model types based on merits and limitations.','',218),(718,'Develop a complex model that allows for manipulation and testing of a proposed process or system.','',218),(719,'Develop and/or use a model (including mathematical and computational) to generate data to support explanations, predict phenomena, analyze systems, and/or solve problems.','',218),(726,'Analyze data using tools, technologies, and/or models (e.g., computational, mathematical) in order to make valid and reliable scientific claims or determine an optimal design solution.','',220),(727,'Apply concepts of statistics and probability (including determining function fits to data, slope, intercept, and correlation coefficient for linear fits) to scientific and engineering questions and problems, using digital tools when feasible.','',220),(728,'Consider limitations of data analysis (e.g., measurement error, sample selection) when analyzing and interpreting data.','',220),(729,'Compare and contrast various types of data sets (e.g., self - generated, archival) to examine consistency of measurements and observations.','',220),(730,'Evaluate the impact of new data on a working explanation and/or model of a proposed process or system. Analyze data to identify design features or characteristics of the components of a proposed process or system to optimize it relative to criteria for success.','',220),(732,'Create and/or revise a computational model or simulation of a phenomenon, designed device, process, or system.','',221),(733,'Use mathematical, computational, and/ or algorithmic representations of phenomena or design solutions to describe and/or support claims and/or explanations.','',221),(734,'Apply techniques of algebra and functions to represent and solve scientific and engineering problems.','',221),(735,'Use simple limit cases to test mathematical expressions, computer programs, algorithms, or simulations of a process or system to see if a model \"makes sense\" by comparing the outcomes with what is known about the real world.','',221),(736,'Apply ratios, rates, percentages, and unit conversions in the context of complicated measurement problems involving quantities with derived or compound units (such as mg/mL, kg/m 3, acre - feet, etc.).','',221),(737,'Make a quantitative and/or qualitative claim regarding the relationship between dependent and independent variables.','',222),(738,'Construct and revise an explanation based on valid and reliable evidence obtained from a variety of sources (including students\' own investigations, models, theories, simulations, peer review) and the assumption that theories and laws that describe the natural world operate today as they did in the past and will continue to do so in the future.','',222),(739,'Apply scientific ideas, principles, and/or evidence to provide an explanation of phenomena and solve design problems, taking into account possible unanticipated effects.','',222),(740,'Apply scientific reasoning, theory, and/or models to link evidence to the claims to assess the extent to which the reasoning and data support the explanation or conclusion.','',222),(741,'Design, evaluate, and/or refine a solution to a complex real - world problem, based on scientific knowledge, student - generated sources of evidence, prioritized criteria, and tradeoff considerations.','',222),(742,'Compare and evaluate competing arguments or design solutions in light of currently accepted explanations, new evidence, limitations (e.g., trade - offs), constraints, and ethical issues.','',223),(743,'Evaluate the claims, evidence, and/or reasoning behind currently accepted explanations or solutions to determine the merits of arguments.','',223),(744,'Respectfully provide and/or receive critiques on scientific arguments by probing reasoning and evidence , challenging ideas and conclusions, responding thoughtfully to diverse perspectives, and determining additional information required to resolve contradictions.','',223),(745,'Construct, use, and/or present an oral and written argument or counter - arguments based on data and evidence.','',223),(746,'Make and defend a claim based on evidence about the natural world or the effectiveness of a design solution that reflects scientific knowledge and student - generated evidence.','',223),(747,'Evaluate competing design solutions to a real - world problem based on scientific ideas and principles, empirical evidence, and/or logical arguments regarding relevant factors (e.g. economic, societal, environmental, ethical considerations).','',223),(748,'Critically read scientific literature adapted for classroom use to determine the central ideas or conclusions and/or to obtain scientific and/or technical information to summarize complex evidence, concepts, processes, or information presented in a text by paraphrasing them in simpler but still accurate terms.','',224),(749,'Compare, integrate and evaluate sources of information presented in different media or formats (e.g., visually, quantitatively) as well as in words in order to address a scientific question or solve a problem.','',224),(750,'Gather, read, and evaluate scientific and/or technical information from multiple authoritative sources, assessing the evidence and usefulness of each source.','',224),(751,'Evaluate the validity and reliability of and/or synthesize multiple claims, methods, and/or designs that appear in scientific and technical texts or media reports, verifying the data when possible.','',224),(752,'Communicate scientific and/or technical information or ideas (e.g. about phenomena and/or the process of development and the design and performance of a proposed process or system) in multiple formats (i.e., orally, graphically, textually, mathematically).','',224),(753,'Conservation of energy means that the total change of energy in any system is always equal to the total energy transferred into or out of the system. (HS-PS3-1)','',225),(754,'Energy cannot be created or destroyed, but it can be transported from one place to another and transferred between systems. (HS-PS3-1),(HS-PS3-4)','',225),(755,'Mathematical expressions, which quantify how the stored energy in a system depends on its configuration (e.g. relative positions of charged particles, compression of a spring) and how kinetic energy depends on mass and speed, allow the concept of conservation of energy to be used to predict and describe system behavior. (HS-PS3-1)','',225),(756,'The availability of energy limits what can occur in any system. (HS-PS3-1)','',225),(757,'Uncontrolled systems always evolve toward more stable states-that is, toward more uniform energy distribution (e.g., water flows downhill, objects hotter than their surrounding environment cool down). (HS-PS3-4)','',225),(758,'Any object or system that can degrade with no added energy is unstable. Eventually it will do so, but if the energy releases throughout the transition are small, the process duration can be very long (e.g., long-lived radioactive isotopes).','',225),(759,'When two objects interacting through a field change relative position, the energy stored in the field is changed. (HS-PS3-5). Each force between the two interacting objects acts in the direction such that motion in that direction would reduce the energy in the force field between the objects. However, prior motion and other forces also affect the actual direction of motion.','',226),(760,'Force fields (gravitational, electric, and magnetic) contain energy and can transmit energy across space from one object to another.','',226),(761,'The wavelength and frequency of a wave are related to one another by the speed of travel of the wave, which depends on the type of wave and the medium through which it is passing. (HS-PS4-1)','',227),(762,'Information can be digitized (e.g., a picture stored as the values of an array of pixels); in this form, it can be stored reliably in computer memory and sent over long distances as a series of wave pulses. (HS-PS4-2),(HS-PS4-5)','',227),(763,'Waves can add or cancel one another as they cross, depending on their relative phase (i.e., relative position of peaks and troughs of the waves), but they emerge unaffected by each other. (HS-PS4-3)','',227),(764,'Electromagnetic radiation (e.g., radio, microwaves, light) can be modeled as a wave of changing electric and magnetic fields or as particles called photons. The wave model is useful for explaining many features of electromagnetic radiation, and the particle model explains other features. (HS-PS4-3)','',228),(765,'When light or longer wavelength electromagnetic radiation is absorbed in matter, it is generally converted into thermal energy (heat). Shorter wavelength electromagnetic radiation (ultraviolet, X-rays, gamma rays) can ionize atoms and cause damage to living cells. (HS-PS4-4)','',228),(766,'Photoelectric materials emit electrons when they absorb light of a high-enough frequency. (HS-PS4-5)','',228),(767,'Atoms of each element emit and absorb characteristic frequencies of light. These characteristics allow identification of the presence of an element, even in microscopic quantities. (secondary to HS-ESS1-2)','',228),(768,'All electromagnetic radiation travels through a vacuum at the same speed, called the speed of light. Its speed in any other given medium depends on its wavelength and the properties of that medium.','',228),(769,'Different patterns may be observed at each of the scales at which a system is studied and can provide evidence for causality in explanations of phenomena.','',229),(770,'Empirical evidence is needed to identify patterns.','',229),(771,'Empirical evidence is needed to identify patterns.','',229),(772,'Empirical evidence is required to differentiate between cause and correlation and make claims about specific causes and effects.','',230),(773,'Cause and effect relationships can be suggested and predicted for complex natural and human designed systems by examining what is known about smaller scale mechanisms within the system.','',230),(774,'The significance of a phenomenon is dependent on the scale, proportion, and quantity at which it occurs.','',231),(775,'Using the concept of orders of magnitude allows one to understand how a model at one scale relates to a model at another scale.','',231),(776,'Algebraic thinking is used to examine scientific data and predict the effect of a change in one variable on another (e.g., linear growth vs. exponential growth).','',231),(777,'Models (e.g., physical, mathematical, computer models) can be used to simulate systems and interactions-including energy, matter, and information flows-within and between systems at different scales.','',232),(778,'When investigating or describing a system, the boundaries and initial conditions of the system need to be defined and their inputs and outputs analyzed and described using models.','',232),(779,'Models can be used to predict the behavior of a system, but these predictions have limited precision and reliability due to the assumptions and approximations inherent in models. ','',232),(780,'The total amount of energy and matter in closed systems is conserved.','',233),(781,'Changes of energy and matter in a system can be described in terms of energy and matter flows into, out of, and within that system.','',233),(782,'Energy cannot be created or destroyed-only moves between one place and another place, between objects and/or fields, or between systems.','',233),(783,'Energy drives the cycling of matter within and between systems. ','',233),(784,'In nuclear processes, atoms are not conserved, but the total number of protons plus neutrons is conserved. ','',233),(785,'Investigating or designing new systems or structures requires a detailed examination of the properties of different materials, the structures of different components, and connections of components to reveal its function and/or solve a problem.','',234),(786,'The functions and properties of natural and designed objects and systems can be inferred from their overall structure, the way their components are shaped and used, and the molecular substructures of its various materials. ','',234),(787,'Much of science deals with constructing explanations of how things change and how they remain stable.','',235),(788,'Systems can be designed for greater or lesser stability.','',235),(789,'Feedback (negative or positive) can stabilize or destabilize a system.','',235),(790,'Change and rates of change can be quantified and modeled over very short or very long periods of time. Some system changes are irreversible.','',235),(791,'Ask questions that arise from careful observation of phenomena, or unexpected results, to clarify and/or seek additional information.','',236),(792,'Ask questions that arise from examining models or a theory, to clarify and/or seek additional information and relationships.','',236),(793,'Ask questions to determine relationships, including quantitative relationships, between independent and dependent variables.','',236),(794,'Ask questions to clarify and refine a model, an explanation, or an engineering problem. ','',236),(795,'Evaluate a question to determine if it is testable and relevant.','',236),(796,'Ask questions that can be investigated within the scope of the school laboratory, research facilities, or field (e.g., outdoor environment) with available resources and, when appropriate, frame a hypothesis based on a model or theory.','',236),(797,'Ask and /or evaluate questions that challenge the premise(s) of an argument, the interpretation of a data set, or the suitability of a design.','',236),(798,'Define a design problem that involves the development of a process or system with interacting components and criteria and constraints that may include social, technical, and/or environmental considerations.','',236),(799,'Evaluate merits and limitations of two different models of the same proposed tool, process, mechanism or system in order to select or revise a model that best fits the evidence or design criteria. Design a test of a model to ascertain its reliability.','',237),(800,'Develop, revise, and/or use a model based on evidence to illustrate and/or predict the relationships between systems or between components of a system.','',237),(801,'Develop and/or use multiple types of models to provide mechanistic accounts and /or predict phenomena, and move flexibly between model types based on merits and limitations.','',237),(802,'Develop a complex model that allows for manipulation and testing of a proposed process or system.','',237),(803,'Develop and/or use a model (including mathematical and computational) to generate data to support explanations, predict phenomena, analyze systems, and/or solve problems.','',237),(804,'Plan an investigation or test a design individually and collaboratively to produce data to serve as the basis for evidence as part of building and revising models, supporting explanations for phenomena, or testing solutions to problems. Consider possible confounding variables or effects and evaluate the investigation\'s design to ensure variables are controlled.','',238),(805,'Plan and conduct an investigation individually and collaboratively to produce data to serve as the basis for evidence, and in the design: decide on types, how much, and accuracy of data needed to produce reliable measurements and consider limitations on the precision of the data (e.g., number of trials, cost, risk, time), and refine the design accordingly.','',238),(806,'Plan and conduct an investigation or test a design solution in a safe and ethical manner including considerations of environmental, social, and personal impacts.','',238),(807,'Select appropriate tools to collect, record, analyze, and evaluate data. ','',238),(808,'Make directional hypotheses that specify what happens to a dependent variable when an independent variable is manipulated.','',238),(809,'Manipulate variables and collect data about a complex model of a proposed process or system to identify failure points or improve performance relative to criteria for success or other variables.','',238),(810,'Plan an investigation or test a design individually and collaboratively to produce data to serve as the basis for evidence as part of building and revising models, supporting explanations for phenomena, or testing solutions to problems. Consider possible confounding variables or effects and evaluate the investigation\'s design to ensure variables are controlled.','',239),(811,'Plan and conduct an investigation individually and collaboratively to produce data to serve as the basis for evidence, and in the design: decide on types, how much, and accuracy of data needed to produce reliable measurements and consider limitations on the precision of the data (e.g., number of trials, cost, risk, time), and refine the design accordingly.','',239),(812,'Plan and conduct an investigation or test a design solution in a safe and ethical manner including considerations of environmental, social, and personal impacts.','',239),(813,'Select appropriate tools to collect, record, analyze, and evaluate data. ','',239),(814,'Make directional hypotheses that specify what happens to a dependent variable when an independent variable is manipulated.','',239),(815,'Manipulate variables and collect data about a complex model of a proposed process or system to identify failure points or improve performance relative to criteria for success or other variables. ','',239),(816,'Analyze data using tools, technologies, and/or models (e.g., computational, mathematical) in order to make valid and reliable scientific claims or determine an optimal design solution.','',240),(817,'Apply concepts of statistics and probability (including determining function fits to data, slope, intercept, and correlation coefficient for linear fits) to scientific and engineering questions and problems, using digital tools when feasible.','',240),(818,'Consider limitations of data analysis (e.g., measurement error, sample selection) when analyzing and interpreting data.','',240),(819,'Compare and contrast various types of data sets (e.g., self - generated, archival) to examine consistency of measurements and observations.','',240),(820,'Evaluate the impact of new data on a working explanation and/or model of a proposed process or system. Analyze data to identify design features or characteristics of the components of a proposed process or system to optimize it relative to criteria for success.','',240),(821,'Create and/or revise a computational model or simulation of a phenomenon, designed device, process, or system.','',241),(822,'Use mathematical, computational, and/ or algorithmic representations of phenomena or design solutions to describe and/or support claims and/or explanations.','',241),(823,'Apply techniques of algebra and functions to represent and solve scientific and engineering problems.','',241),(824,'Use simple limit cases to test mathematical expressions, computer programs, algorithms, or simulations of a process or system to see if a model \"makes sense\" by comparing the outcomes with what is known about the real world.','',241),(825,'Apply ratios, rates, percentages, and unit conversions in the context of complicated measurement problems involving quantities with derived or compound units (such as mg/mL, kg/m 3, acre - feet, etc.).','',241),(826,'Make a quantitative and/or qualitative claim regarding the relationship between dependent and independent variables.','',242),(827,'Construct and revise an explanation based on valid and reliable evidence obtained from a variety of sources (including students\' own investigations, models, theories, simulations, peer review) and the assumption that theories and laws that describe the natural world operate today as they did in the past and will continue to do so in the future.','',242),(828,'Apply scientific ideas, principles, and/or evidence to provide an explanation of phenomena and solve design problems, taking into account possible unanticipated effects.','',242),(829,'Apply scientific reasoning, theory, and/or models to link evidence to the claims to assess the extent to which the reasoning and data support the explanation or conclusion.','',242),(830,'Design, evaluate, and/or refine a solution to a complex real - world problem, based on scientific knowledge, student - generated sources of evidence, prioritized criteria, and tradeoff considerations.','',242),(831,'Compare and evaluate competing arguments or design solutions in light of currently accepted explanations, new evidence, limitations (e.g., trade - offs), constraints, and ethical issues.','',243),(832,'Respectfully provide and/or receive critiques on scientific arguments by probing reasoning and evidence , challenging ideas and conclusions, responding thoughtfully to diverse perspectives, and determining additional information required to resolve contradictions.','',243),(833,'Evaluate the claims, evidence, and/or reasoning behind currently accepted explanations or solutions to determine the merits of arguments.','',243),(834,'Construct, use, and/or present an oral and written argument or counter - arguments based on data and evidence.','',243),(835,'Make and defend a claim based on evidence about the natural world or the effectiveness of a design solution that reflects scientific knowledge and student - generated evidence.','',243),(836,'Evaluate competing design solutions to a real - world problem based on scientific ideas and principles, empirical evidence, and/or logical arguments regarding relevant factors (e.g. economic, societal, environmental, ethical considerations).','',243),(837,'Critically read scientific literature adapted for classroom use to determine the central ideas or conclusions and/or to obtain scientific and/or technical information to summarize complex evidence, concepts, processes, or information presented in a text by paraphrasing them in simpler but still accurate terms.','',244),(838,'Compare, integrate and evaluate sources of information presented in different media or formats (e.g., visually, quantitatively) as well as in words in order to address a scientific question or solve a problem.','',244),(839,'Gather, read, and evaluate scientific and/or technical information from multiple authoritative sources, assessing the evidence and usefulness of each source.','',244),(840,'Evaluate the validity and reliability of and/or synthesize multiple claims, methods, and/or designs that appear in scientific and technical texts or media reports, verifying the data when possible.','',244),(841,'Communicate scientific and/or technical information or ideas (e.g. about phenomena and/or the process of development and the design and performance of a proposed process or system) in multiple formats (i.e., orally, graphically, textually, mathematically).','',244),(842,'Ask questions that arise from careful observation of phenomena, or unexpected results, to clarify and/or seek additional information.','',245),(843,'Ask questions that arise from examining models or a theory, to clarify and/or seek additional information and relationships.','',245),(844,'Ask questions to determine relationships, including quantitative relationships, between independent and dependent variables.','',245),(845,'Ask questions to clarify and refine a model, an explanation, or an engineering problem.','',245),(846,'Evaluate a question to determine if it is testable and relevant.','',245),(847,'Ask questions that can be investigated within the scope of the school laboratory, research facilities, or field (e.g., outdoor environment) with available resources and, when appropriate, frame a hypothesis based on a model or theory.','',245),(848,'Ask and /or evaluate questions that challenge the premise(s) of an argument, the interpretation of a data set, or the suitability of a design.','',245),(849,'Define a design problem that involves the development of a process or system with interacting components and criteria and constraints that may include social, technical, and/or environmental considerations.','',245),(850,'Ask questions that arise from careful observation of phenomena, or unexpected results, to clarify and/or seek additional information.','',246),(851,'Ask questions that arise from examining models or a theory, to clarify and/or seek additional information and relationships.','',246),(852,'Ask questions to determine relationships, including quantitative relationships, between independent and dependent variables.','',246),(853,'Ask questions to clarify and refine a model, an explanation, or an engineering problem.','',246),(854,'Evaluate a question to determine if it is testable and relevant.','',246),(855,'Ask questions that can be investigated within the scope of the school laboratory, research facilities, or field (e.g., outdoor environment) with available resources and, when appropriate, frame a hypothesis based on a model or theory.','',246),(856,'Ask and /or evaluate questions that challenge the premise(s) of an argument, the interpretation of a data set, or the suitability of a design.','',246),(857,'Define a design problem that involves the development of a process or system with interacting components and criteria and constraints that may include social, technical, and/or environmental considerations.','',246),(858,'Define a design problem that involves the development of a process or system with interacting components and criteria and constraints that may include social, technical, and/or environmental considerations.','',246),(859,'Evaluate merits and limitations of two different models of the same proposed tool, process, mechanism or system in order to select or revise a model that best fits the evidence or design criteria. Design a test of a model to ascertain its reliability.','',247),(860,'Develop, revise, and/or use a model based on evidence to illustrate and/or predict the relationships between systems or between components of a system.','',247),(861,'Develop and/or use multiple types of models to provide mechanistic accounts and /or predict phenomena, and move flexibly between model types based on merits and limitations.','',247),(862,'Develop a complex model that allows for manipulation and testing of a proposed process or system.','',247),(863,'Develop and/or use a model (including mathematical and computational) to generate data to support explanations, predict phenomena, analyze systems, and/or solve problems.','',247),(864,'Evaluate merits and limitations of two different models of the same proposed tool, process, mechanism or system in order to select or revise a model that best fits the evidence or design criteria. Design a test of a model to ascertain its reliability.','',248),(865,'Develop, revise, and/or use a model based on evidence to illustrate and/or predict the relationships between systems or between components of a system.','',248),(866,'Develop and/or use multiple types of models to provide mechanistic accounts and /or predict phenomena, and move flexibly between model types based on merits and limitations.','',248),(867,'Develop and/or use multiple types of models to provide mechanistic accounts and /or predict phenomena, and move flexibly between model types based on merits and limitations.','',248),(868,'Develop a complex model that allows for manipulation and testing of a proposed process or system.','',248),(869,'Develop and/or use a model (including mathematical and computational) to generate data to support explanations, predict phenomena, analyze systems, and/or solve problems.','',248),(870,'Plan an investigation or test a design individually and collaboratively to produce data to serve as the basis for evidence as part of building and revising models, supporting explanations for phenomena, or testing solutions to problems. Consider possible confounding variables or effects and evaluate the investigation\'s design to ensure variables are controlled.','',249),(871,'Plan and conduct an investigation individually and collaboratively to produce data to serve as the basis for evidence, and in the design: decide on types, how much, and accuracy of data needed to produce reliable measurements and consider limitations on the precision of the data (e.g., number of trials, cost, risk, time), and refine the design accordingly','',249),(872,'Plan and conduct an investigation or test a design solution in a safe and ethical manner including considerations of environmental, social, and personal impacts.','',249),(873,'Select appropriate tools to collect, record, analyze, and evaluate data. ','',249),(874,'Make directional hypotheses that specify what happens to a dependent variable when an independent variable is manipulated.','',249),(875,'Manipulate variables and collect data about a complex model of a proposed process or system to identify failure points or improve performance relative to criteria for success or other variables.','',249),(876,'Plan an investigation or test a design individually and collaboratively to produce data to serve as the basis for evidence as part of building and revising models, supporting explanations for phenomena, or testing solutions to problems. Consider possible confounding variables or effects and evaluate the investigation\'s design to ensure variables are controlled.','',250),(877,'Plan and conduct an investigation individually and collaboratively to produce data to serve as the basis for evidence, and in the design: decide on types, how much, and accuracy of data needed to produce reliable measurements and consider limitations on the precision of the data (e.g., number of trials, cost, risk, time), and refine the design accordingly.','',250),(878,'Plan and conduct an investigation or test a design solution in a safe and ethical manner including considerations of environmental, social, and personal impacts.','',250),(879,'Select appropriate tools to collect, record, analyze, and evaluate data.','',250),(880,'Make directional hypotheses that specify what happens to a dependent variable when an independent variable is manipulated.','',250),(881,'Manipulate variables and collect data about a complex model of a proposed process or system to identify failure points or improve performance relative to criteria for success or other variables.','',250),(882,'Analyze data using tools, technologies, and/or models (e.g., computational, mathematical) in order to make valid and reliable scientific claims or determine an optimal design solution.','',251),(883,'Apply concepts of statistics and probability (including determining function fits to data, slope, intercept, and correlation coefficient for linear fits) to scientific and engineering questions and problems, using digital tools when feasible.','',251),(884,'Consider limitations of data analysis (e.g., measurement error, sample selection) when analyzing and interpreting data.','',251),(885,'Compare and contrast various types of data sets (e.g., self - generated, archival) to examine consistency of measurements and observations.','',251),(886,'Evaluate the impact of new data on a working explanation and/or model of a proposed process or system. Analyze data to identify design features or characteristics of the components of a proposed process or system to optimize it relative to criteria for success.','',251),(887,'Analyze data using tools, technologies, and/or models (e.g., computational, mathematical) in order to make valid and reliable scientific claims or determine an optimal design solution.','',252),(888,'Apply concepts of statistics and probability (including determining function fits to data, slope, intercept, and correlation coefficient for linear fits) to scientific and engineering questions and problems, using digital tools when feasible.','',252),(889,'Consider limitations of data analysis (e.g., measurement error, sample selection) when analyzing and interpreting data.','',252),(890,'Compare and contrast various types of data sets (e.g., self - generated, archival) to examine consistency of measurements and observations.','',252),(891,'Evaluate the impact of new data on a working explanation and/or model of a proposed process or system. Analyze data to identify design features or characteristics of the components of a proposed process or system to optimize it relative to criteria for success.','',252),(892,'Create and/or revise a computational model or simulation of a phenomenon, designed device, process, or system.','',253),(893,'Use mathematical, computational, and/ or algorithmic representations of phenomena or design solutions to describe and/or support claims and/or explanations.','',253),(894,'Apply techniques of algebra and functions to represent and solve scientific and engineering problems.','',253),(895,'Use simple limit cases to test mathematical expressions, computer programs, algorithms, or simulations of a process or system to see if a model \"makes sense\" by comparing the outcomes with what is known about the real world.','',253),(896,'Apply ratios, rates, percentages, and unit conversions in the context of complicated measurement problems involving quantities with derived or compound units (such as mg/mL, kg/m 3, acre - feet, etc.).','',253),(897,'Create and/or revise a computational model or simulation of a phenomenon, designed device, process, or system.','',254),(898,'Use mathematical, computational, and/ or algorithmic representations of phenomena or design solutions to describe and/or support claims and/or explanations.','',254),(899,'Apply techniques of algebra and functions to represent and solve scientific and engineering problems.','',254),(900,'Use simple limit cases to test mathematical expressions, computer programs, algorithms, or simulations of a process or system to see if a model \"makes sense\" by comparing the outcomes with what is known about the real world.','',254),(901,'Apply ratios, rates, percentages, and unit conversions in the context of complicated measurement problems involving quantities with derived or compound units (such as mg/mL, kg/m 3, acre - feet, etc.).','',254),(902,'Make a quantitative and/or qualitative claim regarding the relationship between dependent and independent variables.','',255),(903,'Construct and revise an explanation based on valid and reliable evidence obtained from a variety of sources (including students\' own investigations, models, theories, simulations, peer review) and the assumption that theories and laws that describe the natural world operate today as they did in the past and will continue to do so in the future.','',255),(904,'Apply scientific ideas, principles, and/or evidence to provide an explanation of phenomena and solve design problems, taking into account possible unanticipated effects.','',255),(905,'Apply scientific reasoning, theory, and/or models to link evidence to the claims to assess the extent to which the reasoning and data support the explanation or conclusion.','',255),(906,'Design, evaluate, and/or refine a solution to a complex real - world problem, based on scientific knowledge, student - generated sources of evidence, prioritized criteria, and tradeoff considerations.','',255),(907,'Make a quantitative and/or qualitative claim regarding the relationship between dependent and independent variables.','',256),(908,'Construct and revise an explanation based on valid and reliable evidence obtained from a variety of sources (including students\' own investigations, models, theories, simulations, peer review) and the assumption that theories and laws that describe the natural world operate today as they did in the past and will continue to do so in the future.','',256),(909,'Apply scientific ideas, principles, and/or evidence to provide an explanation of phenomena and solve design problems, taking into account possible unanticipated effects.','',256),(910,'Apply scientific reasoning, theory, and/or models to link evidence to the claims to assess the extent to which the reasoning and data support the explanation or conclusion.','',256),(911,'Design, evaluate, and/or refine a solution to a complex real - world problem, based on scientific knowledge, student - generated sources of evidence, prioritized criteria, and tradeoff considerations.','',256),(912,'Compare and evaluate competing arguments or design solutions in light of currently accepted explanations, new evidence, limitations (e.g., trade - offs), constraints, and ethical issues.','',257),(913,'Evaluate the claims, evidence, and/or reasoning behind currently accepted explanations or solutions to determine the merits of arguments.','',257),(914,'Respectfully provide and/or receive critiques on scientific arguments by probing reasoning and evidence , challenging ideas and conclusions, responding thoughtfully to diverse perspectives, and determining additional information required to resolve contradictions.','',257),(915,'Construct, use, and/or present an oral and written argument or counter - arguments based on data and evidence.','',257),(916,'Make and defend a claim based on evidence about the natural world or the effectiveness of a design solution that reflects scientific knowledge and student - generated evidence.','',257),(917,'Evaluate competing design solutions to a real - world problem based on scientific ideas and principles, empirical evidence, and/or logical arguments regarding relevant factors (e.g. economic, societal, environmental, ethical considerations).','',257),(918,'Compare and evaluate competing arguments or design solutions in light of currently accepted explanations, new evidence, limitations (e.g., trade - offs), constraints, and ethical issues.','',258),(919,'Evaluate the claims, evidence, and/or reasoning behind currently accepted explanations or solutions to determine the merits of arguments.','',258),(920,'Respectfully provide and/or receive critiques on scientific arguments by probing reasoning and evidence , challenging ideas and conclusions, responding thoughtfully to diverse perspectives, and determining additional information required to resolve contradictions.','',258),(921,'Construct, use, and/or present an oral and written argument or counter - arguments based on data and evidence.','',258),(922,'Make and defend a claim based on evidence about the natural world or the effectiveness of a design solution that reflects scientific knowledge and student - generated evidence.','',258),(923,'Evaluate competing design solutions to a real - world problem based on scientific ideas and principles, empirical evidence, and/or logical arguments regarding relevant factors (e.g. economic, societal, environmental, ethical considerations).','',258),(924,'Critically read scientific literature adapted for classroom use to determine the central ideas or conclusions and/or to obtain scientific and/or technical information to summarize complex evidence, concepts, processes, or information presented in a text by paraphrasing them in simpler but still accurate terms.','',259),(925,'Compare, integrate and evaluate sources of information presented in different media or formats (e.g., visually, quantitatively) as well as in words in order to address a scientific question or solve a problem.','',259),(926,'Gather, read, and evaluate scientific and/or technical information from multiple authoritative sources, assessing the evidence and usefulness of each source.','',259),(927,'Evaluate the validity and reliability of and/or synthesize multiple claims, methods, and/or designs that appear in scientific and technical texts or media reports, verifying the data when possible.','',259),(928,'Communicate scientific and/or technical information or ideas (e.g. about phenomena and/or the process of development and the design and performance of a proposed process or system) in multiple formats (i.e., orally, graphically, textually, mathematically).','',259),(929,'Critically read scientific literature adapted for classroom use to determine the central ideas or conclusions and/or to obtain scientific and/or technical information to summarize complex evidence, concepts, processes, or information presented in a text by paraphrasing them in simpler but still accurate terms.','',260),(930,'Compare, integrate and evaluate sources of information presented in different media or formats (e.g., visually, quantitatively) as well as in words in order to address a scientific question or solve a problem.','',260),(931,'Gather, read, and evaluate scientific and/or technical information from multiple authoritative sources, assessing the evidence and usefulness of each source.','',260),(932,'Evaluate the validity and reliability of and/or synthesize multiple claims, methods, and/or designs that appear in scientific and technical texts or media reports, verifying the data when possible.','',260),(933,'Communicate scientific and/or technical information or ideas (e.g. about phenomena and/or the process of development and the design and performance of a proposed process or system) in multiple formats (i.e., orally, graphically, textually, mathematically).','',260),(934,'Different patterns may be observed at each of the scales at which a system is studied and can provide evidence for causality in explanations of phenomena.','',261),(935,'Empirical evidence is needed to identify patterns. ','',261),(936,'Empirical evidence is required to differentiate between cause and correlation and make claims about specific causes and effects.','',262),(937,'Cause and effect relationships can be suggested and predicted for complex natural and human designed systems by examining what is known about smaller scale mechanisms within the system.','',262),(938,'The significance of a phenomenon is dependent on the scale, proportion, and quantity at which it occurs.','',263),(939,'Using the concept of orders of magnitude allows one to understand how a model at one scale relates to a model at another scale. ','',263),(940,'Algebraic thinking is used to examine scientific data and predict the effect of a change in one variable on another (e.g., linear growth vs. exponential growth).','',263),(941,'Models (e.g., physical, mathematical, computer models) can be used to simulate systems and interactions-including energy, matter, and information flows-within and between systems at different scales.','',264),(942,'When investigating or describing a system, the boundaries and initial conditions of the system need to be defined and their inputs and outputs analyzed and described using models. ','',264),(943,'Models can be used to predict the behavior of a system, but these predictions have limited precision and reliability due to the assumptions and approximations inherent in models.','',264),(944,'The total amount of energy and matter in closed systems is conserved. ','',265),(945,'Changes of energy and matter in a system can be described in terms of energy and matter flows into, out of, and within that system.','',265),(946,'Energy cannot be created or destroyed-only moves between one place and another place, between objects and/or fields, or between systems.','',265),(947,'Energy drives the cycling of matter within and between systems.','',265),(948,'In nuclear processes, atoms are not conserved, but the total number of protons plus neutrons is conserved.','',265),(949,'Investigating or designing new systems or structures requires a detailed examination of the properties of different materials, the structures of different components, and connections of components to reveal its function and/or solve a problem. ','',266),(950,'The functions and properties of natural and designed objects and systems can be inferred from their overall structure, the way their components are shaped and used, and the molecular substructures of its various materials.','',266),(951,'Much of science deals with constructing explanations of how things change and how they remain stable.','',267),(952,'Systems can be designed for greater or lesser stability.','',267),(953,'Feedback (negative or positive) can stabilize or destabilize a system.','',267),(954,'Change and rates of change can be quantified and modeled over very short or very long periods of time. Some system changes are irreversible.','',267),(955,'Teacher candidates should have a solid grounding in classical mathematics, including major results and applications, the history of ideas, and connections to pre-college mathematics.','',268),(956,'Teacher candidates should understand the habits of mind that underlie different branches-arithmetic, algebra, geometry, analysis, modeling, and statistics-and how these develop in learners.','',268),(958,'Teacher candidates should have experienced a sustained immersion in mathematics that includes performing experiments and grappling with problems, building abstractions as a result of reflection on the experiments, and developing theories that bring coherence to the abstractions.','',268),(959,'They should be expert in uses of mathematics that are specific to the profession, e.g., finding simple ways to make mathematics tractable for beginners; the craft of task design, the ability to see underlying themes and connections in school mathematics, and the mining of student ideas.','',268),(960,'1. Make sense of problems and persevere in solving them.','',269),(961,'2. Reason abstractly and quantitatively.','',269),(962,'3. Construct viable arguments and critique the reasoning of others.','',269),(963,'4. Model with mathematics.','',269),(964,'5. Use appropriate tools strategically.','',269),(965,'6. Attend to precision.','',269),(966,'7. Look for and make use of structure.','',269),(967,'8. Look for and express regularity in repeated reasoning.','',269),(968,'Goal 1','',270),(969,'Ask questions that arise from careful observation of phenomena, or unexpected results, to clarify and/or seek additional information.','',271),(970,'Ask questions that arise from examining models or a theory, to clarify and/or seek additional information and relationships.','',271),(971,'Ask questions to determine relationships, including quantitative relationships, between independent and dependent variables.','',271),(972,'Ask questions to determine relationships, including quantitative relationships, between independent and dependent variables.','',271),(973,'Ask questions to clarify and refine a model, an explanation, or an engineering problem.','',271),(974,'Evaluate a question to determine if it is testable and relevant.','',271),(975,'Ask questions that can be investigated within the scope of the school laboratory, research facilities, or field (e.g., outdoor environment) with available resources and, when appropriate, frame a hypothesis based on a model or theory.','',271),(976,'Ask and /or evaluate questions that challenge the premise(s) of an argument, the interpretation of a data set, or the suitability of a design.','',271),(977,'Define a design problem that involves the development of a process or system with interacting components and criteria and constraints that may include social, technical, and/or environmental considerations.','',271),(978,'Ask questions that arise from careful observation of phenomena, or unexpected results, to clarify and/or seek additional information.','',272),(979,'Ask questions that arise from examining models or a theory, to clarify and/or seek additional information and relationships.','',272),(980,'Ask questions to determine relationships, including quantitative relationships, between independent and dependent variables.','',272),(981,'Ask questions to clarify and refine a model, an explanation, or an engineering problem.','',272),(982,'Evaluate a question to determine if it is testable and relevant.','',272),(983,'Ask questions that can be investigated within the scope of the school laboratory, research facilities, or field (e.g., outdoor environment) with available resources and, when appropriate, frame a hypothesis based on a model or theory.','',272),(984,'Ask and /or evaluate questions that challenge the premise(s) of an argument, the interpretation of a data set, or the suitability of a design.','',272),(985,'Define a design problem that involves the development of a process or system with interacting components and criteria and constraints that may include social, technical, and/or environmental considerations.','',272),(986,'Evaluate merits and limitations of two different models of the same proposed tool, process, mechanism or system in order to select or revise a model that best fits the evidence or design criteria. Design a test of a model to ascertain its reliability.','',273),(987,'Develop, revise, and/or use a model based on evidence to illustrate and/or predict the relationships between systems or between components of a system.','',273),(988,'Develop and/or use multiple types of models to provide mechanistic accounts and /or predict phenomena, and move flexibly between model types based on merits and limitations.','',273),(989,'Develop a complex model that allows for manipulation and testing of a proposed process or system.','',273),(990,'Develop and/or use a model (including mathematical and computational) to generate data to support explanations, predict phenomena, analyze systems, and/or solve problems.','',273),(991,'Evaluate merits and limitations of two different models of the same proposed tool, process, mechanism or system in order to select or revise a model that best fits the evidence or design criteria. Design a test of a model to ascertain its reliability.','',274),(992,'Develop, revise, and/or use a model based on evidence to illustrate and/or predict the relationships between systems or between components of a system.','',274),(993,'Develop and/or use multiple types of models to provide mechanistic accounts and /or predict phenomena, and move flexibly between model types based on merits and limitations.','',274),(994,'Develop a complex model that allows for manipulation and testing of a proposed process or system.','',274),(995,'Develop and/or use a model (including mathematical and computational) to generate data to support explanations, predict phenomena, analyze systems, and/or solve problems.','',274),(996,'Plan an investigation or test a design individually and collaboratively to produce data to serve as the basis for evidence as part of building and revising models, supporting explanations for phenomena, or testing solutions to problems. Consider possible confounding variables or effects and evaluate the investigation\'s design to ensure variables are controlled.','',275),(997,'Plan and conduct an investigation individually and collaboratively to produce data to serve as the basis for evidence, and in the design: decide on types, how much, and accuracy of data needed to produce reliable measurements and consider limitations on the precision of the data (e.g., number of trials, cost, risk, time), and refine the design accordingly.','',275),(998,'Plan and conduct an investigation or test a design solution in a safe and ethical manner including considerations of environmental, social, and personal impacts.','',275),(999,'Select appropriate tools to collect, record, analyze, and evaluate data. ','',275),(1000,'Make directional hypotheses that specify what happens to a dependent variable when an independent variable is manipulated.','',275),(1001,'Manipulate variables and collect data about a complex model of a proposed process or system to identify failure points or improve performance relative to criteria for success or other variables.','',275),(1002,'Plan an investigation or test a design individually and collaboratively to produce data to serve as the basis for evidence as part of building and revising models, supporting explanations for phenomena, or testing solutions to problems. Consider possible confounding variables or effects and evaluate the investigation\'s design to ensure variables are controlled.','',276),(1003,'Plan and conduct an investigation individually and collaboratively to produce data to serve as the basis for evidence, and in the design: decide on types, how much, and accuracy of data needed to produce reliable measurements and consider limitations on the precision of the data (e.g., number of trials, cost, risk, time), and refine the design accordingly.','',276),(1004,'Plan and conduct an investigation or test a design solution in a safe and ethical manner including considerations of environmental, social, and personal impacts.','',276),(1005,'Select appropriate tools to collect, record, analyze, and evaluate data. ','',276),(1006,'Make directional hypotheses that specify what happens to a dependent variable when an independent variable is manipulated.','',276),(1007,'Manipulate variables and collect data about a complex model of a proposed process or system to identify failure points or improve performance relative to criteria for success or other variables.','',276),(1008,'Analyze data using tools, technologies, and/or models (e.g., computational, mathematical) in order to make valid and reliable scientific claims or determine an optimal design solution.','',277),(1009,'Apply concepts of statistics and probability (including determining function fits to data, slope, intercept, and correlation coefficient for linear fits) to scientific and engineering questions and problems, using digital tools when feasible.','',277),(1010,'Consider limitations of data analysis (e.g., measurement error, sample selection) when analyzing and interpreting data.','',277),(1011,'Compare and contrast various types of data sets (e.g., self - generated, archival) to examine consistency of measurements and observations.','',277),(1012,'Evaluate the impact of new data on a working explanation and/or model of a proposed process or system. Analyze data to identify design features or characteristics of the components of a proposed process or system to optimize it relative to criteria for success.','',277),(1013,'Analyze data using tools, technologies, and/or models (e.g., computational, mathematical) in order to make valid and reliable scientific claims or determine an optimal design solution.','',278),(1014,'Apply concepts of statistics and probability (including determining function fits to data, slope, intercept, and correlation coefficient for linear fits) to scientific and engineering questions and problems, using digital tools when feasible.','',278),(1015,'Consider limitations of data analysis (e.g., measurement error, sample selection) when analyzing and interpreting data.','',278),(1016,'Compare and contrast various types of data sets (e.g., self - generated, archival) to examine consistency of measurements and observations.','',278),(1017,'Evaluate the impact of new data on a working explanation and/or model of a proposed process or system. Analyze data to identify design features or characteristics of the components of a proposed process or system to optimize it relative to criteria for success.\n','',278),(1018,'Create and/or revise a computational model or simulation of a phenomenon, designed device, process, or system.','',279),(1019,'Use mathematical, computational, and/ or algorithmic representations of phenomena or design solutions to describe and/or support claims and/or explanations.','',279),(1020,'Apply techniques of algebra and functions to represent and solve scientific and engineering problems.','',279),(1021,'Use simple limit cases to test mathematical expressions, computer programs, algorithms, or simulations of a process or system to see if a model \"makes sense\" by comparing the outcomes with what is known about the real world.','',279),(1022,'Apply ratios, rates, percentages, and unit conversions in the context of complicated measurement problems involving quantities with derived or compound units (such as mg/mL, kg/m 3, acre - feet, etc.).','',279),(1023,'Create and/or revise a computational model or simulation of a phenomenon, designed device, process, or system.','',280),(1024,'Use mathematical, computational, and/ or algorithmic representations of phenomena or design solutions to describe and/or support claims and/or explanations.','',280),(1025,'Apply techniques of algebra and functions to represent and solve scientific and engineering problems.','',280),(1026,'Use simple limit cases to test mathematical expressions, computer programs, algorithms, or simulations of a process or system to see if a model \"makes sense\" by comparing the outcomes with what is known about the real world.','',280),(1027,'Apply ratios, rates, percentages, and unit conversions in the context of complicated measurement problems involving quantities with derived or compound units (such as mg/mL, kg/m 3, acre - feet, etc.).','',280),(1028,'Make a quantitative and/or qualitative claim regarding the relationship between dependent and independent variables.','',281),(1029,'Construct and revise an explanation based on valid and reliable evidence obtained from a variety of sources (including students\' own investigations, models, theories, simulations, peer review) and the assumption that theories and laws that describe the natural world operate today as they did in the past and will continue to do so in the future.','',281),(1030,'Apply scientific ideas, principles, and/or evidence to provide an explanation of phenomena and solve design problems, taking into account possible unanticipated effects.','',281),(1031,'Apply scientific reasoning, theory, and/or models to link evidence to the claims to assess the extent to which the reasoning and data support the explanation or conclusion.','',281),(1032,'Design, evaluate, and/or refine a solution to a complex real - world problem, based on scientific knowledge, student - generated sources of evidence, prioritized criteria, and tradeoff considerations.','',281),(1033,'Make a quantitative and/or qualitative claim regarding the relationship between dependent and independent variables.','',282),(1034,'Construct and revise an explanation based on valid and reliable evidence obtained from a variety of sources (including students\' own investigations, models, theories, simulations, peer review) and the assumption that theories and laws that describe the natural world operate today as they did in the past and will continue to do so in the future.','',282),(1035,'Apply scientific ideas, principles, and/or evidence to provide an explanation of phenomena and solve design problems, taking into account possible unanticipated effects.','',282),(1036,'Apply scientific reasoning, theory, and/or models to link evidence to the claims to assess the extent to which the reasoning and data support the explanation or conclusion.','',282),(1037,'Design, evaluate, and/or refine a solution to a complex real - world problem, based on scientific knowledge, student - generated sources of evidence, prioritized criteria, and tradeoff considerations.','',282),(1038,'Compare and evaluate competing arguments or design solutions in light of currently accepted explanations, new evidence, limitations (e.g., trade - offs), constraints, and ethical issues.','',283),(1039,'Evaluate the claims, evidence, and/or reasoning behind currently accepted explanations or solutions to determine the merits of arguments.','',283),(1040,'Respectfully provide and/or receive critiques on scientific arguments by probing reasoning and evidence , challenging ideas and conclusions, responding thoughtfully to diverse perspectives, and determining additional information required to resolve contradictions.','',283),(1041,'Construct, use, and/or present an oral and written argument or counter - arguments based on data and evidence.','',283),(1042,'Make and defend a claim based on evidence about the natural world or the effectiveness of a design solution that reflects scientific knowledge and student - generated evidence.','',283),(1043,'Evaluate competing design solutions to a real - world problem based on scientific ideas and principles, empirical evidence, and/or logical arguments regarding relevant factors (e.g. economic, societal, environmental, ethical considerations).','',283),(1044,'Compare and evaluate competing arguments or design solutions in light of currently accepted explanations, new evidence, limitations (e.g., trade - offs), constraints, and ethical issues.','',284),(1045,'Evaluate the claims, evidence, and/or reasoning behind currently accepted explanations or solutions to determine the merits of arguments.\n','',284),(1046,'Respectfully provide and/or receive critiques on scientific arguments by probing reasoning and evidence , challenging ideas and conclusions, responding thoughtfully to diverse perspectives, and determining additional information required to resolve contradictions.','',284),(1047,'Construct, use, and/or present an oral and written argument or counter - arguments based on data and evidence.','',284),(1048,'Make and defend a claim based on evidence about the natural world or the effectiveness of a design solution that reflects scientific knowledge and student - generated evidence.','',284),(1049,'Evaluate competing design solutions to a real - world problem based on scientific ideas and principles, empirical evidence, and/or logical arguments regarding relevant factors (e.g. economic, societal, environmental, ethical considerations).','',284),(1050,'Critically read scientific literature adapted for classroom use to determine the central ideas or conclusions and/or to obtain scientific and/or technical information to summarize complex evidence, concepts, processes, or information presented in a text by paraphrasing them in simpler but still accurate terms.','',285),(1051,'Compare, integrate and evaluate sources of information presented in different media or formats (e.g., visually, quantitatively) as well as in words in order to address a scientific question or solve a problem.','',285),(1052,'Gather, read, and evaluate scientific and/or technical information from multiple authoritative sources, assessing the evidence and usefulness of each source.','',285),(1053,'Evaluate the validity and reliability of and/or synthesize multiple claims, methods, and/or designs that appear in scientific and technical texts or media reports, verifying the data when possible.','',285),(1054,'Communicate scientific and/or technical information or ideas (e.g. about phenomena and/or the process of development and the design and performance of a proposed process or system) in multiple formats (i.e., orally, graphically, textually, mathematically).','',285),(1055,'Critically read scientific literature adapted for classroom use to determine the central ideas or conclusions and/or to obtain scientific and/or technical information to summarize complex evidence, concepts, processes, or information presented in a text by paraphrasing them in simpler but still accurate terms.','',286),(1056,'Compare, integrate and evaluate sources of information presented in different media or formats (e.g., visually, quantitatively) as well as in words in order to address a scientific question or solve a problem.','',286),(1057,'Gather, read, and evaluate scientific and/or technical information from multiple authoritative sources, assessing the evidence and usefulness of each source.','',286),(1058,'Evaluate the validity and reliability of and/or synthesize multiple claims, methods, and/or designs that appear in scientific and technical texts or media reports, verifying the data when possible.','',286),(1059,'Communicate scientific and/or technical information or ideas (e.g. about phenomena and/or the process of development and the design and performance of a proposed process or system) in multiple formats (i.e., orally, graphically, textually, mathematically).','',286),(1060,'Different patterns may be observed at each of the scales at which a system is studied and can provide evidence for causality in explanations of phenomena.','',287),(1061,'Empirical evidence is needed to identify patterns.','',287),(1062,'Empirical evidence is required to differentiate between cause and correlation and make claims about specific causes and effects. ','',288),(1063,'Cause and effect relationships can be suggested and predicted for complex natural and human designed systems by examining what is known about smaller scale mechanisms within the system.','',288),(1064,'The significance of a phenomenon is dependent on the scale, proportion, and quantity at which it occurs.','',289),(1065,'Using the concept of orders of magnitude allows one to understand how a model at one scale relates to a model at another scale.','',289),(1066,'Algebraic thinking is used to examine scientific data and predict the effect of a change in one variable on another (e.g., linear growth vs. exponential growth).','',289),(1067,'Models (e.g., physical, mathematical, computer models) can be used to simulate systems and interactions-including energy, matter, and information flows-within and between systems at different scales. ','',290),(1068,'When investigating or describing a system, the boundaries and initial conditions of the system need to be defined and their inputs and outputs analyzed and described using models.','',290),(1069,'Models can be used to predict the behavior of a system, but these predictions have limited precision and reliability due to the assumptions and approximations inherent in models.','',290),(1070,'The total amount of energy and matter in closed systems is conserved. ','',291),(1071,'Changes of energy and matter in a system can be described in terms of energy and matter flows into, out of, and within that system.','',291),(1072,'Energy cannot be created or destroyed-only moves between one place and another place, between objects and/or fields, or between systems.','',291),(1073,'Energy drives the cycling of matter within and between systems.','',291),(1074,'In nuclear processes, atoms are not conserved, but the total number of protons plus neutrons is conserved.','',291),(1075,'Investigating or designing new systems or structures requires a detailed examination of the properties of different materials, the structures of different components, and connections of components to reveal its function and/or solve a problem.','',292),(1076,'The functions and properties of natural and designed objects and systems can be inferred from their overall structure, the way their components are shaped and used, and the molecular substructures of its various materials.','',292),(1077,'Much of science deals with constructing explanations of how things change and how they remain stable.','',293),(1078,'Systems can be designed for greater or lesser stability.','',293),(1079,'Feedback (negative or positive) can stabilize or destabilize a system.','',293),(1080,'Change and rates of change can be quantified and modeled over very short or very long periods of time. Some system changes are irreversible.','',293),(1081,'The star called the sun is changing and will burn out over a lifespan of approximately 10 billion years. (HS-ESS1-1)','',294),(1082,'The study of stars\' light spectra and brightness is used to identify compositional elements of stars, their movements, and their distances from Earth. (HS-ESS1-2),(HS-ESS1-3)','',294),(1083,'The Big Bang theory is supported by observations of distant galaxies receding from our own, of the measured composition of stars and non-stellar gases, and of the maps of spectra of the primordial radiation (cosmic microwave background) that still fills the universe. (HS-ESS1-2)','',294),(1084,'Other than the hydrogen and helium formed at the time of the Big Bang, nuclear fusion within stars produces all atomic nuclei lighter than and including iron, and the process releases electromagnetic energy. Heavier elements are produced when certain massive stars achieve a supernova stage and explode. (HS-ESS1-2),(HS-ESS1-3)','',294),(1085,'Kepler\'s laws describe common features of the motions of orbiting objects, including their elliptical paths around the sun. Orbits may change due to the gravitational effects from, or collisions with, other objects in the solar system. (HS-ESS1-4)','',295),(1086,'Cyclical changes in the shape of Earth\'s orbit around the sun, together with changes in the tilt of the planet\'s axis of rotation, both occurring over hundreds of thousands of years, have altered the intensity and distribution of sunlight falling on the earth. These phenomena cause a cycle of ice ages and other gradual climate changes. (secondary to HS-ESS2-4)','',295),(1087,'Continental rocks, which can be older than 4 billion years, are generally much older than the rocks of the ocean floor, which are less than 200 million years old. (HS-ESS1-5)','',296),(1088,'Although active geologic processes, such as plate tectonics and erosion, have destroyed or altered most of the very early rock record on Earth, other objects in the solar system, such as lunar rocks, asteroids, and meteorites, have changed little over billions of years. Studying these objects can provide information about Earth\'s formation and early history. (HS-ESS1-6)','',296),(1089,'Earth\'s systems, being dynamic and interacting, cause feedback effects that can increase or decrease the original changes. (HS-ESS2-1),(HS-ESS2-2)','',297),(1090,'The geological record shows that changes to global and regional climate can be caused by interactions among changes in the sun\'s energy output or Earth\'s orbit, tectonic events, ocean circulation, volcanic activity, glaciers, vegetation, and human activities. These changes can occur on a variety of time scales from sudden (e.g., volcanic ash clouds) to intermediate (ice ages) to very long-term tectonic cycles. (HS-ESS2-4)','',297),(1091,'Evidence from deep probes and seismic waves, reconstructions of historical changes in Earth\'s surface and its magnetic field, and an understanding of physical and chemical processes lead to a model of Earth with a hot but solid inner core, a liquid outer core, a solid mantle and crust. (HS-ESS2-3)','',297),(1092,'Motions of the mantle and its plates occur primarily through thermal convection, which involves the cycling of matter due to the outward flow of energy from Earth\'s interior and gravitational movement of denser materials toward the interior. (HS-ESS2-3)','',297),(1093,'The radioactive decay of unstable isotopes continually generates new energy within Earth\'s crust and mantle, providing the primary source of the heat that drives mantle convection. Plate tectonics can be viewed as the surface expression of mantle convection. (HS-ESS2-3)','',298),(1094,'Plate tectonics is the unifying theory that explains the past and current movements of the rocks at Earth\'s surface and provides a framework for understanding its geologic history. Plate movements are responsible for most continental and ocean-floor features and for the distribution of most rocks and minerals within Earth\'s crust. (ESS2.B Grade 8 GBE) (HS-ESS2-1)','',298),(1095,'The abundance of liquid water on Earth\'s surface and its unique combination of physical and chemical properties are central to the planet\'s dynamics. These properties include water\'s exceptional capacity to absorb, store, and release large amounts of energy, transmit sunlight, expand upon freezing, dissolve and transport materials, and lower the viscosities and melting points of rocks. (HS-ESS2-5)','',299),(1096,'The foundation for Earth\'s global climate systems is the electromagnetic radiation from the sun, as well as its reflection, absorption, storage, and redistribution among the atmosphere, ocean, and land systems, and this energy\'s re-radiation into space. (HS-ESS2-2)(HS-ESS2-4) ','',300),(1097,'Gradual atmospheric changes were due to plants and other organisms that captured carbon dioxide and released oxygen. (HS-ESS2-6),(HS-ESS2-7)','',300),(1098,'Changes in the atmosphere due to human activity have increased carbon dioxide concentrations and thus affect climate. (HS-ESS2-6),(HS-ESS2-4)','',300),(1099,'Current models predict that, although future regional climate changes will be complex and varied, average global temperatures will continue to rise. The outcomes predicted by global climate models strongly depend on the amounts of human-generated greenhouse gases added to the atmosphere each year and by the ways in which these gases are absorbed by the ocean and biosphere. (secondary to HS-ESS3-6)','',300),(1100,'The many dynamic and delicate feedbacks between the biosphere and other Earth systems cause a continual co-evolution of Earth\'s surface and the life that exists on it. (HS-ESS2-7)','',301),(1101,'Resource availability has guided the development of human society. (HS-ESS3-1)','',302),(1102,'All forms of energy production and other resource extraction have associated economic, social, environmental, and geopolitical costs and risks as well as benefits. New technologies and social regulations can change the balance of these factors. (HS-ESS3-2)','',302),(1103,'Natural hazards and other geologic events have shaped the course of human history; [they] have significantly altered the sizes of human populations and have driven human migrations. (HS-ESS3-1)','',303),(1104,'The sustainability of human societies and the biodiversity that supports them requires responsible management of natural resources. (HS-ESS3-3)','',304),(1105,'Scientists and engineers can make major contributions by developing technologies that produce less pollution and waste and that preclude ecosystem degradation. (HS-ESS3-4)','',304),(1106,'Though the magnitudes of human impacts are greater than they have ever been, so too are human abilities to model, predict, and manage current and future impacts. (HS-ESS3-5)','',305),(1107,'Through computer simulations and other studies, important discoveries are still being made about how the ocean, the atmosphere, and the biosphere interact and are modified in response to human activities. (HS-ESS3-6)','',305),(1108,'Systems of specialized cells within organisms help them perform the essential functions of life. (HS-LS1-1)','',306),(1109,'All cells contain genetic information in the form of DNA molecules. Genes are regions in the DNA that contain the instructions that code for the formation of proteins, which carry out most of the work of cells. (HS-LS1-1) (Note: This Disciplinary Core Idea is also addressed by HS-LS3-1.)','',306),(1110,'Multicellular organisms have a hierarchical structural organization, in which any one system is made up of numerous parts and is itself a component of the next level. (HS-LS1-2)','',306),(1111,'Feedback mechanisms maintain a living system\'s internal conditions within certain limits and mediate behaviors, allowing it to remain alive and functional even as external conditions change within some range. Feedback mechanisms can encourage (through positive feedback) or discourage (negative feedback) what is going on inside the living system. (HS-LS1-3)','',306),(1112,'In multicellular organisms individual cells grow and then divide via a process called mitosis, thereby allowing the organism to grow. The organism begins as a single cell that divides successively to produce many cells, with each parent cell passing identical genetic material to both daughter cells. Cellular division and differentiation produce and maintain a complex organism, composed of systems of tissues and organs that work together to meet the needs of the whole organism.','',307),(1113,'The process of photosynthesis converts light energy to stored chemical energy by converting carbon dioxide plus water into sugars plus released oxygen. (HS-LS1-5)','',308),(1114,'The sugar molecules thus formed contain carbon, hydrogen, and oxygen: their hydrocarbon backbones are used to make amino acids and other carbon-based molecules that can be assembled into larger molecules (such as proteins or DNA), used for example to form new cells. (HS-LS1-6)','',308),(1115,'As matter and energy flow through different organizational levels of living systems, chemical elements are recombined in different ways to form different products. (HS-LS1-6),(HS-LS1-7)','',308),(1116,'As a result of these chemical reactions, energy is transferred from one system of interacting molecules to another. Cellular respiration is a chemical process in which the bonds of food molecules and oxygen molecules are broken and new compounds are formed that can transport energy to muscles. Cellular respiration also releases the energy needed to maintain body temperature despite ongoing energy transfer to the surrounding environment. (HS-LS1-7)','',308),(1117,'Ecosystems have carrying capacities, which are limits to the numbers of organisms and populations they can support. These limits result from such factors as the availability of living and nonliving resources and from such challenges such as predation, competition, and disease. Organisms would have the capacity to produce populations of great size were it not for the fact that environments and resources are finite. This fundamental tension affects the abundance of species in any given ecosystem.','',309),(1118,'Photosynthesis and cellular respiration (including anaerobic processes) provide most of the energy for life processes. (HS-LS2-3)','',310),(1119,'Plants or algae form the lowest level of the food web. At each link upward in a food web, only a small fraction of the matter consumed at the lower level is transferred upward, to produce growth and release energy in cellular respiration at the higher level. Given this inefficiency, there are generally fewer organisms at higher levels of a food web. (HS-LS2-4)','',310),(1120,'Some matter reacts to release energy for life functions, some matter is stored in newly made structures, and much is discarded. The chemical elements that make up the molecules of organisms pass through food webs and into and out of the atmosphere and soil, and they are combined and recombined in different ways. At each link in an ecosystem, matter and energy are conserved. (HS-LS2-4)','',310),(1121,'Photosynthesis and cellular respiration are important components of the carbon cycle, in which carbon is exchanged among the biosphere, atmosphere, oceans, and geosphere through chemical, physical, geological, and biological processes. (HS-LS2-5)','',310),(1122,'A complex set of interactions within an ecosystem can keep its numbers and types of organisms relatively constant over long periods of time under stable conditions. If a modest biological or physical disturbance to an ecosystem occurs, it may return to its more or less original status, as opposed to becoming a very different ecosystem.(HS-LS2-2),(HS-LS2-6)','',311),(1123,'Extreme fluctuations in conditions or the size of any population can challenge the functioning of ecosystems in terms of resources and habitat availability. (HS-LS2-2),(HS-LS2-6)','',311),(1124,'Anthropogenic changes (induced by human activity) in the environment-including habitat destruction, pollution, introduction of invasive species, overexploitation, and climate change-can disrupt an ecosystem and threaten the survival of some species. (HS-LS2-7)','',311),(1125,'Group behavior has evolved because membership can increase the chances of survival for individuals and their genetic relatives. (HS-LS2-8)','',312),(1126,'Each chromosome consists of a single very long DNA molecule, and each gene on the chromosome is a particular segment of that DNA. The instructions for forming species\' characteristics are carried in DNA. All cells in an organism have the same genetic content, but the genes used (expressed) by the cell may be regulated in different ways. Not all DNA codes for a protein; some segments of DNA are involved in regulatory or structural functions, and some have no as-yet known function. (HS-LS3-1)','',313),(1127,'In sexual reproduction, chromosomes can sometimes swap sections during the process of meiosis (cell division), thereby creating new genetic combinations and thus more genetic variation. Although DNA replication is tightly regulated and remarkably accurate, errors do occur and result in mutations, which are also a source of genetic variation. Environmental factors can also cause mutations in genes, and viable mutations are inherited. (HS-LS3-2)','',314),(1128,'Environmental factors also affect expression of traits, and hence affect the probability of occurrences of traits in a population. Thus the variation and distribution of traits observed depends on both genetic and environmental factors. (HS-LS3-2),(HS-LS3-3)','',314),(1129,'Genetic information, like the fossil record, provides evidence of evolution. DNA sequences vary among species, but there are many overlaps; in fact, the ongoing branching that produces multiple lines of descent can be inferred by comparing the DNA sequences of different organisms. Such information is also derivable from the similarities and differences in amino acid sequences and from anatomical and embryological evidence. (HS-LS4-1)','',315),(1130,'Natural selection occurs only if there is both (1) variation in the genetic information between organisms in a population and (2) variation in the expression of that genetic information-that is, trait variation-that leads to differences in performance among individuals. (HS-LS4-2),(HS-LS4-3)','',316),(1131,'The traits that positively affect survival are more likely to be reproduced, and thus are more common in the population. (HS-LS4-3)','',316),(1132,'Evolution is a consequence of the interaction of four factors: (1) the potential for a species to increase in number, (2) the genetic variation of individuals in a species due to mutation and sexual reproduction, (3) competition for an environment\'s limited supply of the resources that individuals need in order to survive and reproduce, and (4) the ensuing proliferation of those organisms that are better able to survive and reproduce in that environment. (HS-LS4-2)','',317),(1133,'Natural selection leads to adaptation to a population dominated by organisms that are anatomically, behaviorally, and physiologically well suited to survive and reproduce in a specific environment. The differential survival and reproduction of organisms in a population that have an advantageous heritable trait leads to an increase in the proportion of individuals in future generations that have the trait and to a decrease in the proportion of individuals that do not. (HS-LS4-3),(HS-LS4-4)','',317),(1134,'Adaptation also means that the distribution of traits in a population can change when conditions change. (HS-LS4-3)','',317),(1135,'Changes in the physical environment, whether naturally occurring or human induced, have thus contributed to the expansion of some species, the emergence of new distinct species as populations diverge under different conditions, and the decline-and sometimes the extinction-of some species. (HS-LS4-5),(HS-LS4-6)','',317),(1136,'Species become extinct because they can no longer survive and reproduce in their altered environment. If members cannot adjust to change that is too fast or drastic, the opportunity for the species\' evolution is lost. (HS-LS4-5)','',317),(1137,'Biodiversity is increased by the formation of new species (speciation) and decreased by the loss of species (extinction). (secondary to HS-LS2-7)','',318),(1138,'Humans depend on the living world for the resources and other benefits provided by biodiversity. But human activity is also having adverse impacts on biodiversity through overpopulation, overexploitation, habitat destruction, pollution, introduction of invasive species, and climate change. (HS-LS2-7; HS-LS4-6)','',318),(1139,'Sustaining biodiversity so that ecosystem functioning and productivity are maintained is essential to supporting and enhancing life on Earth. Sustaining biodiversity also aids humanity by preserving landscapes of recreational or inspirational value. (HS-LS2-7; HS-LS4-6)','',318);

/*Table structure for table `program_outcome_group` */

DROP TABLE IF EXISTS `program_outcome_group`;

CREATE TABLE `program_outcome_group` (
  `id` int(11) NOT NULL AUTO_INCREMENT,
  `name` varchar(250) DEFAULT NULL,
  `description` varchar(1024) DEFAULT NULL,
  `program_specific` varchar(1) NOT NULL,
  `program_id` int(11) NOT NULL DEFAULT '-1',
  PRIMARY KEY (`id`),
  KEY `PK_outcome` (`id`)
) ENGINE=InnoDB AUTO_INCREMENT=319 DEFAULT CHARSET=latin1;

/*Data for the table `program_outcome_group` */

insert  into `program_outcome_group`(`id`,`name`,`description`,`program_specific`,`program_id`) values (144,'Program Outcomes for Basket Weaving',NULL,'Y',24),(174,'New outcome Group created on Sept 28',NULL,'Y',24),(185,'Knowledge application',NULL,'Y',24),(186,'Design',NULL,'Y',24),(188,'A&S Goal 1. Develop a wide range of effective communication skills. Demonstrate:',NULL,'Y',24),(189,'A&S Goal 2. Encourage personal development, growth, and responsibility. Demonstrate:',NULL,'Y',24),(190,'A&S Goal 3. Engage students in inquiry-based learning, critical thinking and creative processes.',NULL,'Y',24),(191,'A&S Goal 4. Prepare thoughtful, world-minded, educated, engaged citizens.',NULL,'Y',24),(192,'A&S Goal 5: Cultivate an understanding of and appreciation for the unique socio-cultural position of aboriginal peoples in Canada.',NULL,'Y',24),(193,'Program for ancient weaving preservation',NULL,'Y',24),(205,'All degrees in basket weaving',NULL,'Y',51),(206,'Honours degree in basket weaving',NULL,'Y',51),(207,'Goal 1. Effective communication',NULL,'Y',51),(208,'Ls1.A. Structure and Function',NULL,'Y',53),(209,'test',NULL,'Y',53),(210,'LS1.C. Organization for Matter and Energy Flow in Organisms',NULL,'Y',53),(211,'LS2.A. Interdependent relationships in ecosystems',NULL,'Y',53),(212,'PS1.A: Structure and Properties of Matter ',NULL,'Y',54),(213,'PS2.A: Forces and Motion ',NULL,'Y',54),(214,'PS2.B: Types of Interactions',NULL,'Y',54),(215,'PS3.A: Definitions of Energy ',NULL,'Y',54),(217,'Scientific and Engineering Practice 1a - Asking Questions and Defining Problems. <p></p><p><b>Teacher candidates demonstrate the ability to</p></b>',NULL,'Y',54),(218,'Scientific and Engineering Practice 2a - Developing and Using Models.\n<p></p><p><b>Teacher candidates demonstrate the ability to</p></b>',NULL,'Y',54),(220,'Scientific and Engineering Practice 4a: Analyzing and Interpreting Data\n<p></p><p><b>Teacher candidates demonstrate the ability to</p></b>',NULL,'Y',54),(221,'Scientific and Engineering Practice 5a - Using Mathematics and Computational Thinking\n<p></p><p><b>Teacher candidates demonstrate the ability to</p></b>',NULL,'Y',54),(222,'Scientific and Engineering Practice 6a - Constructing Explanations and Designing Solutions\n<p></p><p><b>Teacher candidates demonstrate the ability to</p></b>',NULL,'Y',54),(223,'Scientific and Engineering Practice 7a -  Engaging in Argument from Evidence',NULL,'Y',54),(224,'Scientific and Engineering Practice 8a - Obtaining, Evaluating, and Communicating Information\n\n<p></p><p><b>Teacher candidates demonstrate the ability to</p></b>',NULL,'Y',54),(225,'PS3.B: Conservation of Energy and Energy Transfer ',NULL,'Y',54),(226,'PS3.C: Relationship Between Energy and Forces',NULL,'Y',54),(227,'PS4.A: Wave Properties',NULL,'Y',54),(228,'PS4.B: Electromagnetic Radiation ',NULL,'Y',54),(229,'CC1-Patterns ',NULL,'Y',54),(230,'CC2-Cause and Effect',NULL,'Y',54),(231,'CC3-Scale, Proportion, and Quantity ',NULL,'Y',54),(232,'CC4-Systems and System Models',NULL,'Y',54),(233,'CC5-Energy and Matter',NULL,'Y',54),(234,'CC6-Structure and Function',NULL,'Y',54),(235,'CC7-Stability and Change ',NULL,'Y',54),(236,'Scientific and Engineering Practice 1b - Asking Questions and Defining Problems.\n\n<p></p><p><b>Teacher candidates demonstrate the ability to teach K-12 students to</p></b>',NULL,'Y',54),(237,'Scientific and Engineering Practice 2b - Developing and Using Models.\n\n<p></p><p><b>Teacher candidates demonstrate the ability to teach K-12 students to</p></b>',NULL,'Y',54),(238,'Scientific and Engineering Practice 3a - Planning and Carrying Out Investigations.\n<p></p><p><b>Teacher candidates demonstrate the ability to</p></b>',NULL,'Y',54),(239,'Scientific and Engineering Practice 3b - Planning and Carrying Out Investigations.\n\n<p></p><p><b>Teacher candidates demonstrate the ability to teach K-12 students to</p></b>',NULL,'Y',54),(240,'Scientific and Engineering Practice 4b: Analyzing and Interpreting Data\n<p></p><p><b>Teacher candidates demonstrate the ability to teach K-12 students to</p></b>',NULL,'Y',54),(241,'Scientific and Engineering Practice 5b - Using Mathematics and Computational Thinking.\n\n<p></p><p><b>Teacher candidates demonstrate the ability to teach K-12 students to</p></b>',NULL,'Y',54),(242,'Scientific and Engineering Practice 6b - Constructing Explanations and Designing Solutions\n<p></p><p><b>Teacher candidates demonstrate the ability to teach K-12 students to</p></b>',NULL,'Y',54),(243,'Scientific and Engineering Practice 7b - Engaging in Argument from Evidence\n<p></p><p><b>Teacher candidates demonstrate the ability to teach K-12 students to</p></b>',NULL,'Y',54),(244,'Scientific and Engineering Practice 8b - Obtaining, Evaluating, and Communicating Information \n<p></p><p><b>Teacher candidates demonstrate the ability to teach K-12 students to</p></b>',NULL,'Y',54),(245,'Scientific and Engineering Practice 1a - Asking Questions and Defining Problems.\n<p></p><p><b>Teacher candidates demonstrate the ability to</p></b>',NULL,'Y',55),(246,'Scientific and Engineering Practice 1b - Asking Questions and Defining Problems.\n\n<p></p><p><b>Teacher candidates demonstrate the ability to teach K-12 students to</p></b>',NULL,'Y',55),(247,'Scientific and Engineering Practice 2a - Developing and Using Models.\n<p></p><p><b>Teacher candidates demonstrate the ability to</p></b>',NULL,'Y',55),(248,'Scientific and Engineering Practice 2b - Developing and Using Models.\n\n<p></p><p><b>Teacher candidates demonstrate the ability to teach K-12 students to</p></b>',NULL,'Y',55),(249,'Scientific and Engineering Practice 3a - Planning and Carrying Out Investigations.\n<p></p><p><b>Teacher candidates demonstrate the ability to</p></b>',NULL,'Y',55),(250,'Scientific and Engineering Practice 3b - Planning and Carrying Out Investigations.\n\n<p></p><p><b>Teacher candidates demonstrate the ability to teach K-12 students to</p></b>',NULL,'Y',55),(251,'Scientific and Engineering Practice 4a - Analyzing and Interpreting Data.\n<p></p><p><b>Teacher candidates demonstrate the ability to</p></b>\n',NULL,'Y',55),(252,'Scientific and Engineering Practice 4b - Analyzing and Interpreting Data.\n\n<p></p><p><b>Teacher candidates demonstrate the ability to teach K-12 students to</p></b>',NULL,'Y',55),(253,'Scientific and Engineering Practice 5a - Using Mathematics and Computational Thinking.\n<p></p><p><b>Teacher candidates demonstrate the ability to</p></b>',NULL,'Y',55),(254,'Scientific and Engineering Practice 5b - Using Mathematics and Computational Thinking.\n\n<p></p><p><b>Teacher candidates demonstrate the ability to teach K-12 students to</p></b>',NULL,'Y',55),(255,'Scientific and Engineering Practice 6a - Constructing Explanations and Designing Solutions.\n<p></p><p><b>Teacher candidates demonstrate the ability to</p></b>',NULL,'Y',55),(256,'Scientific and Engineering Practice 6b - Constructing Explanations and Designing Solutions.\n\n<p></p><p><b>Teacher candidates demonstrate the ability to teach K-12 students to</p></b>',NULL,'Y',55),(257,'Scientific and Engineering Practice 7a - Engaging in Argument from Evidence.\n<p></p><p><b>Teacher candidates demonstrate the ability to</p></b>',NULL,'Y',55),(258,'Scientific and Engineering Practice 7b - Engaging in Argument from Evidence.\n\n<p></p><p><b>Teacher candidates demonstrate the ability to teach K-12 students to</p></b>',NULL,'Y',55),(259,'Scientific and Engineering Practice 8a - Obtaining, Evaluating, and Communicating Information.\n<p></p><p><b>Teacher candidates demonstrate the ability to</p></b>',NULL,'Y',55),(260,'Scientific and Engineering Practice 8b - Obtaining, Evaluating, and Communicating Information.\n\n<p></p><p><b>Teacher candidates demonstrate the ability to teach K-12 students to</p></b>',NULL,'Y',55),(261,'CC1 - Patterns',NULL,'Y',55),(262,'CC2 - Cause and Effect',NULL,'Y',55),(263,'CC3 - Scale, Proportion, and Quantity',NULL,'Y',55),(264,'CC4 - Systems and System Models',NULL,'Y',55),(265,'CC5 - Energy and Matter',NULL,'Y',55),(266,'CC6 - Structure and Function',NULL,'Y',55),(267,'CC7 - Stability and Change',NULL,'Y',55),(268,'Research Experience',NULL,'Y',57),(269,'CCSSM for Mathematical Practice',NULL,'Y',57),(270,'Demonstrates cultural competency',NULL,'Y',54),(271,'Scientific and Engineering Practice 1a - Asking Questions and Defining Problems.\n<p></p><p><b>Teacher candidates demonstrate the ability to</p></b>',NULL,'Y',58),(272,'Scientific and Engineering Practice 1b - Asking Questions and Defining Problems\n\n<p></p><p><b>Teacher candidates demonstrate the ability to teach K-12 students to</p></b>',NULL,'Y',58),(273,'Scientific and Engineering Practice 2a - Developing and Using Models.\n<p></p><p><b>Teacher candidates demonstrate the ability to</p></b>',NULL,'Y',58),(274,'Scientific and Engineering Practice 2b - Developing and Using Models.\n\n<p></p><p><b>Teacher candidates demonstrate the ability to teach K-12 students to</p></b>',NULL,'Y',58),(275,'Scientific and Engineering Practice 3a - Planning and Carrying Out Investigations.\n<p></p><p><b>Teacher candidates demonstrate the ability to</p></b>',NULL,'Y',58),(276,'Scientific and Engineering Practice 3b - Planning and Carrying Out Investigations.\n\n<p></p><p><b>Teacher candidates demonstrate the ability to teach K-12 students to</p></b>',NULL,'Y',58),(277,'Scientific and Engineering Practice 4a - Analyzing and Interpreting Data.\n<p></p><p><b>Teacher candidates demonstrate the ability to</p></b>',NULL,'Y',58),(278,'Scientific and Engineering Practice 4b - Analyzing and Interpreting Data.\n\n<p></p><p><b>Teacher candidates demonstrate the ability to teach K-12 students to</p></b>',NULL,'Y',58),(279,'Scientific and Engineering Practice 5a - Using Mathematics and Computational Thinking.\n<p></p><p><b>Teacher candidates demonstrate the ability to</p></b>',NULL,'Y',58),(280,'Scientific and Engineering Practice 5b - Using Mathematics and Computational Thinking.\n\n<p></p><p><b>Teacher candidates demonstrate the ability to teach K-12 students to</p></b>',NULL,'Y',58),(281,'Scientific and Engineering Practice 6a - Constructing Explanations and Designing Solutions.\n<p></p><p><b>Teacher candidates demonstrate the ability to</p></b>',NULL,'Y',58),(282,'Scientific and Engineering Practice 6b - Constructing Explanations and Designing Solutions.\n\n<p></p><p><b>Teacher candidates demonstrate the ability to teach K-12 students to</p></b>',NULL,'Y',58),(283,'Scientific and Engineering Practice 7a - Engaging in Argument from Evidence.\n<p></p><p><b>Teacher candidates demonstrate the ability to</p></b>',NULL,'Y',58),(284,'Scientific and Engineering Practice 7b - Engaging in Argument from Evidence.\n\n<p></p><p><b>Teacher candidates demonstrate the ability to teach K-12 students to</p></b>',NULL,'Y',58),(285,'Scientific and Engineering Practice 8a - Obtaining, Evaluating, and Communicating Information.\n<p></p><p><b>Teacher candidates demonstrate the ability to</p></b>',NULL,'Y',58),(286,'Scientific and Engineering Practice 8b - Obtaining, Evaluating, and Communicating Information.\n\n<p></p><p><b>Teacher candidates demonstrate the ability to teach K-12 students to</p></b>',NULL,'Y',58),(287,'CC1 - Patterns ',NULL,'Y',58),(288,'CC2 - Cause and Effect',NULL,'Y',58),(289,'CC3 - Scale, Proportion, and Quantity ',NULL,'Y',58),(290,'CC4 - Systems and System Models',NULL,'Y',58),(291,'CC5 - Energy and Matter',NULL,'Y',58),(292,'CC6 - Structure and Function',NULL,'Y',58),(293,'CC7 - Stability and Change',NULL,'Y',58),(294,'ESS1.A: The Universe and Its Stars ',NULL,'Y',58),(295,'ESS1.B: Earth and the Solar System',NULL,'Y',58),(296,'ESS1.C: The History of Planet Earth',NULL,'Y',58),(297,'ESS2.A: Earth Materials and Systems ',NULL,'Y',58),(298,'ESS2.B: Plate Tectonics and Large-Scale System Interactions',NULL,'Y',58),(299,'ESS2.C: The Roles of Water in Earth\'s Surface Processes ',NULL,'Y',58),(300,'ESS2.D: Weather and Climate',NULL,'Y',58),(301,'ESS2.E Biogeology',NULL,'Y',58),(302,'ESS3.A: Natural Resources',NULL,'Y',58),(303,'ESS3.B: Natural Hazards',NULL,'Y',58),(304,'ESS3.C: Human Impacts on Earth Systems',NULL,'Y',58),(305,'ESS3.D: Global Climate Change ',NULL,'Y',58),(306,'LS1.A: Structure and Function',NULL,'Y',55),(307,'LS1.B: Growth and Development of Organisms',NULL,'Y',55),(308,'LS1.C: Organization for Matter and Energy Flow in Organisms',NULL,'Y',55),(309,'LS2.A: Interdependent Relationships in Ecosystems ',NULL,'Y',55),(310,'LS2.B: Cycles of Matter and Energy Transfer in Ecosystems',NULL,'Y',55),(311,'LS2.C: Ecosystem Dynamics, Functioning, and Resilience',NULL,'Y',55),(312,'LS2.D: Social Interactions and Group Behavior',NULL,'Y',55),(313,'LS3.A: Inheritance of Traits',NULL,'Y',55),(314,'LS3.B: Variation of Traits',NULL,'Y',55),(315,'LS4.A: Evidence of Common Ancestry and Diversity',NULL,'Y',55),(316,'LS4.B: Natural Selection',NULL,'Y',55),(317,'LS4.C: Adaptation',NULL,'Y',55),(318,'LS4.D: Biodiversity and Humans',NULL,'Y',55);

/*Table structure for table `question` */

DROP TABLE IF EXISTS `question`;

CREATE TABLE `question` (
  `id` int(11) NOT NULL AUTO_INCREMENT,
  `display` varchar(500) DEFAULT NULL,
  `question_type_id` int(11) NOT NULL,
  `answer_set_id` int(11) DEFAULT NULL,
  PRIMARY KEY (`id`),
  KEY `PK_question` (`id`),
  KEY `fk_question_answer_set` (`answer_set_id`),
  CONSTRAINT `fk_question_answer_set` FOREIGN KEY (`answer_set_id`) REFERENCES `answer_set` (`id`)
) ENGINE=InnoDB AUTO_INCREMENT=42 DEFAULT CHARSET=utf8;

/*Data for the table `question` */

insert  into `question`(`id`,`display`,`question_type_id`,`answer_set_id`) values (1,'How long did it take to enter all the data?',1,1),(2,'To what extent are <b>Indigenous content, perspectives, ceremonies, protocols, languages and/or ways of knowing</b> embedded in your course?',2,2),(3,'To what extent are the following ways of knowing represented in your course:<br/><b>Art and creativity</b>',2,2),(4,'<b>Data modelling</b>',2,2),(5,'<b>Ceremony</b>',2,2),(6,'<b>Contemplation</b>',2,2),(7,'<b>Dialogue</b>',2,2),(8,'<b>Dreaming</b>',2,2),(9,'<b>Embodied/Kinaesthetic</b>',2,2),(10,'<b>Experiential</b>',2,2),(11,'<b>Experiment</b>',2,2),(12,'<b>Gut Feelings</b>',2,2),(13,'<b>Heightened perceptual awareness</b>',2,2),(14,'<b>Holistic</b>',2,2),(15,'<b>Inter-generational learning</b>',2,2),(16,'<b>Intuitive</b>',2,2),(17,'<b>Logical deduction</b>',2,2),(18,'<b>Meditation</b>',2,2),(19,'<b>Observation</b>',2,2),(20,'<b>Qualitative Analysis</b>',2,2),(21,'<b>Quantitative Analysis</b>',2,2),(22,'<b>Reflective contemplation</b>',2,2),(23,'<b>Sensory</b>',2,2),(24,'<b>Statistical analysis</b>',2,2),(25,'<b>Story-telling</b>',2,2),(26,'<b>Spiritual</b>',2,2),(27,'<b>Textual Analysis </b>',2,2),(28,'In what ways (specify activities, readings, content etc.), is <b> Indigenous content, perspectives, ceremonies, protocols, languages and/or ways of knowing</b> embedded in your course (If not included, please write \"none\")',4,NULL),(29,'<b>Visualization</b>',2,2),(30,'List additional ways of knowing, not covered by the ones above, with the extent each is represented in your course (not at all, somewhat, often, extensively).',4,NULL),(31,'<b>Listening to the land</b>',2,2),(33,'What Research Skills Development Inventory levels of student autonomy are embedded in your course?',3,3),(34,'How are Research Skills Development Inventory levels of student autonomy embedded in your course?',4,NULL),(40,'How do you integrate these High-Impact Educational Practices into your classes?',4,NULL),(41,'How useful do you find written curriculum development resources related to instructional practice?',1,2);

/*Table structure for table `question_response` */

DROP TABLE IF EXISTS `question_response`;

CREATE TABLE `question_response` (
  `id` int(11) NOT NULL AUTO_INCREMENT,
  `course_offering_id` int(11) NOT NULL,
  `program_id` int(11) NOT NULL,
  `question_id` int(11) NOT NULL,
  `response` varchar(1024) DEFAULT NULL,
  PRIMARY KEY (`id`),
  KEY `PK_question_response` (`id`),
  KEY `fk_question_response_question` (`question_id`),
  KEY `fk_question_response_course_offering` (`course_offering_id`),
  KEY `fk_question_response_program` (`program_id`),
  CONSTRAINT `fk_question_response_course_offering` FOREIGN KEY (`course_offering_id`) REFERENCES `course_offering` (`id`),
  CONSTRAINT `fk_question_response_program` FOREIGN KEY (`program_id`) REFERENCES `program` (`id`),
  CONSTRAINT `fk_question_response_question` FOREIGN KEY (`question_id`) REFERENCES `question` (`id`)
) ENGINE=InnoDB AUTO_INCREMENT=748 DEFAULT CHARSET=utf8;

/*Data for the table `question_response` */

insert  into `question_response`(`id`,`course_offering_id`,`program_id`,`question_id`,`response`) values (101,31993,24,28,'We do loads!'),(545,40183,24,28,'fr'),(671,52423,24,28,'fr'),(737,52425,24,1,'10'),(738,52425,24,28,'fefefef'),(739,52425,24,33,'1'),(740,52425,24,33,'2'),(741,52425,24,33,'3'),(742,52425,24,40,'fefefef'),(743,52425,51,1,'10'),(744,52425,51,33,'4'),(745,52425,51,33,'5'),(747,52459,24,1,'10');

/*Table structure for table `question_type` */

DROP TABLE IF EXISTS `question_type`;

CREATE TABLE `question_type` (
  `id` int(11) NOT NULL AUTO_INCREMENT,
  `name` varchar(50) DEFAULT NULL,
  `description` varchar(100) DEFAULT NULL,
  PRIMARY KEY (`id`),
  KEY `PK_question_type` (`id`)
) ENGINE=InnoDB AUTO_INCREMENT=5 DEFAULT CHARSET=utf8;

/*Data for the table `question_type` */

insert  into `question_type`(`id`,`name`,`description`) values (1,'select','select one of multiple answer options (select-box)'),(2,'radio','select one of multiple answer options (radio)'),(3,'checkbox','select any of multiple answer options (checkbox)'),(4,'textarea','Open answer format');

/*Table structure for table `system_admin` */

DROP TABLE IF EXISTS `system_admin`;

CREATE TABLE `system_admin` (
  `id` int(11) NOT NULL AUTO_INCREMENT,
  `name` varchar(100) NOT NULL,
  `type` varchar(10) DEFAULT NULL,
  `created_userid` varchar(30) DEFAULT NULL,
  `created_on` timestamp NOT NULL DEFAULT '0000-00-00 00:00:00',
  `type_display` varchar(100) DEFAULT NULL,
  `first_name` varchar(50) DEFAULT NULL,
  `last_name` varchar(50) DEFAULT NULL,
  PRIMARY KEY (`id`),
  KEY `PK_system_admin` (`id`)
) ENGINE=InnoDB AUTO_INCREMENT=32 DEFAULT CHARSET=latin1;

/*Data for the table `system_admin` */

insert  into `system_admin`(`id`,`name`,`type`,`created_userid`,`created_on`,`type_display`,`first_name`,`last_name`) values (30,'cah793','Userid','cah793','2013-08-15 16:33:29','Persons','Carolyn','Hoessler'),(31,'catvisitor','Userid','catvisitor','2013-08-15 16:33:29','Persons','APLU','Admin');

/*Table structure for table `teaching_method` */

DROP TABLE IF EXISTS `teaching_method`;

CREATE TABLE `teaching_method` (
  `id` int(11) NOT NULL AUTO_INCREMENT,
  `name` varchar(100) NOT NULL,
  `description` varchar(1024) DEFAULT NULL,
  `display_index` int(11) DEFAULT NULL,
  PRIMARY KEY (`id`),
  KEY `PK_teaching_method` (`id`)
) ENGINE=InnoDB AUTO_INCREMENT=6 DEFAULT CHARSET=latin1;

/*Data for the table `teaching_method` */

insert  into `teaching_method`(`id`,`name`,`description`,`display_index`) values (1,'Direct Instruction','Possibilities include: Structured Overview, Lecture, Explicit Teaching, Drill & Practice, Compare & Contrast, Didactic Questions, Demonstrations, Guided & Shared - reading, listening, viewing, thinking',1),(2,'Interactive Instruction','Possibilities include: Debates, Role Playing, Panels, Brainstorming, Peer Partner Learning, Discussion, Laboratory Groups, Think, Pair, Share, Cooperative Learning Groups, Jigsaw, Problem Solving, Structured Controversy, Tutorial Groups, Interviewing, Conferencing',2),(3,'Indirect Instruction','Possibilities include: Problem Solving, Case Studies, Reading for Meaning, Inquiry, Reflective Discussion, Writing to Inform, Concept Formation, Concept Mapping, Concept Attainment, Cloze Procedure',3),(4,'Independent Study','Possibilities include: Essays, Computer Assisted Instruction, Journals, Learning Logs, Reports, Learning Activity Packages, Correspondence Lessons, Learning Contracts, Homework, Research Projects, Assigned Questions, Learning Centers',4),(5,'Experiential Learning','Possibilities include: Field Trips, Narratives, Conducting Experiments, Simulations, Games, Storytelling, Focused Imaging, Field Observations, Role-playing, Model Building, Surveys, Studio Labs, Community Engaged Learning, Study Abroad, Community Service Learning, Undergraduate Research, Internships, Practicum, Apprenticeship and Field Courses',5);

/*Table structure for table `teaching_method_portion_option` */

DROP TABLE IF EXISTS `teaching_method_portion_option`;

CREATE TABLE `teaching_method_portion_option` (
  `id` int(11) NOT NULL AUTO_INCREMENT,
  `name` varchar(100) NOT NULL,
  `display_index` int(11) NOT NULL,
  `comparative_value` int(11) DEFAULT NULL,
  PRIMARY KEY (`id`),
  KEY `PK_teaching_method_portion_option` (`id`)
) ENGINE=InnoDB AUTO_INCREMENT=25 DEFAULT CHARSET=latin1;

/*Data for the table `teaching_method_portion_option` */

insert  into `teaching_method_portion_option`(`id`,`name`,`display_index`,`comparative_value`) values (4,'not at all',0,0),(22,'occasionally',1,1),(23,'about half the time',2,2),(24,'mostly',3,3);

/*Table structure for table `time` */

DROP TABLE IF EXISTS `time`;

CREATE TABLE `time` (
  `id` int(11) NOT NULL AUTO_INCREMENT,
  `name` varchar(100) NOT NULL,
  `display_index` int(11) NOT NULL,
  `option_display_index` int(11) DEFAULT NULL,
  PRIMARY KEY (`id`),
  KEY `PK_time` (`id`)
) ENGINE=InnoDB AUTO_INCREMENT=16 DEFAULT CHARSET=latin1;

/*Data for the table `time` */

insert  into `time`(`id`,`name`,`display_index`,`option_display_index`) values (5,'during their first year of undergraduate studies',1,1),(6,'during their second year of undergraduate studies',2,2),(7,'during their third year of undergraduate studies',3,3),(8,'during their fourth year of undergraduate studies',4,4),(12,'any time during undergraduate studies',5,5),(13,'during their first year of graduate studies',6,6),(14,'during their second year or after of graduate studies',7,7),(15,'any time during graduate studies',8,8);

/*Table structure for table `time_it_took` */

DROP TABLE IF EXISTS `time_it_took`;

CREATE TABLE `time_it_took` (
  `id` int(11) NOT NULL AUTO_INCREMENT,
  `name` varchar(100) NOT NULL,
  `display_index` int(11) NOT NULL,
  `calculation_value` int(11) DEFAULT NULL,
  PRIMARY KEY (`id`),
  KEY `pk_time_it_took` (`id`)
) ENGINE=InnoDB AUTO_INCREMENT=6 DEFAULT CHARSET=latin1;

/*Data for the table `time_it_took` */

insert  into `time_it_took`(`id`,`name`,`display_index`,`calculation_value`) values (1,'about 10 minutes',1,10),(2,'about 30 minutes',3,30),(3,'about an hour',4,60),(4,'more than an hour',5,100),(5,'about 20 minutes',2,20);

/*!40101 SET SQL_MODE=@OLD_SQL_MODE */;
/*!40014 SET FOREIGN_KEY_CHECKS=@OLD_FOREIGN_KEY_CHECKS */;
/*!40014 SET UNIQUE_CHECKS=@OLD_UNIQUE_CHECKS */;
/*!40111 SET SQL_NOTES=@OLD_SQL_NOTES */;
